Month,Customer,Region,SalesChannel,CustomerSegment,Product,Category,Qty,Price,Cost,CompetitorPrice,PriceIncreaseHistory,PromotionFlag,Revenue,TotalCost,Profit,MarginPct
2025-01,Customer 01,East Indonesia,Modern Trade,Distributor,SKU 06,Snack,832,22925,15078,23765,5%,N,19073600,12544896,6528704,0.3423
2025-01,Customer 01,East Indonesia,General Trade,Distributor,SKU 19,Personal Care,84,39096,25986,37623,0%,N,3284064,2182824,1101240,0.3353
2025-01,Customer 01,East Indonesia,Modern Trade,Distributor,SKU 02,Beverage,758,9345,6657,10142,0%,N,7083510,5046006,2037504,0.2876
2025-01,Customer 01,East Indonesia,General Trade,Distributor,SKU 08,Snack,1074,32172,26095,32427,8%,N,34552728,28026030,6526698,0.1889
2025-01,Customer 01,East Indonesia,General Trade,Distributor,SKU 01,Beverage,238,23957,15218,21918,5%,N,5701766,3621884,2079882,0.3648
2025-01,Customer 01,East Indonesia,General Trade,Distributor,SKU 11,Dairy,702,8918,7168,9326,0%,N,6260436,5031936,1228500,0.1962
2025-01,Customer 01,East Indonesia,Online,Distributor,SKU 13,Frozen,282,10685,8855,10576,0%,Y,3013170,2497110,516060,0.1713
2025-01,Customer 01,East Indonesia,Online,Distributor,SKU 20,Personal Care,860,14924,11333,14841,3%,Y,12834640,9746380,3088260,0.2406
2025-01,Customer 02,Central Indonesia,Modern Trade,Key Account,SKU 02,Beverage,578,8260,5554,8969,3%,N,4774280,3210212,1564068,0.3276
2025-01,Customer 02,Central Indonesia,Modern Trade,Key Account,SKU 17,Personal Care,700,25390,16620,27336,0%,N,17773000,11634000,6139000,0.3454
2025-01,Customer 02,Central Indonesia,Modern Trade,Key Account,SKU 06,Snack,240,23299,15307,24780,0%,N,5591760,3673680,1918080,0.343
2025-01,Customer 02,Central Indonesia,Modern Trade,Key Account,SKU 11,Dairy,703,9661,7469,9166,0%,Y,6791683,5250707,1540976,0.2269
2025-01,Customer 02,Central Indonesia,Modern Trade,Key Account,SKU 13,Frozen,1195,9706,6439,10087,0%,N,11598670,7694605,3904065,0.3366
2025-01,Customer 02,Central Indonesia,General Trade,Key Account,SKU 08,Snack,1008,27741,20872,25252,8%,N,27962928,21038976,6923952,0.2476
2025-01,Customer 02,Central Indonesia,Modern Trade,Key Account,SKU 20,Personal Care,1134,14371,12163,14865,0%,N,16296714,13792842,2503872,0.1536
2025-01,Customer 02,Central Indonesia,Online,Key Account,SKU 04,Beverage,822,20219,14508,19809,5%,N,16620018,11925576,4694442,0.2825
2025-01,Customer 03,West Indonesia,General Trade,Distributor,SKU 20,Personal Care,314,14764,11874,14851,0%,N,4635896,3728436,907460,0.1957
2025-01,Customer 03,West Indonesia,Modern Trade,Distributor,SKU 15,Frozen,506,48754,36968,47283,5%,N,24669524,18705808,5963716,0.2417
2025-01,Customer 03,West Indonesia,Online,Distributor,SKU 05,Snack,202,14047,11545,15270,3%,N,2837494,2332090,505404,0.1781
2025-01,Customer 03,West Indonesia,General Trade,Distributor,SKU 13,Frozen,305,9613,6011,8661,0%,Y,2931965,1833355,1098610,0.3747
2025-01,Customer 03,West Indonesia,Modern Trade,Distributor,SKU 08,Snack,877,29714,25215,26850,0%,N,26059178,22113555,3945623,0.1514
2025-01,Customer 03,West Indonesia,General Trade,Distributor,SKU 02,Beverage,453,8587,6316,8821,3%,N,3889911,2861148,1028763,0.2645
2025-01,Customer 03,West Indonesia,General Trade,Distributor,SKU 11,Dairy,281,9519,7834,10080,3%,N,2674839,2201354,473485,0.177
2025-01,Customer 03,West Indonesia,General Trade,Distributor,SKU 01,Beverage,1017,25181,16557,25543,0%,N,25609077,16838469,8770608,0.3425
2025-01,Customer 04,West Indonesia,Modern Trade,Distributor,SKU 19,Personal Care,619,37843,28099,38713,0%,N,23424817,17393281,6031536,0.2575
2025-01,Customer 04,West Indonesia,General Trade,Distributor,SKU 02,Beverage,205,8569,5832,7946,3%,N,1756645,1195560,561085,0.3194
2025-01,Customer 04,West Indonesia,General Trade,Distributor,SKU 11,Dairy,814,9560,6348,8760,3%,Y,7781840,5167272,2614568,0.336
2025-01,Customer 04,West Indonesia,General Trade,Distributor,SKU 17,Personal Care,69,26181,20303,28223,0%,N,1806489,1400907,405582,0.2245
2025-01,Customer 04,West Indonesia,Modern Trade,Distributor,SKU 10,Dairy,890,48606,37329,45252,5%,N,43259340,33222810,10036530,0.232
2025-01,Customer 04,West Indonesia,General Trade,Distributor,SKU 15,Frozen,623,42377,25821,41192,0%,Y,26400871,16086483,10314388,0.3907
2025-01,Customer 04,West Indonesia,General Trade,Distributor,SKU 12,Dairy,1134,8448,7107,9025,0%,Y,9580032,8059338,1520694,0.1587
2025-01,Customer 04,West Indonesia,Online,Distributor,SKU 07,Snack,923,46187,36096,46337,5%,N,42630601,33316608,9313993,0.2185
2025-01,Customer 04,West Indonesia,Modern Trade,Distributor,SKU 04,Beverage,887,19078,14995,17873,0%,Y,16922186,13300565,3621621,0.214
2025-01,Customer 04,West Indonesia,Modern Trade,Distributor,SKU 20,Personal Care,1070,13378,11087,12681,0%,Y,14314460,11863090,2451370,0.1713
2025-01,Customer 04,West Indonesia,General Trade,Distributor,SKU 18,Personal Care,953,29789,23368,30454,0%,N,28388917,22269704,6119213,0.2155
2025-01,Customer 05,East Indonesia,General Trade,Retailer,SKU 06,Snack,817,26573,19272,27550,8%,N,21710141,15745224,5964917,0.2748
2025-01,Customer 05,East Indonesia,Online,Retailer,SKU 08,Snack,309,27692,20670,28110,3%,N,8556828,6387030,2169798,0.2536
2025-01,Customer 05,East Indonesia,Modern Trade,Retailer,SKU 02,Beverage,1014,8924,7454,9747,0%,N,9048936,7558356,1490580,0.1647
2025-01,Customer 05,East Indonesia,Modern Trade,Retailer,SKU 03,Beverage,449,44050,30584,45091,3%,N,19778450,13732216,6046234,0.3057
2025-01,Customer 05,East Indonesia,General Trade,Retailer,SKU 09,Dairy,659,25348,15356,24242,3%,Y,16704332,10119604,6584728,0.3942
2025-01,Customer 05,East Indonesia,General Trade,Retailer,SKU 16,Frozen,1157,50037,39217,47855,5%,Y,57892809,45374069,12518740,0.2162
2025-01,Customer 05,East Indonesia,Modern Trade,Retailer,SKU 13,Frozen,242,10559,8266,10031,5%,N,2555278,2000372,554906,0.2172
2025-01,Customer 05,East Indonesia,General Trade,Retailer,SKU 07,Snack,86,43303,33341,41035,0%,N,3724058,2867326,856732,0.2301
2025-01,Customer 05,East Indonesia,Online,Retailer,SKU 12,Dairy,650,9227,6274,9022,8%,Y,5997550,4078100,1919450,0.32
2025-01,Customer 05,East Indonesia,General Trade,Retailer,SKU 11,Dairy,125,9460,7938,9426,0%,N,1182500,992250,190250,0.1609
2025-01,Customer 05,East Indonesia,General Trade,Retailer,SKU 10,Dairy,1151,47465,32379,49860,5%,N,54632215,37268229,17363986,0.3178
2025-01,Customer 05,East Indonesia,Online,Retailer,SKU 17,Personal Care,159,27330,23054,24902,0%,N,4345470,3665586,679884,0.1565
2025-01,Customer 05,East Indonesia,General Trade,Retailer,SKU 04,Beverage,712,20729,16002,22249,0%,N,14759048,11393424,3365624,0.228
2025-01,Customer 05,East Indonesia,Modern Trade,Retailer,SKU 18,Personal Care,220,27309,22474,27381,3%,N,6007980,4944280,1063700,0.177
2025-01,Customer 05,East Indonesia,General Trade,Retailer,SKU 01,Beverage,553,22792,18847,22109,0%,N,12603976,10422391,2181585,0.1731
2025-01,Customer 06,West Indonesia,General Trade,Distributor,SKU 06,Snack,879,24962,17700,27347,0%,N,21941598,15558300,6383298,0.2909
2025-01,Customer 06,West Indonesia,Modern Trade,Distributor,SKU 15,Frozen,130,46022,39037,46517,0%,N,5982860,5074810,908050,0.1518
2025-01,Customer 06,West Indonesia,Online,Distributor,SKU 14,Frozen,710,13815,11450,12593,0%,N,9808650,8129500,1679150,0.1712
2025-01,Customer 06,West Indonesia,General Trade,Distributor,SKU 11,Dairy,425,9340,6043,9066,0%,N,3969500,2568275,1401225,0.353
2025-01,Customer 06,West Indonesia,Modern Trade,Distributor,SKU 05,Snack,90,13717,9784,13112,3%,N,1234530,880560,353970,0.2867
2025-01,Customer 06,West Indonesia,General Trade,Distributor,SKU 17,Personal Care,807,24187,20020,26362,3%,N,19518909,16156140,3362769,0.1723
2025-01,Customer 06,West Indonesia,General Trade,Distributor,SKU 01,Beverage,502,22206,18190,20717,5%,N,11147412,9131380,2016032,0.1809
2025-01,Customer 06,West Indonesia,General Trade,Distributor,SKU 18,Personal Care,196,29933,19085,29219,5%,N,5866868,3740660,2126208,0.3624
2025-01,Customer 06,West Indonesia,Modern Trade,Distributor,SKU 09,Dairy,155,23695,15836,25423,8%,N,3672725,2454580,1218145,0.3317
2025-01,Customer 06,West Indonesia,Online,Distributor,SKU 08,Snack,826,30227,23947,32340,0%,N,24967502,19780222,5187280,0.2078
2025-01,Customer 06,West Indonesia,Modern Trade,Distributor,SKU 04,Beverage,50,20684,15544,21394,0%,N,1034200,777200,257000,0.2485
2025-01,Customer 07,West Indonesia,General Trade,Key Account,SKU 15,Frozen,861,46611,35385,42798,0%,N,40132071,30466485,9665586,0.2408
2025-01,Customer 07,West Indonesia,General Trade,Key Account,SKU 10,Dairy,1041,52314,35285,54381,0%,N,54458874,36731685,17727189,0.3255
2025-01,Customer 07,West Indonesia,Online,Key Account,SKU 04,Beverage,840,18538,13250,18510,3%,N,15571920,11130000,4441920,0.2853
2025-01,Customer 07,West Indonesia,Modern Trade,Key Account,SKU 18,Personal Care,161,26120,16508,24233,0%,N,4205320,2657788,1547532,0.368
2025-01,Customer 07,West Indonesia,General Trade,Key Account,SKU 19,Personal Care,332,39022,28036,36464,0%,Y,12955304,9307952,3647352,0.2815
2025-01,Customer 07,West Indonesia,Modern Trade,Key Account,SKU 08,Snack,1086,29219,20070,29503,0%,N,31731834,21796020,9935814,0.3131
2025-01,Customer 07,West Indonesia,General Trade,Key Account,SKU 13,Frozen,1127,10206,7408,9265,3%,N,11502162,8348816,3153346,0.2742
2025-01,Customer 07,West Indonesia,Modern Trade,Key Account,SKU 14,Frozen,290,13335,8524,12008,0%,N,3867150,2471960,1395190,0.3608
2025-01,Customer 07,West Indonesia,Modern Trade,Key Account,SKU 20,Personal Care,774,14480,12033,15232,3%,N,11207520,9313542,1893978,0.169
2025-01,Customer 07,West Indonesia,General Trade,Key Account,SKU 16,Frozen,720,43689,28970,47142,0%,N,31456080,20858400,10597680,0.3369
2025-01,Customer 07,West Indonesia,Modern Trade,Key Account,SKU 09,Dairy,861,24148,15952,23555,0%,Y,20791428,13734672,7056756,0.3394
2025-01,Customer 07,West Indonesia,Online,Key Account,SKU 11,Dairy,136,9417,5932,9593,5%,N,1280712,806752,473960,0.3701
2025-01,Customer 07,West Indonesia,General Trade,Key Account,SKU 05,Snack,159,14218,10607,14382,3%,N,2260662,1686513,574149,0.254
2025-01,Customer 07,West Indonesia,General Trade,Key Account,SKU 17,Personal Care,477,24903,20542,23629,0%,N,11878731,9798534,2080197,0.1751
2025-01,Customer 07,West Indonesia,General Trade,Key Account,SKU 06,Snack,716,23757,16424,25423,5%,Y,17010012,11759584,5250428,0.3087
2025-01,Customer 08,Central Indonesia,Modern Trade,Distributor,SKU 17,Personal Care,223,26670,17249,26272,0%,N,5947410,3846527,2100883,0.3532
2025-01,Customer 08,Central Indonesia,Modern Trade,Distributor,SKU 10,Dairy,612,50717,40165,50778,0%,N,31038804,24580980,6457824,0.2081
2025-01,Customer 08,Central Indonesia,Modern Trade,Distributor,SKU 07,Snack,310,41953,28702,38289,0%,N,13005430,8897620,4107810,0.3159
2025-01,Customer 08,Central Indonesia,Modern Trade,Distributor,SKU 13,Frozen,372,9830,5904,9777,5%,N,3656760,2196288,1460472,0.3994
2025-01,Customer 08,Central Indonesia,Online,Distributor,SKU 19,Personal Care,1177,39214,31671,36267,8%,N,46154878,37276767,8878111,0.1924
2025-01,Customer 08,Central Indonesia,General Trade,Distributor,SKU 15,Frozen,642,44933,37366,40871,5%,N,28846986,23988972,4858014,0.1684
2025-01,Customer 08,Central Indonesia,Modern Trade,Distributor,SKU 01,Beverage,321,24935,20104,23616,8%,N,8004135,6453384,1550751,0.1937
2025-01,Customer 08,Central Indonesia,General Trade,Distributor,SKU 20,Personal Care,655,15264,10655,15078,0%,N,9997920,6979025,3018895,0.302
2025-01,Customer 08,Central Indonesia,General Trade,Distributor,SKU 14,Frozen,474,13395,9506,13007,0%,N,6349230,4505844,1843386,0.2903
2025-01,Customer 08,Central Indonesia,Modern Trade,Distributor,SKU 12,Dairy,876,9339,7060,10160,0%,N,8180964,6184560,1996404,0.244
2025-01,Customer 08,Central Indonesia,General Trade,Distributor,SKU 11,Dairy,1096,10271,7434,10421,5%,N,11257016,8147664,3109352,0.2762
2025-01,Customer 08,Central Indonesia,Modern Trade,Distributor,SKU 16,Frozen,1078,45289,35596,45922,5%,N,48821542,38372488,10449054,0.214
2025-01,Customer 08,Central Indonesia,Modern Trade,Distributor,SKU 02,Beverage,921,8297,6090,8225,0%,N,7641537,5608890,2032647,0.266
2025-01,Customer 08,Central Indonesia,Modern Trade,Distributor,SKU 06,Snack,96,24488,19418,24970,3%,N,2350848,1864128,486720,0.207
2025-01,Customer 08,Central Indonesia,Modern Trade,Distributor,SKU 18,Personal Care,118,29220,24538,27626,0%,N,3447960,2895484,552476,0.1602
2025-01,Customer 09,West Indonesia,Online,Key Account,SKU 07,Snack,834,44838,28172,47877,8%,Y,37394892,23495448,13899444,0.3717
2025-01,Customer 09,West Indonesia,Modern Trade,Key Account,SKU 06,Snack,620,23766,17871,24926,5%,N,14734920,11080020,3654900,0.248
2025-01,Customer 09,West Indonesia,Online,Key Account,SKU 03,Beverage,993,43309,30473,46972,0%,N,43005837,30259689,12746148,0.2964
2025-01,Customer 09,West Indonesia,General Trade,Key Account,SKU 10,Dairy,399,48714,31963,45214,0%,Y,19436886,12753237,6683649,0.3439
2025-01,Customer 09,West Indonesia,General Trade,Key Account,SKU 17,Personal Care,765,23661,16039,22608,0%,N,18100665,12269835,5830830,0.3221
2025-01,Customer 09,West Indonesia,Modern Trade,Key Account,SKU 02,Beverage,1130,8403,7060,8259,8%,Y,9495390,7977800,1517590,0.1598
2025-01,Customer 09,West Indonesia,Modern Trade,Key Account,SKU 09,Dairy,614,23252,15752,22911,0%,N,14276728,9671728,4605000,0.3226
2025-01,Customer 09,West Indonesia,General Trade,Key Account,SKU 16,Frozen,724,44852,27321,45433,5%,Y,32472848,19780404,12692444,0.3909
2025-01,Customer 09,West Indonesia,Modern Trade,Key Account,SKU 05,Snack,1067,14320,10169,14490,0%,Y,15279440,10850323,4429117,0.2899
2025-01,Customer 09,West Indonesia,Modern Trade,Key Account,SKU 19,Personal Care,981,34200,26960,36918,5%,N,33550200,26447760,7102440,0.2117
2025-01,Customer 10,West Indonesia,General Trade,Key Account,SKU 04,Beverage,146,20791,15609,22714,0%,N,3035486,2278914,756572,0.2492
2025-01,Customer 10,West Indonesia,Modern Trade,Key Account,SKU 02,Beverage,966,8566,7059,7855,0%,N,8274756,6818994,1455762,0.1759
2025-01,Customer 10,West Indonesia,Online,Key Account,SKU 10,Dairy,971,49742,35085,52900,0%,N,48299482,34067535,14231947,0.2947
2025-01,Customer 10,West Indonesia,General Trade,Key Account,SKU 16,Frozen,762,47869,31929,47001,0%,N,36476178,24329898,12146280,0.333
2025-01,Customer 10,West Indonesia,General Trade,Key Account,SKU 14,Frozen,996,12713,10725,11732,8%,N,12662148,10682100,1980048,0.1564
2025-01,Customer 10,West Indonesia,General Trade,Key Account,SKU 05,Snack,178,13539,9764,14193,0%,N,2409942,1737992,671950,0.2788
2025-01,Customer 10,West Indonesia,Modern Trade,Key Account,SKU 12,Dairy,547,9448,6910,9017,8%,Y,5168056,3779770,1388286,0.2686
2025-01,Customer 10,West Indonesia,General Trade,Key Account,SKU 17,Personal Care,91,25881,17301,26664,0%,N,2355171,1574391,780780,0.3315
2025-01,Customer 10,West Indonesia,Online,Key Account,SKU 06,Snack,394,23406,19310,23862,3%,N,9221964,7608140,1613824,0.175
2025-01,Customer 10,West Indonesia,Modern Trade,Key Account,SKU 13,Frozen,508,10555,8544,11126,0%,N,5361940,4340352,1021588,0.1905
2025-01,Customer 10,West Indonesia,Modern Trade,Key Account,SKU 11,Dairy,874,9050,7174,9660,8%,N,7909700,6270076,1639624,0.2073
2025-01,Customer 10,West Indonesia,General Trade,Key Account,SKU 15,Frozen,237,44331,32875,45782,3%,N,10506447,7791375,2715072,0.2584
2025-01,Customer 10,West Indonesia,Modern Trade,Key Account,SKU 20,Personal Care,806,13848,10368,13837,0%,N,11161488,8356608,2804880,0.2513
2025-01,Customer 10,West Indonesia,Modern Trade,Key Account,SKU 03,Beverage,204,45967,31537,45165,3%,N,9377268,6433548,2943720,0.3139
2025-01,Customer 11,West Indonesia,General Trade,Retailer,SKU 13,Frozen,391,10820,8673,11236,0%,N,4230620,3391143,839477,0.1984
2025-01,Customer 11,West Indonesia,Modern Trade,Retailer,SKU 04,Beverage,1171,19736,15261,20406,3%,Y,23110856,17870631,5240225,0.2267
2025-01,Customer 11,West Indonesia,Online,Retailer,SKU 08,Snack,453,28430,21094,25780,0%,N,12878790,9555582,3323208,0.258
2025-01,Customer 11,West Indonesia,General Trade,Retailer,SKU 11,Dairy,742,9088,6411,9533,0%,Y,6743296,4756962,1986334,0.2946
2025-01,Customer 11,West Indonesia,Modern Trade,Retailer,SKU 20,Personal Care,669,13329,9984,12317,3%,Y,8917101,6679296,2237805,0.251
2025-01,Customer 11,West Indonesia,General Trade,Retailer,SKU 15,Frozen,992,45386,31821,48145,3%,N,45022912,31566432,13456480,0.2989
2025-01,Customer 11,West Indonesia,Online,Retailer,SKU 09,Dairy,777,24100,17031,23702,8%,N,18725700,13233087,5492613,0.2933
2025-01,Customer 11,West Indonesia,Online,Retailer,SKU 10,Dairy,302,52033,38100,55142,0%,N,15713966,11506200,4207766,0.2678
2025-01,Customer 12,West Indonesia,Modern Trade,Key Account,SKU 20,Personal Care,484,13285,11251,12977,0%,N,6429940,5445484,984456,0.1531
2025-01,Customer 12,West Indonesia,Online,Key Account,SKU 08,Snack,110,28806,21522,31019,8%,N,3168660,2367420,801240,0.2529
2025-01,Customer 12,West Indonesia,Modern Trade,Key Account,SKU 11,Dairy,277,9169,7773,9980,3%,N,2539813,2153121,386692,0.1523
2025-01,Customer 12,West Indonesia,Modern Trade,Key Account,SKU 02,Beverage,1189,8401,5503,8870,0%,N,9988789,6543067,3445722,0.345
2025-01,Customer 12,West Indonesia,General Trade,Key Account,SKU 14,Frozen,1128,12706,9269,12769,0%,N,14332368,10455432,3876936,0.2705
2025-01,Customer 12,West Indonesia,General Trade,Key Account,SKU 03,Beverage,906,47605,30394,44981,0%,N,43130130,27536964,15593166,0.3615
2025-01,Customer 12,West Indonesia,General Trade,Key Account,SKU 13,Frozen,381,11092,9040,10850,0%,N,4226052,3444240,781812,0.185
2025-01,Customer 12,West Indonesia,Modern Trade,Key Account,SKU 06,Snack,977,26250,15982,28515,0%,N,25646250,15614414,10031836,0.3912
2025-01,Customer 12,West Indonesia,General Trade,Key Account,SKU 01,Beverage,1206,23310,15499,23290,0%,Y,28111860,18691794,9420066,0.3351
2025-01,Customer 12,West Indonesia,Modern Trade,Key Account,SKU 05,Snack,1030,15165,12857,16326,8%,N,15619950,13242710,2377240,0.1522
2025-01,Customer 12,West Indonesia,Modern Trade,Key Account,SKU 04,Beverage,1121,19833,14704,21334,3%,N,22232793,16483184,5749609,0.2586
2025-01,Customer 12,West Indonesia,Modern Trade,Key Account,SKU 07,Snack,405,42716,27342,40483,0%,N,17299980,11073510,6226470,0.3599
2025-01,Customer 12,West Indonesia,Online,Key Account,SKU 18,Personal Care,474,26388,21648,26205,0%,N,12507912,10261152,2246760,0.1796
2025-01,Customer 13,West Indonesia,Modern Trade,Distributor,SKU 06,Snack,640,24580,19910,23004,5%,N,15731200,12742400,2988800,0.19
2025-01,Customer 13,West Indonesia,Modern Trade,Distributor,SKU 03,Beverage,972,47545,29333,49524,3%,Y,46213740,28511676,17702064,0.383
2025-01,Customer 13,West Indonesia,Online,Distributor,SKU 20,Personal Care,760,13377,8275,14688,0%,N,10166520,6289000,3877520,0.3814
2025-01,Customer 13,West Indonesia,Modern Trade,Distributor,SKU 05,Snack,818,13420,10595,12137,0%,N,10977560,8666710,2310850,0.2105
2025-01,Customer 13,West Indonesia,Modern Trade,Distributor,SKU 17,Personal Care,1003,24555,14739,24400,0%,N,24628665,14783217,9845448,0.3998
2025-01,Customer 13,West Indonesia,Modern Trade,Distributor,SKU 10,Dairy,88,49302,39761,52654,0%,N,4338576,3498968,839608,0.1935
2025-01,Customer 13,West Indonesia,General Trade,Distributor,SKU 08,Snack,905,32182,19561,34817,8%,N,29124710,17702705,11422005,0.3922
2025-01,Customer 13,West Indonesia,Modern Trade,Distributor,SKU 09,Dairy,623,25537,16790,23142,0%,N,15909551,10460170,5449381,0.3425
2025-01,Customer 13,West Indonesia,Modern Trade,Distributor,SKU 01,Beverage,545,23693,19950,25439,5%,N,12912685,10872750,2039935,0.158
2025-01,Customer 13,West Indonesia,Modern Trade,Distributor,SKU 16,Frozen,249,48140,30463,52191,5%,N,11986860,7585287,4401573,0.3672
2025-01,Customer 13,West Indonesia,General Trade,Distributor,SKU 19,Personal Care,789,34446,21745,33965,0%,N,27177894,17156805,10021089,0.3687
2025-01,Customer 13,West Indonesia,General Trade,Distributor,SKU 12,Dairy,781,8884,5927,8547,0%,N,6938404,4628987,2309417,0.3328
2025-01,Customer 13,West Indonesia,Online,Distributor,SKU 15,Frozen,325,47141,32946,49233,5%,N,15320825,10707450,4613375,0.3011
2025-01,Customer 13,West Indonesia,General Trade,Distributor,SKU 13,Frozen,152,11113,8680,10326,3%,Y,1689176,1319360,369816,0.2189
2025-01,Customer 13,West Indonesia,Modern Trade,Distributor,SKU 14,Frozen,646,13273,8661,14005,0%,N,8574358,5595006,2979352,0.3475
2025-01,Customer 14,West Indonesia,Online,Key Account,SKU 17,Personal Care,368,26412,16055,24045,3%,N,9719616,5908240,3811376,0.3921
2025-01,Customer 14,West Indonesia,Modern Trade,Key Account,SKU 15,Frozen,1166,44642,35879,48167,5%,N,52052572,41834914,10217658,0.1963
2025-01,Customer 14,West Indonesia,Modern Trade,Key Account,SKU 05,Snack,462,14221,8677,14046,3%,N,6570102,4008774,2561328,0.3898
2025-01,Customer 14,West Indonesia,Modern Trade,Key Account,SKU 03,Beverage,965,46004,34684,45729,5%,N,44393860,33470060,10923800,0.2461
2025-01,Customer 14,West Indonesia,General Trade,Key Account,SKU 19,Personal Care,360,37624,27260,39273,8%,N,13544640,9813600,3731040,0.2755
2025-01,Customer 14,West Indonesia,Modern Trade,Key Account,SKU 08,Snack,929,29929,18567,28256,0%,N,27804041,17248743,10555298,0.3796
2025-01,Customer 14,West Indonesia,General Trade,Key Account,SKU 14,Frozen,959,13231,10810,13873,0%,N,12688529,10366790,2321739,0.183
2025-01,Customer 14,West Indonesia,General Trade,Key Account,SKU 11,Dairy,585,9692,7131,9862,0%,Y,5669820,4171635,1498185,0.2642
2025-01,Customer 15,West Indonesia,Modern Trade,Retailer,SKU 11,Dairy,996,9487,6907,8669,0%,N,9449052,6879372,2569680,0.272
2025-01,Customer 15,West Indonesia,Modern Trade,Retailer,SKU 17,Personal Care,433,25344,18468,25815,0%,Y,10973952,7996644,2977308,0.2713
2025-01,Customer 15,West Indonesia,Modern Trade,Retailer,SKU 19,Personal Care,77,35273,26955,37202,8%,Y,2716021,2075535,640486,0.2358
2025-01,Customer 15,West Indonesia,Modern Trade,Retailer,SKU 09,Dairy,338,23008,14227,23098,5%,N,7776704,4808726,2967978,0.3816
2025-01,Customer 15,West Indonesia,General Trade,Retailer,SKU 01,Beverage,183,22838,17226,21317,0%,Y,4179354,3152358,1026996,0.2457
2025-01,Customer 15,West Indonesia,General Trade,Retailer,SKU 08,Snack,741,30747,22096,32626,5%,N,22783527,16373136,6410391,0.2814
2025-01,Customer 15,West Indonesia,Online,Retailer,SKU 18,Personal Care,674,27946,17006,25838,0%,N,18835604,11462044,7373560,0.3915
2025-01,Customer 15,West Indonesia,Online,Retailer,SKU 05,Snack,1082,13402,9556,12909,0%,N,14500964,10339592,4161372,0.287
2025-01,Customer 15,West Indonesia,General Trade,Retailer,SKU 12,Dairy,543,8625,6209,7792,8%,N,4683375,3371487,1311888,0.2801
2025-01,Customer 15,West Indonesia,General Trade,Retailer,SKU 16,Frozen,1120,46846,34146,48409,0%,Y,52467520,38243520,14224000,0.2711
2025-01,Customer 15,West Indonesia,General Trade,Retailer,SKU 14,Frozen,359,13746,8941,15037,3%,Y,4934814,3209819,1724995,0.3496
2025-01,Customer 16,Central Indonesia,Modern Trade,Retailer,SKU 19,Personal Care,1082,35023,26782,36082,3%,Y,37894886,28978124,8916762,0.2353
2025-01,Customer 16,Central Indonesia,Online,Retailer,SKU 20,Personal Care,1067,14637,9946,16081,0%,N,15617679,10612382,5005297,0.3205
2025-01,Customer 16,Central Indonesia,General Trade,Retailer,SKU 03,Beverage,542,43271,32999,46954,8%,N,23452882,17885458,5567424,0.2374
2025-01,Customer 16,Central Indonesia,General Trade,Retailer,SKU 04,Beverage,449,20202,14321,18667,0%,N,9070698,6430129,2640569,0.2911
2025-01,Customer 16,Central Indonesia,General Trade,Retailer,SKU 13,Frozen,1147,10210,7137,9982,0%,N,11710870,8186139,3524731,0.301
2025-01,Customer 16,Central Indonesia,General Trade,Retailer,SKU 08,Snack,342,28654,17716,29617,0%,N,9799668,6058872,3740796,0.3817
2025-01,Customer 16,Central Indonesia,General Trade,Retailer,SKU 17,Personal Care,1084,25741,21567,27873,0%,N,27903244,23378628,4524616,0.1622
2025-01,Customer 16,Central Indonesia,General Trade,Retailer,SKU 09,Dairy,355,24331,17844,25619,3%,N,8637505,6334620,2302885,0.2666
2025-01,Customer 16,Central Indonesia,Modern Trade,Retailer,SKU 16,Frozen,947,47348,38143,51104,8%,Y,44838556,36121421,8717135,0.1944
2025-01,Customer 16,Central Indonesia,General Trade,Retailer,SKU 12,Dairy,770,8600,5583,8074,3%,Y,6622000,4298910,2323090,0.3508
2025-01,Customer 16,Central Indonesia,General Trade,Retailer,SKU 11,Dairy,425,9351,6328,9424,3%,N,3974175,2689400,1284775,0.3233
2025-01,Customer 16,Central Indonesia,Modern Trade,Retailer,SKU 10,Dairy,51,47304,33273,44287,0%,N,2412504,1696923,715581,0.2966
2025-01,Customer 16,Central Indonesia,General Trade,Retailer,SKU 14,Frozen,965,12639,8516,11843,0%,N,12196635,8217940,3978695,0.3262
2025-01,Customer 16,Central Indonesia,General Trade,Retailer,SKU 07,Snack,612,48458,36363,52181,0%,N,29656296,22254156,7402140,0.2496
2025-01,Customer 16,Central Indonesia,Online,Retailer,SKU 01,Beverage,59,22556,15567,23773,0%,N,1330804,918453,412351,0.3099
2025-01,Customer 17,West Indonesia,General Trade,Key Account,SKU 15,Frozen,860,46859,35227,44346,3%,N,40298740,30295220,10003520,0.2482
2025-01,Customer 17,West Indonesia,General Trade,Key Account,SKU 06,Snack,977,26789,16987,26276,3%,N,26172853,16596299,9576554,0.3659
2025-01,Customer 17,West Indonesia,Modern Trade,Key Account,SKU 08,Snack,512,32317,20427,33766,0%,N,16546304,10458624,6087680,0.3679
2025-01,Customer 17,West Indonesia,General Trade,Key Account,SKU 12,Dairy,1063,8439,6424,8272,0%,N,8970657,6828712,2141945,0.2388
2025-01,Customer 17,West Indonesia,Modern Trade,Key Account,SKU 13,Frozen,1056,9714,7088,10297,0%,N,10257984,7484928,2773056,0.2703
2025-01,Customer 17,West Indonesia,Modern Trade,Key Account,SKU 11,Dairy,116,9736,6631,10066,3%,N,1129376,769196,360180,0.3189
2025-01,Customer 17,West Indonesia,General Trade,Key Account,SKU 05,Snack,406,14142,9664,12978,3%,N,5741652,3923584,1818068,0.3166
2025-01,Customer 17,West Indonesia,Modern Trade,Key Account,SKU 14,Frozen,1074,12609,8856,13420,0%,Y,13542066,9511344,4030722,0.2976
2025-01,Customer 17,West Indonesia,Modern Trade,Key Account,SKU 17,Personal Care,1037,25465,17714,27879,3%,Y,26407205,18369418,8037787,0.3044
2025-01,Customer 17,West Indonesia,Modern Trade,Key Account,SKU 01,Beverage,416,22819,17522,21710,5%,N,9492704,7289152,2203552,0.2321
2025-01,Customer 17,West Indonesia,General Trade,Key Account,SKU 16,Frozen,1070,49649,39496,45043,0%,N,53124430,42260720,10863710,0.2045
2025-01,Customer 18,East Indonesia,Modern Trade,Key Account,SKU 17,Personal Care,614,23998,19303,25812,5%,N,14734772,11852042,2882730,0.1956
2025-01,Customer 18,East Indonesia,Modern Trade,Key Account,SKU 16,Frozen,1088,45713,28352,42728,0%,N,49735744,30846976,18888768,0.3798
2025-01,Customer 18,East Indonesia,Online,Key Account,SKU 12,Dairy,317,9221,5838,10000,3%,N,2923057,1850646,1072411,0.3669
2025-01,Customer 18,East Indonesia,Online,Key Account,SKU 05,Snack,877,15016,10201,15992,0%,N,13169032,8946277,4222755,0.3207
2025-01,Customer 18,East Indonesia,Online,Key Account,SKU 18,Personal Care,973,25662,16264,25916,0%,N,24969126,15824872,9144254,0.3662
2025-01,Customer 18,East Indonesia,Modern Trade,Key Account,SKU 08,Snack,596,29991,21289,30835,3%,N,17874636,12688244,5186392,0.2902
2025-01,Customer 18,East Indonesia,General Trade,Key Account,SKU 15,Frozen,1142,44827,31227,42063,0%,N,51192434,35661234,15531200,0.3034
2025-01,Customer 18,East Indonesia,Online,Key Account,SKU 06,Snack,744,23091,17866,21886,0%,Y,17179704,13292304,3887400,0.2263
2025-01,Customer 18,East Indonesia,General Trade,Key Account,SKU 13,Frozen,240,10041,6470,10278,0%,N,2409840,1552800,857040,0.3556
2025-01,Customer 19,West Indonesia,Modern Trade,Distributor,SKU 01,Beverage,797,22880,18076,23041,0%,N,18235360,14406572,3828788,0.21
2025-01,Customer 19,West Indonesia,Modern Trade,Distributor,SKU 13,Frozen,293,10648,6918,9673,0%,N,3119864,2026974,1092890,0.3503
2025-01,Customer 19,West Indonesia,Modern Trade,Distributor,SKU 12,Dairy,447,8704,7059,8683,0%,Y,3890688,3155373,735315,0.189
2025-01,Customer 19,West Indonesia,Modern Trade,Distributor,SKU 16,Frozen,648,47006,32620,46624,5%,N,30459888,21137760,9322128,0.306
2025-01,Customer 19,West Indonesia,Online,Distributor,SKU 09,Dairy,155,22493,17199,23882,0%,Y,3486415,2665845,820570,0.2354
2025-01,Customer 19,West Indonesia,General Trade,Distributor,SKU 10,Dairy,293,45464,37527,46711,5%,N,13320952,10995411,2325541,0.1746
2025-01,Customer 19,West Indonesia,General Trade,Distributor,SKU 08,Snack,250,28653,23562,30844,8%,Y,7163250,5890500,1272750,0.1777
2025-01,Customer 19,West Indonesia,Modern Trade,Distributor,SKU 14,Frozen,137,13694,8359,14286,0%,Y,1876078,1145183,730895,0.3896
2025-01,Customer 19,West Indonesia,Modern Trade,Distributor,SKU 11,Dairy,718,8965,6518,8896,8%,N,6436870,4679924,1756946,0.273
2025-01,Customer 19,West Indonesia,Modern Trade,Distributor,SKU 18,Personal Care,552,26370,16969,27215,0%,N,14556240,9366888,5189352,0.3565
2025-01,Customer 19,West Indonesia,General Trade,Distributor,SKU 17,Personal Care,1049,25627,21135,24232,3%,N,26882723,22170615,4712108,0.1753
2025-01,Customer 19,West Indonesia,General Trade,Distributor,SKU 03,Beverage,1020,43361,32683,44608,0%,N,44228220,33336660,10891560,0.2463
2025-01,Customer 20,West Indonesia,General Trade,Retailer,SKU 14,Frozen,845,12829,10674,12818,8%,Y,10840505,9019530,1820975,0.168
2025-01,Customer 20,West Indonesia,General Trade,Retailer,SKU 07,Snack,172,47478,38710,51455,5%,N,8166216,6658120,1508096,0.1847
2025-01,Customer 20,West Indonesia,General Trade,Retailer,SKU 03,Beverage,715,49691,39109,46516,0%,Y,35529065,27962935,7566130,0.213
2025-01,Customer 20,West Indonesia,Modern Trade,Retailer,SKU 19,Personal Care,716,39538,32988,36887,3%,Y,28309208,23619408,4689800,0.1657
2025-01,Customer 20,West Indonesia,Modern Trade,Retailer,SKU 15,Frozen,334,49228,35547,47676,5%,N,16442152,11872698,4569454,0.2779
2025-01,Customer 20,West Indonesia,Modern Trade,Retailer,SKU 09,Dairy,750,24453,15319,22466,5%,N,18339750,11489250,6850500,0.3735
2025-01,Customer 20,West Indonesia,General Trade,Retailer,SKU 11,Dairy,1193,9159,6773,9601,0%,N,10926687,8080189,2846498,0.2605
2025-01,Customer 20,West Indonesia,General Trade,Retailer,SKU 17,Personal Care,930,26212,17764,27863,3%,N,24377160,16520520,7856640,0.3223
2025-01,Customer 20,West Indonesia,Modern Trade,Retailer,SKU 01,Beverage,162,24875,18371,26173,3%,Y,4029750,2976102,1053648,0.2615
2025-01,Customer 21,Central Indonesia,Modern Trade,Key Account,SKU 07,Snack,87,42785,27610,41949,0%,N,3722295,2402070,1320225,0.3547
2025-01,Customer 21,Central Indonesia,Modern Trade,Key Account,SKU 13,Frozen,388,9974,7737,9947,3%,N,3869912,3001956,867956,0.2243
2025-01,Customer 21,Central Indonesia,Modern Trade,Key Account,SKU 01,Beverage,109,23117,17548,24020,8%,N,2519753,1912732,607021,0.2409
2025-01,Customer 21,Central Indonesia,Modern Trade,Key Account,SKU 09,Dairy,1199,25132,18329,23359,0%,N,30133268,21976471,8156797,0.2707
2025-01,Customer 21,Central Indonesia,General Trade,Key Account,SKU 14,Frozen,887,12715,9530,13982,3%,N,11278205,8453110,2825095,0.2505
2025-01,Customer 21,Central Indonesia,Modern Trade,Key Account,SKU 20,Personal Care,453,14712,10652,15259,3%,N,6664536,4825356,1839180,0.276
2025-01,Customer 21,Central Indonesia,General Trade,Key Account,SKU 15,Frozen,187,49120,31964,53832,3%,Y,9185440,5977268,3208172,0.3493
2025-01,Customer 21,Central Indonesia,Online,Key Account,SKU 17,Personal Care,305,25921,20073,27385,5%,Y,7905905,6122265,1783640,0.2256
2025-01,Customer 21,Central Indonesia,Modern Trade,Key Account,SKU 18,Personal Care,978,29425,23848,31206,0%,N,28777650,23323344,5454306,0.1895
2025-01,Customer 21,Central Indonesia,Modern Trade,Key Account,SKU 19,Personal Care,692,38031,27538,39776,0%,N,26317452,19056296,7261156,0.2759
2025-01,Customer 21,Central Indonesia,General Trade,Key Account,SKU 12,Dairy,238,8627,7166,7787,0%,N,2053226,1705508,347718,0.1694
2025-01,Customer 21,Central Indonesia,Modern Trade,Key Account,SKU 04,Beverage,959,18503,15293,17659,0%,N,17744377,14665987,3078390,0.1735
2025-01,Customer 21,Central Indonesia,Online,Key Account,SKU 10,Dairy,256,47268,30208,42980,3%,N,12100608,7733248,4367360,0.3609
2025-01,Customer 22,West Indonesia,Online,Retailer,SKU 03,Beverage,1041,44963,30447,49165,0%,Y,46806483,31695327,15111156,0.3228
2025-01,Customer 22,West Indonesia,Online,Retailer,SKU 19,Personal Care,683,35080,23248,35509,0%,N,23959640,15878384,8081256,0.3373
2025-01,Customer 22,West Indonesia,General Trade,Retailer,SKU 16,Frozen,77,48870,30148,49295,0%,Y,3762990,2321396,1441594,0.3831
2025-01,Customer 22,West Indonesia,General Trade,Retailer,SKU 10,Dairy,898,46464,38863,48034,0%,N,41724672,34898974,6825698,0.1636
2025-01,Customer 22,West Indonesia,General Trade,Retailer,SKU 12,Dairy,691,9118,6133,8410,8%,N,6300538,4237903,2062635,0.3274
2025-01,Customer 22,West Indonesia,Modern Trade,Retailer,SKU 09,Dairy,294,25123,16338,23438,5%,N,7386162,4803372,2582790,0.3497
2025-01,Customer 22,West Indonesia,General Trade,Retailer,SKU 14,Frozen,265,12284,7758,11452,8%,N,3255260,2055870,1199390,0.3684
2025-01,Customer 22,West Indonesia,Modern Trade,Retailer,SKU 05,Snack,734,15371,12189,14034,8%,N,11282314,8946726,2335588,0.207
2025-01,Customer 22,West Indonesia,Modern Trade,Retailer,SKU 17,Personal Care,1179,25120,20085,24877,0%,N,29616480,23680215,5936265,0.2004
2025-01,Customer 22,West Indonesia,General Trade,Retailer,SKU 13,Frozen,764,11208,7295,10730,3%,N,8562912,5573380,2989532,0.3491
2025-01,Customer 22,West Indonesia,Online,Retailer,SKU 20,Personal Care,1154,15082,10542,15181,3%,Y,17404628,12165468,5239160,0.301
2025-01,Customer 22,West Indonesia,Online,Retailer,SKU 11,Dairy,438,9401,7655,8981,0%,N,4117638,3352890,764748,0.1857
2025-01,Customer 23,West Indonesia,Modern Trade,Retailer,SKU 17,Personal Care,298,24053,18562,21788,0%,N,7167794,5531476,1636318,0.2283
2025-01,Customer 23,West Indonesia,Online,Retailer,SKU 15,Frozen,1079,47516,30735,50548,3%,N,51269764,33163065,18106699,0.3532
2025-01,Customer 23,West Indonesia,Modern Trade,Retailer,SKU 02,Beverage,999,9075,6157,9654,0%,N,9065925,6150843,2915082,0.3215
2025-01,Customer 23,West Indonesia,Modern Trade,Retailer,SKU 10,Dairy,206,51650,32289,47951,0%,N,10639900,6651534,3988366,0.3748
2025-01,Customer 23,West Indonesia,Modern Trade,Retailer,SKU 12,Dairy,1157,8981,6782,9594,8%,N,10391017,7846774,2544243,0.2449
2025-01,Customer 23,West Indonesia,Modern Trade,Retailer,SKU 18,Personal Care,987,25685,20158,24734,3%,Y,25351095,19895946,5455149,0.2152
2025-01,Customer 23,West Indonesia,General Trade,Retailer,SKU 01,Beverage,507,25149,16517,24038,3%,N,12750543,8374119,4376424,0.3432
2025-01,Customer 23,West Indonesia,Modern Trade,Retailer,SKU 20,Personal Care,193,13734,8354,14154,5%,N,2650662,1612322,1038340,0.3917
2025-01,Customer 24,West Indonesia,Modern Trade,Retailer,SKU 17,Personal Care,650,23596,16643,25796,3%,Y,15337400,10817950,4519450,0.2947
2025-01,Customer 24,West Indonesia,General Trade,Retailer,SKU 05,Snack,1003,15009,11629,16455,3%,N,15054027,11663887,3390140,0.2252
2025-01,Customer 24,West Indonesia,Modern Trade,Retailer,SKU 20,Personal Care,687,13892,11366,14457,0%,N,9543804,7808442,1735362,0.1818
2025-01,Customer 24,West Indonesia,Modern Trade,Retailer,SKU 14,Frozen,337,12344,9156,13145,0%,Y,4159928,3085572,1074356,0.2583
2025-01,Customer 24,West Indonesia,Online,Retailer,SKU 04,Beverage,386,20034,12261,21445,3%,N,7733124,4732746,3000378,0.388
2025-01,Customer 24,West Indonesia,Modern Trade,Retailer,SKU 10,Dairy,749,49335,39938,48636,5%,N,36951915,29913562,7038353,0.1905
2025-01,Customer 24,West Indonesia,General Trade,Retailer,SKU 18,Personal Care,715,25830,20866,23840,8%,Y,18468450,14919190,3549260,0.1922
2025-01,Customer 24,West Indonesia,General Trade,Retailer,SKU 08,Snack,1116,31540,25854,31650,0%,N,35198640,28853064,6345576,0.1803
2025-01,Customer 24,West Indonesia,Online,Retailer,SKU 16,Frozen,224,49255,36964,48697,3%,N,11033120,8279936,2753184,0.2495
2025-01,Customer 24,West Indonesia,General Trade,Retailer,SKU 07,Snack,558,46659,30765,42965,0%,N,26035722,17166870,8868852,0.3406
2025-01,Customer 24,West Indonesia,General Trade,Retailer,SKU 12,Dairy,910,8436,5634,9252,0%,N,7676760,5126940,2549820,0.3321
2025-01,Customer 24,West Indonesia,General Trade,Retailer,SKU 11,Dairy,265,9304,6424,8458,0%,Y,2465560,1702360,763200,0.3095
2025-01,Customer 24,West Indonesia,Modern Trade,Retailer,SKU 06,Snack,493,24179,17421,24714,0%,N,11920247,8588553,3331694,0.2795
2025-01,Customer 24,West Indonesia,Modern Trade,Retailer,SKU 01,Beverage,707,23935,19471,25530,0%,N,16922045,13765997,3156048,0.1865
2025-01,Customer 25,East Indonesia,Online,Key Account,SKU 06,Snack,50,24412,19101,25246,3%,N,1220600,955050,265550,0.2176
2025-01,Customer 25,East Indonesia,Modern Trade,Key Account,SKU 02,Beverage,656,9505,7654,9764,0%,Y,6235280,5021024,1214256,0.1947
2025-01,Customer 25,East Indonesia,Modern Trade,Key Account,SKU 07,Snack,782,41871,34246,43255,3%,N,32743122,26780372,5962750,0.1821
2025-01,Customer 25,East Indonesia,General Trade,Key Account,SKU 04,Beverage,538,18114,12765,16559,0%,Y,9745332,6867570,2877762,0.2953
2025-01,Customer 25,East Indonesia,Online,Key Account,SKU 12,Dairy,1016,8973,6833,9150,0%,N,9116568,6942328,2174240,0.2385
2025-01,Customer 25,East Indonesia,General Trade,Key Account,SKU 18,Personal Care,768,28269,23136,26123,0%,N,21710592,17768448,3942144,0.1816
2025-01,Customer 25,East Indonesia,General Trade,Key Account,SKU 19,Personal Care,347,38571,29843,38176,0%,Y,13384137,10355521,3028616,0.2263
2025-01,Customer 25,East Indonesia,General Trade,Key Account,SKU 03,Beverage,627,46591,31951,48010,3%,N,29212557,20033277,9179280,0.3142
2025-01,Customer 25,East Indonesia,Modern Trade,Key Account,SKU 14,Frozen,472,13679,9149,14469,5%,N,6456488,4318328,2138160,0.3312
2025-01,Customer 25,East Indonesia,Modern Trade,Key Account,SKU 15,Frozen,245,48440,40164,46685,0%,N,11867800,9840180,2027620,0.1709
2025-01,Customer 25,East Indonesia,Modern Trade,Key Account,SKU 13,Frozen,1200,10776,8320,10058,0%,N,12931200,9984000,2947200,0.2279
2025-01,Customer 25,East Indonesia,Modern Trade,Key Account,SKU 16,Frozen,889,46024,29391,47366,0%,N,40915336,26128599,14786737,0.3614
2025-01,Customer 25,East Indonesia,General Trade,Key Account,SKU 01,Beverage,176,24160,15107,24310,3%,N,4252160,2658832,1593328,0.3747
2025-01,Customer 25,East Indonesia,Online,Key Account,SKU 05,Snack,889,13364,8577,12638,0%,N,11880596,7624953,4255643,0.3582
2025-01,Customer 26,East Indonesia,Modern Trade,Distributor,SKU 01,Beverage,852,22989,19317,22462,0%,N,19586628,16458084,3128544,0.1597
2025-01,Customer 26,East Indonesia,Modern Trade,Distributor,SKU 07,Snack,356,45427,29167,48502,5%,N,16172012,10383452,5788560,0.3579
2025-01,Customer 26,East Indonesia,Modern Trade,Distributor,SKU 08,Snack,1191,28498,17509,27188,3%,N,33941118,20853219,13087899,0.3856
2025-01,Customer 26,East Indonesia,Modern Trade,Distributor,SKU 19,Personal Care,536,34641,27857,36597,0%,N,18567576,14931352,3636224,0.1958
2025-01,Customer 26,East Indonesia,Modern Trade,Distributor,SKU 16,Frozen,817,46896,36705,50202,8%,N,38314032,29987985,8326047,0.2173
2025-01,Customer 26,East Indonesia,Modern Trade,Distributor,SKU 09,Dairy,113,24380,18279,24177,3%,Y,2754940,2065527,689413,0.2502
2025-01,Customer 26,East Indonesia,General Trade,Distributor,SKU 20,Personal Care,529,13377,10302,12131,8%,N,7076433,5449758,1626675,0.2299
2025-01,Customer 26,East Indonesia,Online,Distributor,SKU 15,Frozen,720,49345,35570,50220,0%,N,35528400,25610400,9918000,0.2792
2025-01,Customer 26,East Indonesia,General Trade,Distributor,SKU 13,Frozen,459,10243,7455,10401,8%,N,4701537,3421845,1279692,0.2722
2025-01,Customer 26,East Indonesia,General Trade,Distributor,SKU 12,Dairy,132,8689,6521,9221,8%,N,1146948,860772,286176,0.2495
2025-01,Customer 26,East Indonesia,Modern Trade,Distributor,SKU 17,Personal Care,166,23535,17887,22312,0%,N,3906810,2969242,937568,0.24
2025-01,Customer 26,East Indonesia,Online,Distributor,SKU 05,Snack,893,14288,10810,12913,3%,N,12759184,9653330,3105854,0.2434
2025-01,Customer 27,West Indonesia,Modern Trade,Retailer,SKU 05,Snack,74,14568,8992,15841,5%,N,1078032,665408,412624,0.3828
2025-01,Customer 27,West Indonesia,Modern Trade,Retailer,SKU 06,Snack,308,26225,19757,26160,0%,Y,8077300,6085156,1992144,0.2466
2025-01,Customer 27,West Indonesia,General Trade,Retailer,SKU 11,Dairy,466,8948,6053,9184,3%,N,4169768,2820698,1349070,0.3235
2025-01,Customer 27,West Indonesia,Modern Trade,Retailer,SKU 04,Beverage,94,20688,15115,18937,5%,N,1944672,1420810,523862,0.2694
2025-01,Customer 27,West Indonesia,Modern Trade,Retailer,SKU 01,Beverage,373,22168,15533,20981,5%,N,8268664,5793809,2474855,0.2993
2025-01,Customer 27,West Indonesia,Modern Trade,Retailer,SKU 07,Snack,1031,42679,28447,43389,0%,N,44002049,29328857,14673192,0.3335
2025-01,Customer 27,West Indonesia,Modern Trade,Retailer,SKU 15,Frozen,489,42400,27715,44601,3%,Y,20733600,13552635,7180965,0.3463
2025-01,Customer 27,West Indonesia,General Trade,Retailer,SKU 18,Personal Care,597,27543,20559,25184,0%,N,16443171,12273723,4169448,0.2536
2025-01,Customer 27,West Indonesia,Modern Trade,Retailer,SKU 17,Personal Care,464,24482,16544,24791,8%,Y,11359648,7676416,3683232,0.3242
2025-01,Customer 27,West Indonesia,Modern Trade,Retailer,SKU 14,Frozen,831,12824,9286,11884,0%,N,10656744,7716666,2940078,0.2759
2025-01,Customer 28,West Indonesia,Online,Distributor,SKU 13,Frozen,480,10552,8724,10388,8%,N,5064960,4187520,877440,0.1732
2025-01,Customer 28,West Indonesia,General Trade,Distributor,SKU 10,Dairy,745,45864,35395,44833,3%,N,34168680,26369275,7799405,0.2283
2025-01,Customer 28,West Indonesia,Online,Distributor,SKU 19,Personal Care,962,34574,22941,32380,0%,N,33260188,22069242,11190946,0.3365
2025-01,Customer 28,West Indonesia,General Trade,Distributor,SKU 03,Beverage,483,49436,32985,50764,0%,N,23877588,15931755,7945833,0.3328
2025-01,Customer 28,West Indonesia,General Trade,Distributor,SKU 12,Dairy,927,8769,6210,8258,0%,N,8128863,5756670,2372193,0.2918
2025-01,Customer 28,West Indonesia,General Trade,Distributor,SKU 11,Dairy,948,10241,6620,10068,0%,N,9708468,6275760,3432708,0.3536
2025-01,Customer 28,West Indonesia,General Trade,Distributor,SKU 16,Frozen,1008,48303,38597,43819,8%,N,48689424,38905776,9783648,0.2009
2025-01,Customer 28,West Indonesia,Modern Trade,Distributor,SKU 04,Beverage,325,20015,16885,20744,3%,N,6504875,5487625,1017250,0.1564
2025-01,Customer 28,West Indonesia,Modern Trade,Distributor,SKU 05,Snack,286,13963,8580,14007,5%,N,3993418,2453880,1539538,0.3855
2025-01,Customer 28,West Indonesia,General Trade,Distributor,SKU 18,Personal Care,611,26622,22036,27736,0%,N,16266042,13463996,2802046,0.1723
2025-01,Customer 28,West Indonesia,General Trade,Distributor,SKU 09,Dairy,439,23655,17332,21336,8%,N,10384545,7608748,2775797,0.2673
2025-01,Customer 29,West Indonesia,Modern Trade,Distributor,SKU 07,Snack,719,47169,34409,45959,0%,Y,33914511,24740071,9174440,0.2705
2025-01,Customer 29,West Indonesia,General Trade,Distributor,SKU 04,Beverage,537,19433,15931,19615,3%,N,10435521,8554947,1880574,0.1802
2025-01,Customer 29,West Indonesia,Modern Trade,Distributor,SKU 09,Dairy,1126,23630,15967,22345,0%,N,26607380,17978842,8628538,0.3243
2025-01,Customer 29,West Indonesia,General Trade,Distributor,SKU 17,Personal Care,1161,23766,18250,26096,0%,N,27592326,21188250,6404076,0.2321
2025-01,Customer 29,West Indonesia,Modern Trade,Distributor,SKU 18,Personal Care,1037,27966,23510,27214,0%,N,29000742,24379870,4620872,0.1593
2025-01,Customer 29,West Indonesia,Modern Trade,Distributor,SKU 13,Frozen,414,11094,9006,10597,0%,N,4592916,3728484,864432,0.1882
2025-01,Customer 29,West Indonesia,Modern Trade,Distributor,SKU 03,Beverage,1150,45332,34839,43928,0%,N,52131800,40064850,12066950,0.2315
2025-01,Customer 29,West Indonesia,General Trade,Distributor,SKU 02,Beverage,612,8237,6363,8946,0%,N,5041044,3894156,1146888,0.2275
2025-01,Customer 29,West Indonesia,General Trade,Distributor,SKU 05,Snack,299,13430,11274,12736,3%,N,4015570,3370926,644644,0.1605
2025-01,Customer 29,West Indonesia,General Trade,Distributor,SKU 20,Personal Care,506,14674,12211,14811,0%,Y,7425044,6178766,1246278,0.1678
2025-01,Customer 29,West Indonesia,Modern Trade,Distributor,SKU 11,Dairy,52,9167,6521,8341,8%,N,476684,339092,137592,0.2886
2025-01,Customer 30,West Indonesia,General Trade,Retailer,SKU 13,Frozen,204,9622,7768,9343,0%,N,1962888,1584672,378216,0.1927
2025-01,Customer 30,West Indonesia,Modern Trade,Retailer,SKU 17,Personal Care,904,27520,21722,27392,0%,N,24878080,19636688,5241392,0.2107
2025-01,Customer 30,West Indonesia,Online,Retailer,SKU 07,Snack,889,44891,35703,47257,3%,N,39908099,31739967,8168132,0.2047
2025-01,Customer 30,West Indonesia,Online,Retailer,SKU 02,Beverage,473,8164,5627,7720,0%,N,3861572,2661571,1200001,0.3108
2025-01,Customer 30,West Indonesia,Modern Trade,Retailer,SKU 01,Beverage,928,25120,19649,24761,0%,Y,23311360,18234272,5077088,0.2178
2025-01,Customer 30,West Indonesia,Online,Retailer,SKU 05,Snack,59,15181,9692,16562,0%,N,895679,571828,323851,0.3616
2025-01,Customer 30,West Indonesia,General Trade,Retailer,SKU 14,Frozen,379,13037,9101,14128,3%,N,4941023,3449279,1491744,0.3019
2025-01,Customer 30,West Indonesia,Modern Trade,Retailer,SKU 15,Frozen,773,46713,39617,47402,5%,N,36109149,30623941,5485208,0.1519
2025-01,Customer 30,West Indonesia,Modern Trade,Retailer,SKU 16,Frozen,1140,50037,42210,53437,0%,N,57042180,48119400,8922780,0.1564
2025-01,Customer 30,West Indonesia,Modern Trade,Retailer,SKU 10,Dairy,406,50500,33139,52713,0%,N,20503000,13454434,7048566,0.3438
2025-01,Customer 30,West Indonesia,Modern Trade,Retailer,SKU 19,Personal Care,642,38212,25625,41223,5%,N,24532104,16451250,8080854,0.3294
2025-01,Customer 30,West Indonesia,Online,Retailer,SKU 08,Snack,457,31223,25159,31500,0%,N,14268911,11497663,2771248,0.1942
2025-02,Customer 01,West Indonesia,Online,Retailer,SKU 06,Snack,506,23042,15495,22543,0%,N,11659252,7840470,3818782,0.3275
2025-02,Customer 01,West Indonesia,Online,Retailer,SKU 11,Dairy,729,9719,5964,9186,0%,N,7085151,4347756,2737395,0.3864
2025-02,Customer 01,West Indonesia,Online,Retailer,SKU 09,Dairy,421,22106,17294,20887,3%,N,9306626,7280774,2025852,0.2177
2025-02,Customer 01,West Indonesia,Modern Trade,Retailer,SKU 12,Dairy,345,9324,7501,8897,0%,Y,3216780,2587845,628935,0.1955
2025-02,Customer 01,West Indonesia,General Trade,Retailer,SKU 02,Beverage,1090,9294,7864,9095,3%,N,10130460,8571760,1558700,0.1539
2025-02,Customer 01,West Indonesia,General Trade,Retailer,SKU 17,Personal Care,961,26424,16959,26866,0%,N,25393464,16297599,9095865,0.3582
2025-02,Customer 01,West Indonesia,General Trade,Retailer,SKU 13,Frozen,539,10202,8542,9446,5%,N,5498878,4604138,894740,0.1627
2025-02,Customer 01,West Indonesia,General Trade,Retailer,SKU 20,Personal Care,596,14094,11743,14649,0%,N,8400024,6998828,1401196,0.1668
2025-02,Customer 01,West Indonesia,Online,Retailer,SKU 16,Frozen,1045,44334,27987,42956,0%,Y,46329030,29246415,17082615,0.3687
2025-02,Customer 01,West Indonesia,Online,Retailer,SKU 08,Snack,118,29220,19983,31303,3%,N,3447960,2357994,1089966,0.3161
2025-02,Customer 01,West Indonesia,Modern Trade,Retailer,SKU 18,Personal Care,218,27481,20262,27384,0%,N,5990858,4417116,1573742,0.2627
2025-02,Customer 01,West Indonesia,Modern Trade,Retailer,SKU 01,Beverage,407,21987,17803,22882,0%,N,8948709,7245821,1702888,0.1903
2025-02,Customer 01,West Indonesia,General Trade,Retailer,SKU 05,Snack,756,14732,11848,16108,0%,Y,11137392,8957088,2180304,0.1958
2025-02,Customer 01,West Indonesia,Online,Retailer,SKU 03,Beverage,323,46027,28979,48000,0%,N,14866721,9360217,5506504,0.3704
2025-02,Customer 01,West Indonesia,Modern Trade,Retailer,SKU 15,Frozen,1131,43306,29337,46522,5%,N,48979086,33180147,15798939,0.3226
2025-02,Customer 02,Central Indonesia,Modern Trade,Distributor,SKU 11,Dairy,601,10270,7716,9973,0%,Y,6172270,4637316,1534954,0.2487
2025-02,Customer 02,Central Indonesia,Modern Trade,Distributor,SKU 13,Frozen,754,10153,6235,11055,3%,N,7655362,4701190,2954172,0.3859
2025-02,Customer 02,Central Indonesia,General Trade,Distributor,SKU 17,Personal Care,257,24336,17146,22395,0%,N,6254352,4406522,1847830,0.2954
2025-02,Customer 02,Central Indonesia,General Trade,Distributor,SKU 09,Dairy,743,25617,15443,28061,0%,Y,19033431,11474149,7559282,0.3972
2025-02,Customer 02,Central Indonesia,Modern Trade,Distributor,SKU 20,Personal Care,710,14943,11597,14484,0%,N,10609530,8233870,2375660,0.2239
2025-02,Customer 02,Central Indonesia,General Trade,Distributor,SKU 05,Snack,805,14303,11228,14444,0%,N,11513915,9038540,2475375,0.215
2025-02,Customer 02,Central Indonesia,Modern Trade,Distributor,SKU 06,Snack,261,23162,19406,21272,3%,N,6045282,5064966,980316,0.1622
2025-02,Customer 02,Central Indonesia,General Trade,Distributor,SKU 12,Dairy,405,8843,6724,8618,0%,N,3581415,2723220,858195,0.2396
2025-02,Customer 02,Central Indonesia,Modern Trade,Distributor,SKU 10,Dairy,593,49746,36386,44791,0%,Y,29499378,21576898,7922480,0.2686
2025-02,Customer 02,Central Indonesia,Online,Distributor,SKU 01,Beverage,306,24222,15823,21832,3%,N,7411932,4841838,2570094,0.3468
2025-02,Customer 02,Central Indonesia,Modern Trade,Distributor,SKU 08,Snack,450,30825,21640,31336,0%,N,13871250,9738000,4133250,0.298
2025-02,Customer 02,Central Indonesia,General Trade,Distributor,SKU 04,Beverage,1116,20332,13157,22271,0%,Y,22690512,14683212,8007300,0.3529
2025-02,Customer 02,Central Indonesia,Modern Trade,Distributor,SKU 02,Beverage,100,8614,7085,9143,5%,N,861400,708500,152900,0.1775
2025-02,Customer 02,Central Indonesia,General Trade,Distributor,SKU 15,Frozen,416,47457,28581,48532,0%,N,19742112,11889696,7852416,0.3977
2025-02,Customer 03,Central Indonesia,General Trade,Key Account,SKU 15,Frozen,670,48186,40147,45297,3%,N,32284620,26898490,5386130,0.1668
2025-02,Customer 03,Central Indonesia,Modern Trade,Key Account,SKU 20,Personal Care,634,14445,8914,15660,0%,N,9158130,5651476,3506654,0.3829
2025-02,Customer 03,Central Indonesia,Modern Trade,Key Account,SKU 14,Frozen,822,14195,11568,15010,5%,N,11668290,9508896,2159394,0.1851
2025-02,Customer 03,Central Indonesia,Modern Trade,Key Account,SKU 06,Snack,167,25666,18143,26432,0%,N,4286222,3029881,1256341,0.2931
2025-02,Customer 03,Central Indonesia,Modern Trade,Key Account,SKU 12,Dairy,109,8477,6026,8139,0%,N,923993,656834,267159,0.2891
2025-02,Customer 03,Central Indonesia,Modern Trade,Key Account,SKU 10,Dairy,848,45385,29614,47318,0%,Y,38486480,25112672,13373808,0.3475
2025-02,Customer 03,Central Indonesia,General Trade,Key Account,SKU 11,Dairy,1082,9083,6622,9886,3%,N,9827806,7165004,2662802,0.2709
2025-02,Customer 03,Central Indonesia,Modern Trade,Key Account,SKU 03,Beverage,342,47525,29827,45717,0%,N,16253550,10200834,6052716,0.3724
2025-02,Customer 03,Central Indonesia,Online,Key Account,SKU 19,Personal Care,317,38116,23599,40617,5%,N,12082772,7480883,4601889,0.3809
2025-02,Customer 03,Central Indonesia,Online,Key Account,SKU 02,Beverage,653,8653,6285,9304,0%,Y,5650409,4104105,1546304,0.2737
2025-02,Customer 03,Central Indonesia,General Trade,Key Account,SKU 16,Frozen,1032,49671,34135,52596,0%,N,51260472,35227320,16033152,0.3128
2025-02,Customer 04,Central Indonesia,Modern Trade,Distributor,SKU 11,Dairy,669,9167,7541,8899,0%,Y,6132723,5044929,1087794,0.1774
2025-02,Customer 04,Central Indonesia,Modern Trade,Distributor,SKU 20,Personal Care,1055,13809,8484,13074,8%,N,14568495,8950620,5617875,0.3856
2025-02,Customer 04,Central Indonesia,Modern Trade,Distributor,SKU 06,Snack,401,25076,17652,25281,3%,N,10055476,7078452,2977024,0.2961
2025-02,Customer 04,Central Indonesia,General Trade,Distributor,SKU 10,Dairy,485,46762,31886,47467,8%,Y,22679570,15464710,7214860,0.3181
2025-02,Customer 04,Central Indonesia,Modern Trade,Distributor,SKU 18,Personal Care,593,28238,17770,26220,0%,N,16745134,10537610,6207524,0.3707
2025-02,Customer 04,Central Indonesia,Online,Distributor,SKU 19,Personal Care,344,37743,29939,39830,5%,N,12983592,10299016,2684576,0.2068
2025-02,Customer 04,Central Indonesia,General Trade,Distributor,SKU 02,Beverage,292,8823,6530,9155,0%,N,2576316,1906760,669556,0.2599
2025-02,Customer 04,Central Indonesia,General Trade,Distributor,SKU 17,Personal Care,698,26375,20787,28348,0%,N,18409750,14509326,3900424,0.2119
2025-02,Customer 04,Central Indonesia,Modern Trade,Distributor,SKU 08,Snack,661,31359,22353,33585,0%,N,20728299,14775333,5952966,0.2872
2025-02,Customer 04,Central Indonesia,Online,Distributor,SKU 12,Dairy,965,8611,6896,8100,5%,Y,8309615,6654640,1654975,0.1992
2025-02,Customer 04,Central Indonesia,General Trade,Distributor,SKU 01,Beverage,745,22583,17745,22788,0%,N,16824335,13220025,3604310,0.2142
2025-02,Customer 04,Central Indonesia,Online,Distributor,SKU 16,Frozen,372,49481,35050,50065,0%,N,18406932,13038600,5368332,0.2916
2025-02,Customer 04,Central Indonesia,Modern Trade,Distributor,SKU 04,Beverage,248,18890,11658,18754,3%,N,4684720,2891184,1793536,0.3828
2025-02,Customer 04,Central Indonesia,General Trade,Distributor,SKU 14,Frozen,650,14225,9883,15198,3%,N,9246250,6423950,2822300,0.3052
2025-02,Customer 04,Central Indonesia,General Trade,Distributor,SKU 13,Frozen,356,9771,5981,9626,0%,N,3478476,2129236,1349240,0.3879
2025-02,Customer 05,East Indonesia,General Trade,Distributor,SKU 14,Frozen,961,12899,9077,12605,0%,N,12395939,8722997,3672942,0.2963
2025-02,Customer 05,East Indonesia,General Trade,Distributor,SKU 10,Dairy,977,51929,42434,54481,3%,N,50734633,41458018,9276615,0.1828
2025-02,Customer 05,East Indonesia,Online,Distributor,SKU 02,Beverage,433,8780,6257,8658,0%,N,3801740,2709281,1092459,0.2874
2025-02,Customer 05,East Indonesia,Modern Trade,Distributor,SKU 04,Beverage,237,20638,15666,19686,3%,Y,4891206,3712842,1178364,0.2409
2025-02,Customer 05,East Indonesia,General Trade,Distributor,SKU 19,Personal Care,946,37252,24815,39598,5%,N,35240392,23474990,11765402,0.3339
2025-02,Customer 05,East Indonesia,General Trade,Distributor,SKU 16,Frozen,863,49352,39156,45903,0%,N,42590776,33791628,8799148,0.2066
2025-02,Customer 05,East Indonesia,Modern Trade,Distributor,SKU 15,Frozen,567,42400,34759,42886,3%,Y,24040800,19708353,4332447,0.1802
2025-02,Customer 05,East Indonesia,General Trade,Distributor,SKU 08,Snack,926,29621,19261,31020,3%,N,27429046,17835686,9593360,0.3498
2025-02,Customer 05,East Indonesia,Online,Distributor,SKU 01,Beverage,370,24985,19406,26617,8%,N,9244450,7180220,2064230,0.2233
2025-02,Customer 05,East Indonesia,Online,Distributor,SKU 06,Snack,1133,26069,21233,24721,0%,Y,29536177,24056989,5479188,0.1855
2025-02,Customer 05,East Indonesia,General Trade,Distributor,SKU 09,Dairy,829,22187,15311,22480,3%,N,18393023,12692819,5700204,0.3099
2025-02,Customer 05,East Indonesia,Online,Distributor,SKU 20,Personal Care,829,13280,8024,13827,0%,N,11009120,6651896,4357224,0.3958
2025-02,Customer 05,East Indonesia,General Trade,Distributor,SKU 11,Dairy,549,9878,8061,10037,5%,N,5423022,4425489,997533,0.1839
2025-02,Customer 06,West Indonesia,General Trade,Retailer,SKU 14,Frozen,1058,12359,8820,12797,8%,N,13075822,9331560,3744262,0.2864
2025-02,Customer 06,West Indonesia,General Trade,Retailer,SKU 01,Beverage,317,24296,14907,26600,3%,Y,7701832,4725519,2976313,0.3864
2025-02,Customer 06,West Indonesia,Modern Trade,Retailer,SKU 13,Frozen,859,10659,7992,11096,3%,N,9156081,6865128,2290953,0.2502
2025-02,Customer 06,West Indonesia,General Trade,Retailer,SKU 06,Snack,138,26634,16383,24103,0%,Y,3675492,2260854,1414638,0.3849
2025-02,Customer 06,West Indonesia,General Trade,Retailer,SKU 12,Dairy,1159,9029,7471,9847,3%,N,10464611,8658889,1805722,0.1726
2025-02,Customer 06,West Indonesia,General Trade,Retailer,SKU 04,Beverage,968,18595,15439,18940,0%,N,17999960,14944952,3055008,0.1697
2025-02,Customer 06,West Indonesia,Online,Retailer,SKU 09,Dairy,1052,22356,14703,22876,3%,N,23518512,15467556,8050956,0.3423
2025-02,Customer 06,West Indonesia,General Trade,Retailer,SKU 17,Personal Care,553,25574,21585,24936,5%,N,14142422,11936505,2205917,0.156
2025-02,Customer 06,West Indonesia,Online,Retailer,SKU 19,Personal Care,1116,39612,24064,40583,0%,N,44206992,26855424,17351568,0.3925
2025-02,Customer 06,West Indonesia,Modern Trade,Retailer,SKU 05,Snack,638,14894,9412,14701,3%,N,9502372,6004856,3497516,0.3681
2025-02,Customer 07,Central Indonesia,Modern Trade,Retailer,SKU 15,Frozen,277,44194,35336,42420,0%,N,12241738,9788072,2453666,0.2004
2025-02,Customer 07,Central Indonesia,Modern Trade,Retailer,SKU 01,Beverage,85,23283,16028,25496,5%,Y,1979055,1362380,616675,0.3116
2025-02,Customer 07,Central Indonesia,Modern Trade,Retailer,SKU 03,Beverage,209,48851,31202,48699,3%,N,10209859,6521218,3688641,0.3613
2025-02,Customer 07,Central Indonesia,General Trade,Retailer,SKU 08,Snack,141,28312,20373,27200,0%,N,3991992,2872593,1119399,0.2804
2025-02,Customer 07,Central Indonesia,General Trade,Retailer,SKU 05,Snack,1108,14172,9589,12916,0%,N,15702576,10624612,5077964,0.3234
2025-02,Customer 07,Central Indonesia,General Trade,Retailer,SKU 13,Frozen,1131,10557,8095,11321,0%,N,11939967,9155445,2784522,0.2332
2025-02,Customer 07,Central Indonesia,Online,Retailer,SKU 09,Dairy,709,24263,19199,21913,0%,N,17202467,13612091,3590376,0.2087
2025-02,Customer 07,Central Indonesia,General Trade,Retailer,SKU 06,Snack,243,24820,17890,24132,0%,N,6031260,4347270,1683990,0.2792
2025-02,Customer 07,Central Indonesia,Modern Trade,Retailer,SKU 20,Personal Care,229,15000,9472,16354,3%,Y,3435000,2169088,1265912,0.3685
2025-02,Customer 08,East Indonesia,Modern Trade,Retailer,SKU 01,Beverage,117,23304,18559,25349,0%,N,2726568,2171403,555165,0.2036
2025-02,Customer 08,East Indonesia,Modern Trade,Retailer,SKU 18,Personal Care,853,29302,23411,30314,0%,N,24994606,19969583,5025023,0.201
2025-02,Customer 08,East Indonesia,General Trade,Retailer,SKU 12,Dairy,789,8799,6574,9016,0%,N,6942411,5186886,1755525,0.2529
2025-02,Customer 08,East Indonesia,General Trade,Retailer,SKU 20,Personal Care,534,14972,9552,14526,0%,Y,7995048,5100768,2894280,0.362
2025-02,Customer 08,East Indonesia,Online,Retailer,SKU 02,Beverage,153,9490,7141,10032,0%,N,1451970,1092573,359397,0.2475
2025-02,Customer 08,East Indonesia,General Trade,Retailer,SKU 10,Dairy,199,51136,32656,50419,8%,N,10176064,6498544,3677520,0.3614
2025-02,Customer 08,East Indonesia,General Trade,Retailer,SKU 16,Frozen,639,46250,35937,47863,0%,N,29553750,22963743,6590007,0.223
2025-02,Customer 08,East Indonesia,Online,Retailer,SKU 19,Personal Care,874,36755,27705,36827,0%,N,32123870,24214170,7909700,0.2462
2025-02,Customer 09,West Indonesia,Modern Trade,Key Account,SKU 05,Snack,646,13410,10636,13885,8%,N,8662860,6870856,1792004,0.2069
2025-02,Customer 09,West Indonesia,General Trade,Key Account,SKU 13,Frozen,427,10209,6937,10068,0%,Y,4359243,2962099,1397144,0.3205
2025-02,Customer 09,West Indonesia,Modern Trade,Key Account,SKU 07,Snack,183,43693,29844,39686,3%,N,7995819,5461452,2534367,0.317
2025-02,Customer 09,West Indonesia,General Trade,Key Account,SKU 14,Frozen,1050,13691,9301,14915,3%,N,14375550,9766050,4609500,0.3206
2025-02,Customer 09,West Indonesia,Modern Trade,Key Account,SKU 04,Beverage,220,18610,15648,19414,3%,N,4094200,3442560,651640,0.1592
2025-02,Customer 09,West Indonesia,Modern Trade,Key Account,SKU 06,Snack,128,24102,16509,23826,0%,N,3085056,2113152,971904,0.315
2025-02,Customer 09,West Indonesia,Modern Trade,Key Account,SKU 18,Personal Care,640,29703,19201,32249,0%,Y,19009920,12288640,6721280,0.3536
2025-02,Customer 09,West Indonesia,Modern Trade,Key Account,SKU 08,Snack,935,30969,20694,30651,0%,N,28956015,19348890,9607125,0.3318
2025-02,Customer 09,West Indonesia,General Trade,Key Account,SKU 10,Dairy,943,48861,37402,51341,8%,N,46075923,35270086,10805837,0.2345
2025-02,Customer 09,West Indonesia,General Trade,Key Account,SKU 16,Frozen,1049,44279,36989,43945,0%,N,46448671,38801461,7647210,0.1646
2025-02,Customer 09,West Indonesia,General Trade,Key Account,SKU 17,Personal Care,205,27024,18624,25916,0%,N,5539920,3817920,1722000,0.3108
2025-02,Customer 10,West Indonesia,General Trade,Retailer,SKU 11,Dairy,136,10353,8336,10678,0%,N,1408008,1133696,274312,0.1948
2025-02,Customer 10,West Indonesia,Modern Trade,Retailer,SKU 19,Personal Care,383,39291,24387,41491,0%,Y,15048453,9340221,5708232,0.3793
2025-02,Customer 10,West Indonesia,Modern Trade,Retailer,SKU 07,Snack,582,42436,35864,38763,3%,N,24697752,20872848,3824904,0.1549
2025-02,Customer 10,West Indonesia,Modern Trade,Retailer,SKU 15,Frozen,845,46982,34441,43904,0%,N,39699790,29102645,10597145,0.2669
2025-02,Customer 10,West Indonesia,Modern Trade,Retailer,SKU 12,Dairy,917,9216,7795,10081,0%,N,8451072,7148015,1303057,0.1542
2025-02,Customer 10,West Indonesia,General Trade,Retailer,SKU 20,Personal Care,576,13365,10331,12633,0%,N,7698240,5950656,1747584,0.227
2025-02,Customer 10,West Indonesia,Modern Trade,Retailer,SKU 18,Personal Care,723,29536,23224,31874,0%,N,21354528,16790952,4563576,0.2137
2025-02,Customer 10,West Indonesia,General Trade,Retailer,SKU 08,Snack,562,30236,19321,29379,3%,N,16992632,10858402,6134230,0.361
2025-02,Customer 10,West Indonesia,Modern Trade,Retailer,SKU 05,Snack,117,14968,12062,14845,8%,N,1751256,1411254,340002,0.1941
2025-02,Customer 10,West Indonesia,Modern Trade,Retailer,SKU 09,Dairy,53,24711,15299,25213,0%,N,1309683,810847,498836,0.3809
2025-02,Customer 10,West Indonesia,Online,Retailer,SKU 16,Frozen,427,44630,34101,45185,0%,N,19057010,14561127,4495883,0.2359
2025-02,Customer 10,West Indonesia,General Trade,Retailer,SKU 14,Frozen,421,12755,9286,11591,3%,N,5369855,3909406,1460449,0.272
2025-02,Customer 10,West Indonesia,General Trade,Retailer,SKU 10,Dairy,166,51710,41557,50401,0%,N,8583860,6898462,1685398,0.1963
2025-02,Customer 11,West Indonesia,General Trade,Retailer,SKU 09,Dairy,900,25623,19444,25126,0%,N,23060700,17499600,5561100,0.2412
2025-02,Customer 11,West Indonesia,Online,Retailer,SKU 10,Dairy,761,48290,34333,49816,8%,Y,36748690,26127413,10621277,0.289
2025-02,Customer 11,West Indonesia,General Trade,Retailer,SKU 01,Beverage,528,22301,17663,22005,0%,N,11774928,9326064,2448864,0.208
2025-02,Customer 11,West Indonesia,Modern Trade,Retailer,SKU 16,Frozen,492,45741,33997,41526,0%,N,22504572,16726524,5778048,0.2567
2025-02,Customer 11,West Indonesia,General Trade,Retailer,SKU 12,Dairy,1138,9422,6583,9131,5%,N,10722236,7491454,3230782,0.3013
2025-02,Customer 11,West Indonesia,Online,Retailer,SKU 18,Personal Care,193,29027,19345,26273,3%,N,5602211,3733585,1868626,0.3336
2025-02,Customer 11,West Indonesia,Modern Trade,Retailer,SKU 03,Beverage,266,45648,30863,41682,0%,N,12142368,8209558,3932810,0.3239
2025-02,Customer 11,West Indonesia,Modern Trade,Retailer,SKU 07,Snack,908,45529,32065,42532,5%,N,41340332,29115020,12225312,0.2957
2025-02,Customer 11,West Indonesia,Modern Trade,Retailer,SKU 02,Beverage,746,9177,7090,9736,0%,Y,6846042,5289140,1556902,0.2274
2025-02,Customer 11,West Indonesia,Modern Trade,Retailer,SKU 19,Personal Care,94,34714,22857,37039,0%,N,3263116,2148558,1114558,0.3416
2025-02,Customer 11,West Indonesia,Modern Trade,Retailer,SKU 11,Dairy,918,10255,8528,9333,3%,Y,9414090,7828704,1585386,0.1684
2025-02,Customer 11,West Indonesia,Modern Trade,Retailer,SKU 08,Snack,518,27702,20660,29294,0%,N,14349636,10701880,3647756,0.2542
2025-02,Customer 11,West Indonesia,Modern Trade,Retailer,SKU 20,Personal Care,121,14083,10443,12849,3%,N,1704043,1263603,440440,0.2585
2025-02,Customer 11,West Indonesia,General Trade,Retailer,SKU 17,Personal Care,117,27221,18882,24774,5%,N,3184857,2209194,975663,0.3063
2025-02,Customer 11,West Indonesia,Modern Trade,Retailer,SKU 15,Frozen,64,43779,29742,40168,0%,Y,2801856,1903488,898368,0.3206
2025-02,Customer 12,East Indonesia,Modern Trade,Retailer,SKU 11,Dairy,1033,9758,7645,9577,0%,Y,10080014,7897285,2182729,0.2165
2025-02,Customer 12,East Indonesia,General Trade,Retailer,SKU 08,Snack,972,27731,19355,26030,0%,N,26954532,18813060,8141472,0.302
2025-02,Customer 12,East Indonesia,Modern Trade,Retailer,SKU 02,Beverage,567,8629,5850,7957,5%,N,4892643,3316950,1575693,0.3221
2025-02,Customer 12,East Indonesia,Modern Trade,Retailer,SKU 01,Beverage,477,22428,16515,20388,0%,N,10698156,7877655,2820501,0.2636
2025-02,Customer 12,East Indonesia,Modern Trade,Retailer,SKU 20,Personal Care,318,14790,9874,16247,8%,Y,4703220,3139932,1563288,0.3324
2025-02,Customer 12,East Indonesia,General Trade,Retailer,SKU 09,Dairy,524,25152,19237,26993,0%,N,13179648,10080188,3099460,0.2352
2025-02,Customer 12,East Indonesia,Modern Trade,Retailer,SKU 06,Snack,229,24496,17315,24810,0%,N,5609584,3965135,1644449,0.2931
2025-02,Customer 12,East Indonesia,Modern Trade,Retailer,SKU 17,Personal Care,286,25280,16930,23255,0%,N,7230080,4841980,2388100,0.3303
2025-02,Customer 12,East Indonesia,Online,Retailer,SKU 19,Personal Care,932,33993,27958,32592,5%,N,31681476,26056856,5624620,0.1775
2025-02,Customer 12,East Indonesia,Modern Trade,Retailer,SKU 03,Beverage,1150,42915,28837,46895,0%,Y,49352250,33162550,16189700,0.328
2025-02,Customer 12,East Indonesia,General Trade,Retailer,SKU 18,Personal Care,821,28187,21162,28611,0%,N,23141527,17374002,5767525,0.2492
2025-02,Customer 12,East Indonesia,Modern Trade,Retailer,SKU 04,Beverage,1138,18439,14254,18901,0%,N,20983582,16221052,4762530,0.227
2025-02,Customer 12,East Indonesia,Modern Trade,Retailer,SKU 13,Frozen,457,10684,6977,11114,8%,Y,4882588,3188489,1694099,0.347
2025-02,Customer 13,Central Indonesia,General Trade,Retailer,SKU 05,Snack,560,15156,11279,15156,0%,Y,8487360,6316240,2171120,0.2558
2025-02,Customer 13,Central Indonesia,Modern Trade,Retailer,SKU 06,Snack,704,26509,18599,27647,0%,N,18662336,13093696,5568640,0.2984
2025-02,Customer 13,Central Indonesia,Modern Trade,Retailer,SKU 16,Frozen,873,50920,38259,54357,3%,N,44453160,33400107,11053053,0.2486
2025-02,Customer 13,Central Indonesia,Modern Trade,Retailer,SKU 18,Personal Care,693,25552,17068,26379,3%,N,17707536,11828124,5879412,0.332
2025-02,Customer 13,Central Indonesia,General Trade,Retailer,SKU 03,Beverage,739,47521,39236,43979,5%,Y,35118019,28995404,6122615,0.1743
2025-02,Customer 13,Central Indonesia,Modern Trade,Retailer,SKU 01,Beverage,710,23645,17136,25509,0%,N,16787950,12166560,4621390,0.2753
2025-02,Customer 13,Central Indonesia,General Trade,Retailer,SKU 11,Dairy,248,9093,5455,8832,0%,N,2255064,1352840,902224,0.4001
2025-02,Customer 13,Central Indonesia,General Trade,Retailer,SKU 13,Frozen,826,11019,9249,11050,0%,Y,9101694,7639674,1462020,0.1606
2025-02,Customer 13,Central Indonesia,Modern Trade,Retailer,SKU 07,Snack,862,44389,29300,42745,0%,Y,38263318,25256600,13006718,0.3399
2025-02,Customer 13,Central Indonesia,Online,Retailer,SKU 04,Beverage,598,19111,14007,21005,5%,N,11428378,8376186,3052192,0.2671
2025-02,Customer 13,Central Indonesia,General Trade,Retailer,SKU 20,Personal Care,104,14341,9745,15372,3%,N,1491464,1013480,477984,0.3205
2025-02,Customer 13,Central Indonesia,Modern Trade,Retailer,SKU 14,Frozen,175,13818,10593,14018,5%,N,2418150,1853775,564375,0.2334
2025-02,Customer 13,Central Indonesia,General Trade,Retailer,SKU 15,Frozen,284,45818,35855,42946,0%,Y,13012312,10182820,2829492,0.2174
2025-02,Customer 13,Central Indonesia,Modern Trade,Retailer,SKU 17,Personal Care,98,25535,20405,24135,0%,N,2502430,1999690,502740,0.2009
2025-02,Customer 13,Central Indonesia,General Trade,Retailer,SKU 10,Dairy,658,48921,36514,44870,0%,Y,32190018,24026212,8163806,0.2536
2025-02,Customer 14,Central Indonesia,Online,Key Account,SKU 05,Snack,413,13294,10993,13826,0%,N,5490422,4540109,950313,0.1731
2025-02,Customer 14,Central Indonesia,Online,Key Account,SKU 08,Snack,92,31076,25824,33146,8%,N,2858992,2375808,483184,0.169
2025-02,Customer 14,Central Indonesia,General Trade,Key Account,SKU 12,Dairy,300,8622,6803,8470,0%,N,2586600,2040900,545700,0.211
2025-02,Customer 14,Central Indonesia,Modern Trade,Key Account,SKU 07,Snack,818,43877,32685,46648,0%,N,35891386,26736330,9155056,0.2551
2025-02,Customer 14,Central Indonesia,Online,Key Account,SKU 09,Dairy,809,22723,17372,22503,0%,N,18382907,14053948,4328959,0.2355
2025-02,Customer 14,Central Indonesia,Modern Trade,Key Account,SKU 13,Frozen,124,10353,8763,10589,0%,N,1283772,1086612,197160,0.1536
2025-02,Customer 14,Central Indonesia,Online,Key Account,SKU 01,Beverage,540,22125,17775,22783,0%,N,11947500,9598500,2349000,0.1966
2025-02,Customer 14,Central Indonesia,Modern Trade,Key Account,SKU 17,Personal Care,680,24596,17987,26407,0%,N,16725280,12231160,4494120,0.2687
2025-02,Customer 14,Central Indonesia,General Trade,Key Account,SKU 04,Beverage,953,17858,13482,16839,0%,Y,17018674,12848346,4170328,0.245
2025-02,Customer 14,Central Indonesia,General Trade,Key Account,SKU 19,Personal Care,231,37144,25494,37443,3%,Y,8580264,5889114,2691150,0.3136
2025-02,Customer 14,Central Indonesia,Modern Trade,Key Account,SKU 03,Beverage,414,45392,30597,42227,3%,N,18792288,12667158,6125130,0.3259
2025-02,Customer 15,East Indonesia,General Trade,Key Account,SKU 13,Frozen,614,10605,8488,10440,0%,N,6511470,5211632,1299838,0.1996
2025-02,Customer 15,East Indonesia,General Trade,Key Account,SKU 10,Dairy,79,46334,36904,44868,0%,N,3660386,2915416,744970,0.2035
2025-02,Customer 15,East Indonesia,General Trade,Key Account,SKU 08,Snack,775,28198,20019,27526,3%,Y,21853450,15514725,6338725,0.2901
2025-02,Customer 15,East Indonesia,Modern Trade,Key Account,SKU 03,Beverage,458,44063,31313,46887,3%,N,20180854,14341354,5839500,0.2894
2025-02,Customer 15,East Indonesia,Modern Trade,Key Account,SKU 01,Beverage,905,23808,14690,25881,0%,N,21546240,13294450,8251790,0.383
2025-02,Customer 15,East Indonesia,General Trade,Key Account,SKU 17,Personal Care,1127,25216,21168,25745,3%,N,28418432,23856336,4562096,0.1605
2025-02,Customer 15,East Indonesia,General Trade,Key Account,SKU 05,Snack,305,13171,10601,13928,5%,N,4017155,3233305,783850,0.1951
2025-02,Customer 15,East Indonesia,Modern Trade,Key Account,SKU 15,Frozen,914,42740,30364,40042,0%,N,39064360,27752696,11311664,0.2896
2025-02,Customer 16,Central Indonesia,Modern Trade,Distributor,SKU 20,Personal Care,56,14529,12203,13360,0%,Y,813624,683368,130256,0.1601
2025-02,Customer 16,Central Indonesia,Online,Distributor,SKU 02,Beverage,157,9066,5542,9686,0%,N,1423362,870094,553268,0.3887
2025-02,Customer 16,Central Indonesia,General Trade,Distributor,SKU 01,Beverage,59,25637,20487,26562,0%,Y,1512583,1208733,303850,0.2009
2025-02,Customer 16,Central Indonesia,Modern Trade,Distributor,SKU 18,Personal Care,178,28587,23934,27913,0%,N,5088486,4260252,828234,0.1628
2025-02,Customer 16,Central Indonesia,General Trade,Distributor,SKU 05,Snack,1134,14588,10250,14341,0%,Y,16542792,11623500,4919292,0.2974
2025-02,Customer 16,Central Indonesia,Online,Distributor,SKU 14,Frozen,840,14351,8759,14494,0%,N,12054840,7357560,4697280,0.3897
2025-02,Customer 16,Central Indonesia,Modern Trade,Distributor,SKU 09,Dairy,465,23011,14364,24380,0%,N,10700115,6679260,4020855,0.3758
2025-02,Customer 16,Central Indonesia,Modern Trade,Distributor,SKU 11,Dairy,218,10339,6391,10028,8%,N,2253902,1393238,860664,0.3819
2025-02,Customer 16,Central Indonesia,Modern Trade,Distributor,SKU 04,Beverage,571,20438,16506,20026,8%,N,11670098,9424926,2245172,0.1924
2025-02,Customer 16,Central Indonesia,General Trade,Distributor,SKU 10,Dairy,121,50903,35886,54289,5%,N,6159263,4342206,1817057,0.295
2025-02,Customer 16,Central Indonesia,Modern Trade,Distributor,SKU 07,Snack,1081,46582,29579,47034,0%,N,50355142,31974899,18380243,0.365
2025-02,Customer 16,Central Indonesia,General Trade,Distributor,SKU 16,Frozen,349,43859,33253,48192,3%,Y,15306791,11605297,3701494,0.2418
2025-02,Customer 16,Central Indonesia,Online,Distributor,SKU 08,Snack,256,31781,26275,29926,3%,N,8135936,6726400,1409536,0.1732
2025-02,Customer 17,Central Indonesia,Modern Trade,Distributor,SKU 16,Frozen,679,49035,34476,49164,0%,Y,33294765,23409204,9885561,0.2969
2025-02,Customer 17,Central Indonesia,General Trade,Distributor,SKU 04,Beverage,146,20555,12646,19250,0%,N,3001030,1846316,1154714,0.3848
2025-02,Customer 17,Central Indonesia,Modern Trade,Distributor,SKU 17,Personal Care,290,24514,15267,22575,3%,Y,7109060,4427430,2681630,0.3772
2025-02,Customer 17,Central Indonesia,Modern Trade,Distributor,SKU 06,Snack,189,25702,17744,24435,0%,N,4857678,3353616,1504062,0.3096
2025-02,Customer 17,Central Indonesia,Modern Trade,Distributor,SKU 10,Dairy,542,46118,34451,47289,3%,N,24995956,18672442,6323514,0.253
2025-02,Customer 17,Central Indonesia,Modern Trade,Distributor,SKU 14,Frozen,866,13464,8686,12652,0%,N,11659824,7522076,4137748,0.3549
2025-02,Customer 17,Central Indonesia,General Trade,Distributor,SKU 12,Dairy,91,8892,6283,8147,0%,Y,809172,571753,237419,0.2934
2025-02,Customer 17,Central Indonesia,Modern Trade,Distributor,SKU 03,Beverage,575,47745,35557,46411,0%,N,27453375,20445275,7008100,0.2553
2025-02,Customer 17,Central Indonesia,Modern Trade,Distributor,SKU 08,Snack,652,31393,26156,29219,0%,N,20468236,17053712,3414524,0.1668
2025-02,Customer 17,Central Indonesia,General Trade,Distributor,SKU 02,Beverage,815,9296,7636,8401,0%,N,7576240,6223340,1352900,0.1786
2025-02,Customer 18,Central Indonesia,General Trade,Retailer,SKU 12,Dairy,604,8361,7057,9087,5%,N,5050044,4262428,787616,0.156
2025-02,Customer 18,Central Indonesia,Modern Trade,Retailer,SKU 06,Snack,763,25612,21550,23720,3%,N,19541956,16442650,3099306,0.1586
2025-02,Customer 18,Central Indonesia,Modern Trade,Retailer,SKU 01,Beverage,896,24297,18988,22582,0%,N,21770112,17013248,4756864,0.2185
2025-02,Customer 18,Central Indonesia,Modern Trade,Retailer,SKU 02,Beverage,364,8480,5947,7968,8%,N,3086720,2164708,922012,0.2987
2025-02,Customer 18,Central Indonesia,General Trade,Retailer,SKU 07,Snack,363,47327,32226,43949,3%,N,17179701,11698038,5481663,0.3191
2025-02,Customer 18,Central Indonesia,Modern Trade,Retailer,SKU 15,Frozen,502,47930,39581,50924,3%,Y,24060860,19869662,4191198,0.1742
2025-02,Customer 18,Central Indonesia,Online,Retailer,SKU 10,Dairy,627,52039,35158,55756,0%,N,32628453,22044066,10584387,0.3244
2025-02,Customer 18,Central Indonesia,Modern Trade,Retailer,SKU 20,Personal Care,937,15421,11883,15422,0%,N,14449477,11134371,3315106,0.2294
2025-02,Customer 19,East Indonesia,Modern Trade,Retailer,SKU 16,Frozen,699,49014,37712,52670,0%,Y,34260786,26360688,7900098,0.2306
2025-02,Customer 19,East Indonesia,Modern Trade,Retailer,SKU 01,Beverage,323,25544,16716,23983,3%,N,8250712,5399268,2851444,0.3456
2025-02,Customer 19,East Indonesia,Modern Trade,Retailer,SKU 20,Personal Care,719,14169,10548,14104,8%,N,10187511,7584012,2603499,0.2556
2025-02,Customer 19,East Indonesia,General Trade,Retailer,SKU 12,Dairy,50,9062,5675,9371,0%,N,453100,283750,169350,0.3738
2025-02,Customer 19,East Indonesia,Modern Trade,Retailer,SKU 04,Beverage,916,19979,12549,21522,8%,Y,18300764,11494884,6805880,0.3719
2025-02,Customer 19,East Indonesia,General Trade,Retailer,SKU 09,Dairy,311,25416,16730,26074,0%,N,7904376,5203030,2701346,0.3418
2025-02,Customer 19,East Indonesia,Online,Retailer,SKU 15,Frozen,390,46424,39407,43838,0%,Y,18105360,15368730,2736630,0.1512
2025-02,Customer 19,East Indonesia,Modern Trade,Retailer,SKU 18,Personal Care,373,27076,19769,29133,0%,N,10099348,7373837,2725511,0.2699
2025-02,Customer 19,East Indonesia,General Trade,Retailer,SKU 07,Snack,583,42034,29389,41624,0%,N,24505822,17133787,7372035,0.3008
2025-02,Customer 19,East Indonesia,Modern Trade,Retailer,SKU 08,Snack,378,29588,23559,31483,0%,N,11184264,8905302,2278962,0.2038
2025-02,Customer 20,East Indonesia,General Trade,Key Account,SKU 20,Personal Care,643,14425,9669,15154,5%,N,9275275,6217167,3058108,0.3297
2025-02,Customer 20,East Indonesia,Modern Trade,Key Account,SKU 12,Dairy,366,9370,6630,9393,0%,N,3429420,2426580,1002840,0.2924
2025-02,Customer 20,East Indonesia,Modern Trade,Key Account,SKU 15,Frozen,204,47422,29764,52110,0%,N,9674088,6071856,3602232,0.3724
2025-02,Customer 20,East Indonesia,Modern Trade,Key Account,SKU 08,Snack,898,28881,21838,28604,3%,N,25935138,19610524,6324614,0.2439
2025-02,Customer 20,East Indonesia,Online,Key Account,SKU 11,Dairy,231,9698,7907,8747,0%,N,2240238,1826517,413721,0.1847
2025-02,Customer 20,East Indonesia,General Trade,Key Account,SKU 13,Frozen,116,10405,8810,9881,8%,N,1206980,1021960,185020,0.1533
2025-02,Customer 20,East Indonesia,General Trade,Key Account,SKU 03,Beverage,98,48838,32563,52342,8%,N,4786124,3191174,1594950,0.3332
2025-02,Customer 20,East Indonesia,Modern Trade,Key Account,SKU 18,Personal Care,720,25628,21169,28149,0%,N,18452160,15241680,3210480,0.174
2025-02,Customer 21,Central Indonesia,Modern Trade,Retailer,SKU 16,Frozen,601,43945,36358,46768,0%,N,26410945,21851158,4559787,0.1726
2025-02,Customer 21,Central Indonesia,Modern Trade,Retailer,SKU 20,Personal Care,222,14341,11250,14169,0%,N,3183702,2497500,686202,0.2155
2025-02,Customer 21,Central Indonesia,Online,Retailer,SKU 05,Snack,1009,14879,12404,15830,0%,N,15012911,12515636,2497275,0.1663
2025-02,Customer 21,Central Indonesia,Modern Trade,Retailer,SKU 12,Dairy,152,8472,5881,8547,3%,Y,1287744,893912,393832,0.3058
2025-02,Customer 21,Central Indonesia,General Trade,Retailer,SKU 08,Snack,1054,28496,20283,29377,3%,N,30034784,21378282,8656502,0.2882
2025-02,Customer 21,Central Indonesia,Modern Trade,Retailer,SKU 17,Personal Care,779,25760,16019,25314,0%,Y,20067040,12478801,7588239,0.3781
2025-02,Customer 21,Central Indonesia,General Trade,Retailer,SKU 06,Snack,428,23899,20132,24853,0%,N,10228772,8616496,1612276,0.1576
2025-02,Customer 21,Central Indonesia,Modern Trade,Retailer,SKU 19,Personal Care,1112,34586,27353,37914,5%,N,38459632,30416536,8043096,0.2091
2025-02,Customer 21,Central Indonesia,General Trade,Retailer,SKU 01,Beverage,124,24284,18414,24435,5%,N,3011216,2283336,727880,0.2417
2025-02,Customer 21,Central Indonesia,Modern Trade,Retailer,SKU 02,Beverage,327,9297,5738,8950,0%,N,3040119,1876326,1163793,0.3828
2025-02,Customer 21,Central Indonesia,General Trade,Retailer,SKU 10,Dairy,615,51641,39877,48974,8%,N,31759215,24524355,7234860,0.2278
2025-02,Customer 21,Central Indonesia,General Trade,Retailer,SKU 09,Dairy,102,24355,17816,25390,0%,Y,2484210,1817232,666978,0.2685
2025-02,Customer 21,Central Indonesia,Modern Trade,Retailer,SKU 18,Personal Care,174,27227,19857,25589,0%,N,4737498,3455118,1282380,0.2707
2025-02,Customer 21,Central Indonesia,General Trade,Retailer,SKU 13,Frozen,1008,10126,6216,9601,0%,N,10207008,6265728,3941280,0.3861
2025-02,Customer 21,Central Indonesia,Online,Retailer,SKU 14,Frozen,404,12880,8017,11607,0%,N,5203520,3238868,1964652,0.3776
2025-02,Customer 22,West Indonesia,Modern Trade,Distributor,SKU 06,Snack,118,26401,16599,26411,3%,N,3115318,1958682,1156636,0.3713
2025-02,Customer 22,West Indonesia,Modern Trade,Distributor,SKU 03,Beverage,305,44784,32459,48121,0%,Y,13659120,9899995,3759125,0.2752
2025-02,Customer 22,West Indonesia,General Trade,Distributor,SKU 20,Personal Care,197,13847,10469,12989,3%,N,2727859,2062393,665466,0.244
2025-02,Customer 22,West Indonesia,Modern Trade,Distributor,SKU 09,Dairy,620,25221,17288,26978,5%,N,15637020,10718560,4918460,0.3145
2025-02,Customer 22,West Indonesia,General Trade,Distributor,SKU 01,Beverage,1089,24714,19802,24195,0%,Y,26913546,21564378,5349168,0.1988
2025-02,Customer 22,West Indonesia,General Trade,Distributor,SKU 15,Frozen,499,44994,33559,46066,3%,N,22452006,16745941,5706065,0.2541
2025-02,Customer 22,West Indonesia,General Trade,Distributor,SKU 18,Personal Care,837,26048,19512,23583,0%,N,21802176,16331544,5470632,0.2509
2025-02,Customer 22,West Indonesia,Modern Trade,Distributor,SKU 13,Frozen,113,10792,9057,10738,0%,N,1219496,1023441,196055,0.1608
2025-02,Customer 23,Central Indonesia,General Trade,Retailer,SKU 18,Personal Care,123,28095,19256,25670,0%,N,3455685,2368488,1087197,0.3146
2025-02,Customer 23,Central Indonesia,Modern Trade,Retailer,SKU 15,Frozen,558,48326,36415,45346,3%,N,26965908,20319570,6646338,0.2465
2025-02,Customer 23,Central Indonesia,General Trade,Retailer,SKU 03,Beverage,129,48887,30409,52285,0%,Y,6306423,3922761,2383662,0.378
2025-02,Customer 23,Central Indonesia,Modern Trade,Retailer,SKU 05,Snack,415,14812,11808,13747,0%,N,6146980,4900320,1246660,0.2028
2025-02,Customer 23,Central Indonesia,Online,Retailer,SKU 13,Frozen,865,10135,7499,10473,8%,N,8766775,6486635,2280140,0.2601
2025-02,Customer 23,Central Indonesia,Modern Trade,Retailer,SKU 20,Personal Care,1058,14847,9624,14942,0%,N,15708126,10182192,5525934,0.3518
2025-02,Customer 23,Central Indonesia,General Trade,Retailer,SKU 17,Personal Care,985,24761,18152,25259,0%,Y,24389585,17879720,6509865,0.2669
2025-02,Customer 23,Central Indonesia,Modern Trade,Retailer,SKU 06,Snack,256,26433,19710,24431,0%,N,6766848,5045760,1721088,0.2543
2025-02,Customer 23,Central Indonesia,General Trade,Retailer,SKU 01,Beverage,668,24429,18464,24379,0%,N,16318572,12333952,3984620,0.2442
2025-02,Customer 23,Central Indonesia,Modern Trade,Retailer,SKU 11,Dairy,768,9216,7384,8451,3%,N,7077888,5670912,1406976,0.1988
2025-02,Customer 23,Central Indonesia,Modern Trade,Retailer,SKU 07,Snack,1003,47400,30061,51129,0%,N,47542200,30151183,17391017,0.3658
2025-02,Customer 23,Central Indonesia,General Trade,Retailer,SKU 09,Dairy,447,24934,15189,24117,0%,N,11145498,6789483,4356015,0.3908
2025-02,Customer 24,East Indonesia,Modern Trade,Key Account,SKU 12,Dairy,323,8425,6798,9235,5%,N,2721275,2195754,525521,0.1931
2025-02,Customer 24,East Indonesia,Modern Trade,Key Account,SKU 11,Dairy,103,8991,7269,8173,5%,N,926073,748707,177366,0.1915
2025-02,Customer 24,East Indonesia,General Trade,Key Account,SKU 17,Personal Care,563,23933,16712,25660,3%,N,13474279,9408856,4065423,0.3017
2025-02,Customer 24,East Indonesia,Modern Trade,Key Account,SKU 04,Beverage,133,19645,16132,19268,5%,N,2612785,2145556,467229,0.1788
2025-02,Customer 24,East Indonesia,General Trade,Key Account,SKU 02,Beverage,966,8554,6238,8870,0%,N,8263164,6025908,2237256,0.2708
2025-02,Customer 24,East Indonesia,Modern Trade,Key Account,SKU 03,Beverage,859,43171,30426,40338,0%,N,37083889,26135934,10947955,0.2952
2025-02,Customer 24,East Indonesia,General Trade,Key Account,SKU 01,Beverage,1057,23099,15131,21262,8%,N,24415643,15993467,8422176,0.3449
2025-02,Customer 24,East Indonesia,General Trade,Key Account,SKU 13,Frozen,1150,11207,7780,10264,8%,N,12888050,8947000,3941050,0.3058
2025-02,Customer 25,East Indonesia,Modern Trade,Retailer,SKU 07,Snack,452,43733,33078,42622,3%,N,19767316,14951256,4816060,0.2436
2025-02,Customer 25,East Indonesia,General Trade,Retailer,SKU 17,Personal Care,979,23687,16143,22019,0%,N,23189573,15803997,7385576,0.3185
2025-02,Customer 25,East Indonesia,Online,Retailer,SKU 06,Snack,693,26647,18265,28451,0%,N,18466371,12657645,5808726,0.3146
2025-02,Customer 25,East Indonesia,Online,Retailer,SKU 03,Beverage,339,45757,36796,41974,8%,N,15511623,12473844,3037779,0.1958
2025-02,Customer 25,East Indonesia,Online,Retailer,SKU 02,Beverage,324,9327,5907,9796,3%,N,3021948,1913868,1108080,0.3667
2025-02,Customer 25,East Indonesia,General Trade,Retailer,SKU 18,Personal Care,622,25988,18377,24507,8%,N,16164536,11430494,4734042,0.2929
2025-02,Customer 25,East Indonesia,General Trade,Retailer,SKU 01,Beverage,346,22671,18125,20693,0%,N,7844166,6271250,1572916,0.2005
2025-02,Customer 25,East Indonesia,General Trade,Retailer,SKU 20,Personal Care,1035,15508,11796,16986,5%,N,16050780,12208860,3841920,0.2394
2025-02,Customer 25,East Indonesia,General Trade,Retailer,SKU 04,Beverage,985,19717,16022,19884,0%,N,19421245,15781670,3639575,0.1874
2025-02,Customer 25,East Indonesia,Modern Trade,Retailer,SKU 10,Dairy,799,49005,31036,46963,0%,N,39154995,24797764,14357231,0.3667
2025-02,Customer 25,East Indonesia,Modern Trade,Retailer,SKU 11,Dairy,891,9645,6192,9452,3%,Y,8593695,5517072,3076623,0.358
2025-02,Customer 25,East Indonesia,Modern Trade,Retailer,SKU 14,Frozen,1132,13519,10358,14062,0%,N,15303508,11725256,3578252,0.2338
2025-02,Customer 25,East Indonesia,General Trade,Retailer,SKU 13,Frozen,922,11157,7059,11174,0%,N,10286754,6508398,3778356,0.3673
2025-02,Customer 25,East Indonesia,General Trade,Retailer,SKU 05,Snack,718,14760,11003,15835,0%,N,10597680,7900154,2697526,0.2545
2025-02,Customer 25,East Indonesia,General Trade,Retailer,SKU 15,Frozen,1025,45639,36019,48958,0%,N,46779975,36919475,9860500,0.2108
2025-02,Customer 26,West Indonesia,General Trade,Distributor,SKU 10,Dairy,579,51607,31056,49844,0%,Y,29880453,17981424,11899029,0.3982
2025-02,Customer 26,West Indonesia,Online,Distributor,SKU 06,Snack,720,24935,15738,25612,0%,N,17953200,11331360,6621840,0.3688
2025-02,Customer 26,West Indonesia,Modern Trade,Distributor,SKU 19,Personal Care,114,33871,21921,36823,0%,N,3861294,2498994,1362300,0.3528
2025-02,Customer 26,West Indonesia,General Trade,Distributor,SKU 14,Frozen,1037,14148,10019,14082,5%,N,14671476,10389703,4281773,0.2918
2025-02,Customer 26,West Indonesia,Online,Distributor,SKU 11,Dairy,921,10126,7309,9229,0%,N,9326046,6731589,2594457,0.2782
2025-02,Customer 26,West Indonesia,Modern Trade,Distributor,SKU 07,Snack,521,43593,36605,44289,0%,N,22711953,19071205,3640748,0.1603
2025-02,Customer 26,West Indonesia,Modern Trade,Distributor,SKU 08,Snack,278,27828,20721,25905,0%,N,7736184,5760438,1975746,0.2554
2025-02,Customer 26,West Indonesia,Online,Distributor,SKU 09,Dairy,101,22386,14077,22261,0%,N,2260986,1421777,839209,0.3712
2025-02,Customer 26,West Indonesia,Modern Trade,Distributor,SKU 20,Personal Care,410,14559,12046,15463,0%,N,5969190,4938860,1030330,0.1726
2025-02,Customer 26,West Indonesia,General Trade,Distributor,SKU 13,Frozen,732,10616,8870,9605,3%,N,7770912,6492840,1278072,0.1645
2025-02,Customer 26,West Indonesia,Modern Trade,Distributor,SKU 03,Beverage,1063,47879,40642,48244,0%,N,50895377,43202446,7692931,0.1512
2025-02,Customer 27,East Indonesia,Modern Trade,Retailer,SKU 14,Frozen,251,14153,8594,12829,0%,N,3552403,2157094,1395309,0.3928
2025-02,Customer 27,East Indonesia,Modern Trade,Retailer,SKU 19,Personal Care,821,35765,28701,33793,0%,N,29363065,23563521,5799544,0.1975
2025-02,Customer 27,East Indonesia,Modern Trade,Retailer,SKU 07,Snack,1138,46266,33671,50586,5%,N,52650708,38317598,14333110,0.2722
2025-02,Customer 27,East Indonesia,General Trade,Retailer,SKU 17,Personal Care,709,27091,17908,29398,0%,N,19207519,12696772,6510747,0.339
2025-02,Customer 27,East Indonesia,General Trade,Retailer,SKU 11,Dairy,1082,9316,6943,8616,3%,N,10079912,7512326,2567586,0.2547
2025-02,Customer 27,East Indonesia,Modern Trade,Retailer,SKU 01,Beverage,201,25300,21293,24394,3%,N,5085300,4279893,805407,0.1584
2025-02,Customer 27,East Indonesia,Modern Trade,Retailer,SKU 10,Dairy,842,50947,31226,49788,0%,N,42897374,26292292,16605082,0.3871
2025-02,Customer 27,East Indonesia,Modern Trade,Retailer,SKU 02,Beverage,184,9495,7385,9996,5%,N,1747080,1358840,388240,0.2222
2025-02,Customer 27,East Indonesia,Modern Trade,Retailer,SKU 18,Personal Care,498,28109,23775,29128,3%,N,13998282,11839950,2158332,0.1542
2025-02,Customer 27,East Indonesia,General Trade,Retailer,SKU 15,Frozen,537,45789,27562,50244,0%,N,24588693,14800794,9787899,0.3981
2025-02,Customer 27,East Indonesia,Modern Trade,Retailer,SKU 03,Beverage,1120,48482,34148,52727,0%,N,54299840,38245760,16054080,0.2957
2025-02,Customer 27,East Indonesia,General Trade,Retailer,SKU 16,Frozen,543,44916,30855,45318,0%,Y,24389388,16754265,7635123,0.3131
2025-02,Customer 28,West Indonesia,Online,Distributor,SKU 02,Beverage,1099,8868,7045,9479,3%,N,9745932,7742455,2003477,0.2056
2025-02,Customer 28,West Indonesia,General Trade,Distributor,SKU 12,Dairy,393,8959,7599,8467,5%,Y,3520887,2986407,534480,0.1518
2025-02,Customer 28,West Indonesia,Modern Trade,Distributor,SKU 01,Beverage,567,23049,18506,22801,3%,N,13068783,10492902,2575881,0.1971
2025-02,Customer 28,West Indonesia,General Trade,Distributor,SKU 16,Frozen,1057,45112,34536,48857,5%,Y,47683384,36504552,11178832,0.2344
2025-02,Customer 28,West Indonesia,Modern Trade,Distributor,SKU 17,Personal Care,671,24646,17710,25036,3%,N,16537466,11883410,4654056,0.2814
2025-02,Customer 28,West Indonesia,Modern Trade,Distributor,SKU 07,Snack,1157,45329,27777,45256,0%,N,52445653,32137989,20307664,0.3872
2025-02,Customer 28,West Indonesia,Modern Trade,Distributor,SKU 14,Frozen,452,13635,8360,13782,0%,N,6163020,3778720,2384300,0.3869
2025-02,Customer 28,West Indonesia,General Trade,Distributor,SKU 15,Frozen,365,47341,29661,50256,0%,N,17279465,10826265,6453200,0.3735
2025-02,Customer 29,West Indonesia,General Trade,Retailer,SKU 16,Frozen,127,45076,28208,44972,3%,N,5724652,3582416,2142236,0.3742
2025-02,Customer 29,West Indonesia,General Trade,Retailer,SKU 15,Frozen,1134,48516,39154,44394,0%,Y,55017144,44400636,10616508,0.193
2025-02,Customer 29,West Indonesia,Modern Trade,Retailer,SKU 10,Dairy,172,48656,40134,47553,8%,N,8368832,6903048,1465784,0.1751
2025-02,Customer 29,West Indonesia,General Trade,Retailer,SKU 19,Personal Care,265,37927,23822,36221,0%,N,10050655,6312830,3737825,0.3719
2025-02,Customer 29,West Indonesia,General Trade,Retailer,SKU 03,Beverage,799,45892,36588,47307,0%,N,36667708,29233812,7433896,0.2027
2025-02,Customer 29,West Indonesia,Online,Retailer,SKU 11,Dairy,1014,10206,8609,9318,3%,N,10348884,8729526,1619358,0.1565
2025-02,Customer 29,West Indonesia,Online,Retailer,SKU 12,Dairy,483,8247,6288,8926,0%,N,3983301,3037104,946197,0.2375
2025-02,Customer 29,West Indonesia,General Trade,Retailer,SKU 09,Dairy,1094,22474,13845,23934,0%,N,24586556,15146430,9440126,0.384
2025-02,Customer 29,West Indonesia,Modern Trade,Retailer,SKU 14,Frozen,271,14223,10813,14295,8%,Y,3854433,2930323,924110,0.2398
2025-02,Customer 29,West Indonesia,General Trade,Retailer,SKU 13,Frozen,718,11235,8599,11795,0%,N,8066730,6174082,1892648,0.2346
2025-02,Customer 29,West Indonesia,General Trade,Retailer,SKU 07,Snack,1070,43861,27690,39824,5%,N,46931270,29628300,17302970,0.3687
2025-02,Customer 30,East Indonesia,General Trade,Retailer,SKU 07,Snack,815,45295,34036,45540,3%,N,36915425,27739340,9176085,0.2486
2025-02,Customer 30,East Indonesia,Modern Trade,Retailer,SKU 17,Personal Care,536,24285,15713,22133,5%,N,13016760,8422168,4594592,0.353
2025-02,Customer 30,East Indonesia,Modern Trade,Retailer,SKU 08,Snack,873,30083,18873,33081,0%,N,26262459,16476129,9786330,0.3726
2025-02,Customer 30,East Indonesia,General Trade,Retailer,SKU 04,Beverage,634,18587,11275,19054,3%,N,11784158,7148350,4635808,0.3934
2025-02,Customer 30,East Indonesia,Modern Trade,Retailer,SKU 12,Dairy,587,8356,5749,7737,5%,N,4904972,3374663,1530309,0.312
2025-02,Customer 30,East Indonesia,Modern Trade,Retailer,SKU 05,Snack,867,14294,9803,14586,5%,N,12392898,8499201,3893697,0.3142
2025-02,Customer 30,East Indonesia,Modern Trade,Retailer,SKU 01,Beverage,852,24568,19866,25784,0%,N,20931936,16925832,4006104,0.1914
2025-02,Customer 30,East Indonesia,Modern Trade,Retailer,SKU 03,Beverage,609,42606,30164,46474,5%,N,25947054,18369876,7577178,0.292
2025-02,Customer 30,East Indonesia,General Trade,Retailer,SKU 09,Dairy,849,22777,15006,24666,0%,N,19337673,12740094,6597579,0.3412
2025-02,Customer 30,East Indonesia,General Trade,Retailer,SKU 14,Frozen,573,12719,8293,12091,3%,N,7287987,4751889,2536098,0.348
2025-02,Customer 30,East Indonesia,Modern Trade,Retailer,SKU 15,Frozen,734,47687,32301,46785,0%,N,35002258,23708934,11293324,0.3226
2025-02,Customer 30,East Indonesia,General Trade,Retailer,SKU 20,Personal Care,1145,15331,9411,15201,5%,N,17553995,10775595,6778400,0.3861
2025-02,Customer 30,East Indonesia,Online,Retailer,SKU 10,Dairy,204,45975,35131,42929,0%,N,9378900,7166724,2212176,0.2359
2025-02,Customer 30,East Indonesia,General Trade,Retailer,SKU 19,Personal Care,706,34874,25465,31882,0%,N,24621044,17978290,6642754,0.2698
2025-03,Customer 01,Central Indonesia,Modern Trade,Retailer,SKU 03,Beverage,451,42869,25910,40058,0%,N,19333919,11685410,7648509,0.3956
2025-03,Customer 01,Central Indonesia,Modern Trade,Retailer,SKU 07,Snack,1196,44650,30604,40246,3%,N,53401400,36602384,16799016,0.3146
2025-03,Customer 01,Central Indonesia,Modern Trade,Retailer,SKU 20,Personal Care,960,13547,11132,12798,5%,N,13005120,10686720,2318400,0.1783
2025-03,Customer 01,Central Indonesia,Modern Trade,Retailer,SKU 08,Snack,197,29910,19574,30349,0%,Y,5892270,3856078,2036192,0.3456
2025-03,Customer 01,Central Indonesia,Modern Trade,Retailer,SKU 06,Snack,1191,26339,20659,24059,8%,N,31369749,24604869,6764880,0.2156
2025-03,Customer 01,Central Indonesia,General Trade,Retailer,SKU 02,Beverage,1238,9173,6093,8307,3%,N,11356174,7543134,3813040,0.3358
2025-03,Customer 01,Central Indonesia,Online,Retailer,SKU 16,Frozen,802,50475,42648,47183,3%,Y,40480950,34203696,6277254,0.1551
2025-03,Customer 01,Central Indonesia,Online,Retailer,SKU 09,Dairy,1046,23137,18623,21801,3%,N,24201302,19479658,4721644,0.1951
2025-03,Customer 01,Central Indonesia,General Trade,Retailer,SKU 10,Dairy,1215,47022,29200,48246,0%,N,57131730,35478000,21653730,0.379
2025-03,Customer 01,Central Indonesia,Modern Trade,Retailer,SKU 17,Personal Care,295,24192,16326,23087,0%,N,7136640,4816170,2320470,0.3251
2025-03,Customer 01,Central Indonesia,General Trade,Retailer,SKU 12,Dairy,995,8547,7225,8403,8%,Y,8504265,7188875,1315390,0.1547
2025-03,Customer 01,Central Indonesia,Modern Trade,Retailer,SKU 15,Frozen,375,42551,25727,43895,5%,N,15956625,9647625,6309000,0.3954
2025-03,Customer 01,Central Indonesia,Modern Trade,Retailer,SKU 14,Frozen,418,13304,10786,13858,0%,N,5561072,4508548,1052524,0.1893
2025-03,Customer 01,Central Indonesia,General Trade,Retailer,SKU 18,Personal Care,1091,27769,17548,26657,3%,Y,30295979,19144868,11151111,0.3681
2025-03,Customer 01,Central Indonesia,General Trade,Retailer,SKU 04,Beverage,897,18945,15587,19759,8%,N,16993665,13981539,3012126,0.1772
2025-03,Customer 02,West Indonesia,General Trade,Retailer,SKU 10,Dairy,393,50580,42303,49925,0%,N,19877940,16625079,3252861,0.1636
2025-03,Customer 02,West Indonesia,Modern Trade,Retailer,SKU 16,Frozen,482,46604,36328,48768,5%,N,22463128,17510096,4953032,0.2205
2025-03,Customer 02,West Indonesia,Modern Trade,Retailer,SKU 17,Personal Care,598,24961,17723,25351,3%,N,14926678,10598354,4328324,0.29
2025-03,Customer 02,West Indonesia,General Trade,Retailer,SKU 15,Frozen,753,46121,28282,42022,3%,N,34729113,21296346,13432767,0.3868
2025-03,Customer 02,West Indonesia,General Trade,Retailer,SKU 20,Personal Care,1020,14350,10353,15546,0%,N,14637000,10560060,4076940,0.2785
2025-03,Customer 02,West Indonesia,Modern Trade,Retailer,SKU 03,Beverage,737,46794,33836,46456,8%,N,34487178,24937132,9550046,0.2769
2025-03,Customer 02,West Indonesia,Online,Retailer,SKU 01,Beverage,207,23654,17071,24302,0%,N,4896378,3533697,1362681,0.2783
2025-03,Customer 02,West Indonesia,Modern Trade,Retailer,SKU 07,Snack,1228,42295,31963,44646,0%,N,51938260,39250564,12687696,0.2443
2025-03,Customer 02,West Indonesia,Online,Retailer,SKU 09,Dairy,988,25380,21151,23477,0%,N,25075440,20897188,4178252,0.1666
2025-03,Customer 03,East Indonesia,Online,Key Account,SKU 19,Personal Care,1036,35053,25705,37159,3%,N,36314908,26630380,9684528,0.2667
2025-03,Customer 03,East Indonesia,Modern Trade,Key Account,SKU 08,Snack,734,29535,19451,31776,0%,N,21678690,14277034,7401656,0.3414
2025-03,Customer 03,East Indonesia,Online,Key Account,SKU 15,Frozen,854,44124,37483,43311,3%,N,37681896,32010482,5671414,0.1505
2025-03,Customer 03,East Indonesia,General Trade,Key Account,SKU 10,Dairy,878,45410,28626,49033,0%,N,39869980,25133628,14736352,0.3696
2025-03,Customer 03,East Indonesia,Modern Trade,Key Account,SKU 01,Beverage,920,23415,19593,24688,5%,N,21541800,18025560,3516240,0.1632
2025-03,Customer 03,East Indonesia,Modern Trade,Key Account,SKU 11,Dairy,718,9978,6838,10604,0%,N,7164204,4909684,2254520,0.3147
2025-03,Customer 03,East Indonesia,Online,Key Account,SKU 13,Frozen,275,11017,7406,10025,0%,Y,3029675,2036650,993025,0.3278
2025-03,Customer 03,East Indonesia,Online,Key Account,SKU 20,Personal Care,753,13874,9710,13975,0%,N,10447122,7311630,3135492,0.3001
2025-03,Customer 03,East Indonesia,General Trade,Key Account,SKU 14,Frozen,695,12276,7517,11887,8%,N,8531820,5224315,3307505,0.3877
2025-03,Customer 03,East Indonesia,General Trade,Key Account,SKU 18,Personal Care,1140,27764,17159,27781,0%,N,31650960,19561260,12089700,0.382
2025-03,Customer 04,Central Indonesia,Modern Trade,Retailer,SKU 04,Beverage,123,19145,15093,19324,0%,N,2354835,1856439,498396,0.2116
2025-03,Customer 04,Central Indonesia,Online,Retailer,SKU 07,Snack,397,43725,26241,47376,0%,N,17358825,10417677,6941148,0.3999
2025-03,Customer 04,Central Indonesia,General Trade,Retailer,SKU 08,Snack,728,28053,16943,30638,3%,N,20422584,12334504,8088080,0.396
2025-03,Customer 04,Central Indonesia,General Trade,Retailer,SKU 10,Dairy,918,47316,32175,50176,0%,N,43436088,29536650,13899438,0.32
2025-03,Customer 04,Central Indonesia,Modern Trade,Retailer,SKU 18,Personal Care,523,26112,18458,27158,0%,N,13656576,9653534,4003042,0.2931
2025-03,Customer 04,Central Indonesia,General Trade,Retailer,SKU 14,Frozen,503,12414,8043,12070,0%,N,6244242,4045629,2198613,0.3521
2025-03,Customer 04,Central Indonesia,General Trade,Retailer,SKU 06,Snack,216,26234,18973,26183,5%,N,5666544,4098168,1568376,0.2768
2025-03,Customer 04,Central Indonesia,General Trade,Retailer,SKU 02,Beverage,1196,8623,6234,8171,0%,N,10313108,7455864,2857244,0.277
2025-03,Customer 05,West Indonesia,General Trade,Distributor,SKU 09,Dairy,895,24013,16064,21979,0%,N,21491635,14377280,7114355,0.331
2025-03,Customer 05,West Indonesia,Modern Trade,Distributor,SKU 16,Frozen,158,45970,34060,48194,5%,Y,7263260,5381480,1881780,0.2591
2025-03,Customer 05,West Indonesia,General Trade,Distributor,SKU 02,Beverage,579,9390,6461,9050,0%,N,5436810,3740919,1695891,0.3119
2025-03,Customer 05,West Indonesia,Modern Trade,Distributor,SKU 05,Snack,336,14308,9423,13231,3%,N,4807488,3166128,1641360,0.3414
2025-03,Customer 05,West Indonesia,Online,Distributor,SKU 12,Dairy,351,8116,5127,8105,0%,N,2848716,1799577,1049139,0.3683
2025-03,Customer 05,West Indonesia,Modern Trade,Distributor,SKU 15,Frozen,140,42534,26728,46782,5%,N,5954760,3741920,2212840,0.3716
2025-03,Customer 05,West Indonesia,General Trade,Distributor,SKU 20,Personal Care,155,14920,9381,15418,5%,N,2312600,1454055,858545,0.3712
2025-03,Customer 05,West Indonesia,Online,Distributor,SKU 06,Snack,138,23268,16348,23907,0%,N,3210984,2256024,954960,0.2974
2025-03,Customer 05,West Indonesia,General Trade,Distributor,SKU 08,Snack,179,31114,19586,28595,0%,Y,5569406,3505894,2063512,0.3705
2025-03,Customer 05,West Indonesia,General Trade,Distributor,SKU 03,Beverage,995,49453,36839,45005,0%,Y,49205735,36654805,12550930,0.2551
2025-03,Customer 05,West Indonesia,Online,Distributor,SKU 07,Snack,359,43045,33850,44471,8%,N,15453155,12152150,3301005,0.2136
2025-03,Customer 06,West Indonesia,Online,Retailer,SKU 06,Snack,287,26382,15895,26760,3%,N,7571634,4561865,3009769,0.3975
2025-03,Customer 06,West Indonesia,Online,Retailer,SKU 15,Frozen,1016,43693,27486,39515,5%,N,44392088,27925776,16466312,0.3709
2025-03,Customer 06,West Indonesia,Modern Trade,Retailer,SKU 10,Dairy,438,45868,30465,42207,8%,Y,20090184,13343670,6746514,0.3358
2025-03,Customer 06,West Indonesia,Modern Trade,Retailer,SKU 17,Personal Care,1068,26353,16838,28156,0%,N,28145004,17982984,10162020,0.3611
2025-03,Customer 06,West Indonesia,General Trade,Retailer,SKU 01,Beverage,447,21896,18031,20856,8%,N,9787512,8059857,1727655,0.1765
2025-03,Customer 06,West Indonesia,Modern Trade,Retailer,SKU 07,Snack,446,44016,30836,43985,0%,Y,19631136,13752856,5878280,0.2994
2025-03,Customer 06,West Indonesia,Modern Trade,Retailer,SKU 02,Beverage,155,9246,7404,8999,0%,N,1433130,1147620,285510,0.1992
2025-03,Customer 06,West Indonesia,General Trade,Retailer,SKU 16,Frozen,821,46143,32374,45028,0%,Y,37883403,26579054,11304349,0.2984
2025-03,Customer 06,West Indonesia,Modern Trade,Retailer,SKU 20,Personal Care,558,15515,12337,15758,3%,N,8657370,6884046,1773324,0.2048
2025-03,Customer 06,West Indonesia,General Trade,Retailer,SKU 11,Dairy,434,9497,7700,9783,5%,N,4121698,3341800,779898,0.1892
2025-03,Customer 06,West Indonesia,General Trade,Retailer,SKU 03,Beverage,525,43165,31770,45383,0%,N,22661625,16679250,5982375,0.264
2025-03,Customer 06,West Indonesia,General Trade,Retailer,SKU 19,Personal Care,295,33819,21064,36469,0%,N,9976605,6213880,3762725,0.3772
2025-03,Customer 06,West Indonesia,General Trade,Retailer,SKU 09,Dairy,1197,23639,17433,24411,0%,N,28295883,20867301,7428582,0.2625
2025-03,Customer 06,West Indonesia,Online,Retailer,SKU 08,Snack,404,31647,20227,33815,8%,N,12785388,8171708,4613680,0.3609
2025-03,Customer 06,West Indonesia,Modern Trade,Retailer,SKU 14,Frozen,847,12891,9791,13995,0%,Y,10918677,8292977,2625700,0.2405
2025-03,Customer 07,West Indonesia,Modern Trade,Key Account,SKU 14,Frozen,507,14360,11123,14854,0%,N,7280520,5639361,1641159,0.2254
2025-03,Customer 07,West Indonesia,Modern Trade,Key Account,SKU 09,Dairy,1128,22184,16810,22475,0%,N,25023552,18961680,6061872,0.2422
2025-03,Customer 07,West Indonesia,General Trade,Key Account,SKU 07,Snack,1202,47426,32744,49045,0%,N,57006052,39358288,17647764,0.3096
2025-03,Customer 07,West Indonesia,Modern Trade,Key Account,SKU 02,Beverage,514,8426,6239,7725,3%,N,4330964,3206846,1124118,0.2596
2025-03,Customer 07,West Indonesia,Modern Trade,Key Account,SKU 13,Frozen,118,9726,6872,10054,3%,N,1147668,810896,336772,0.2934
2025-03,Customer 07,West Indonesia,Modern Trade,Key Account,SKU 18,Personal Care,1012,26602,22471,25363,0%,N,26921224,22740652,4180572,0.1553
2025-03,Customer 07,West Indonesia,General Trade,Key Account,SKU 16,Frozen,911,44683,28931,42773,3%,N,40706213,26356141,14350072,0.3525
2025-03,Customer 07,West Indonesia,Modern Trade,Key Account,SKU 10,Dairy,943,48443,29950,53093,3%,N,45681749,28242850,17438899,0.3817
2025-03,Customer 07,West Indonesia,Modern Trade,Key Account,SKU 04,Beverage,1114,18282,11015,19290,0%,N,20366148,12270710,8095438,0.3975
2025-03,Customer 08,Central Indonesia,General Trade,Key Account,SKU 05,Snack,947,14323,11165,15605,0%,Y,13563881,10573255,2990626,0.2205
2025-03,Customer 08,Central Indonesia,Online,Key Account,SKU 06,Snack,748,25606,19496,26798,8%,N,19153288,14583008,4570280,0.2386
2025-03,Customer 08,Central Indonesia,Modern Trade,Key Account,SKU 17,Personal Care,1244,25833,16069,27125,8%,N,32136252,19989836,12146416,0.378
2025-03,Customer 08,Central Indonesia,Modern Trade,Key Account,SKU 15,Frozen,835,45405,37671,45847,3%,N,37913175,31455285,6457890,0.1703
2025-03,Customer 08,Central Indonesia,Modern Trade,Key Account,SKU 11,Dairy,602,9002,7400,8668,8%,N,5419204,4454800,964404,0.178
2025-03,Customer 08,Central Indonesia,Modern Trade,Key Account,SKU 03,Beverage,576,45390,29493,44351,5%,N,26144640,16987968,9156672,0.3502
2025-03,Customer 08,Central Indonesia,Modern Trade,Key Account,SKU 12,Dairy,284,8445,6940,8168,0%,N,2398380,1970960,427420,0.1782
2025-03,Customer 08,Central Indonesia,General Trade,Key Account,SKU 14,Frozen,270,13070,10405,12235,0%,N,3528900,2809350,719550,0.2039
2025-03,Customer 09,West Indonesia,Modern Trade,Key Account,SKU 01,Beverage,1176,24190,14813,21929,3%,N,28447440,17420088,11027352,0.3876
2025-03,Customer 09,West Indonesia,Modern Trade,Key Account,SKU 16,Frozen,1242,48059,33709,46591,3%,N,59689278,41866578,17822700,0.2986
2025-03,Customer 09,West Indonesia,Modern Trade,Key Account,SKU 17,Personal Care,914,24619,19765,24806,8%,Y,22501766,18065210,4436556,0.1972
2025-03,Customer 09,West Indonesia,Modern Trade,Key Account,SKU 15,Frozen,289,47478,31094,50292,3%,N,13721142,8986166,4734976,0.3451
2025-03,Customer 09,West Indonesia,General Trade,Key Account,SKU 02,Beverage,1090,8884,5590,8221,0%,N,9683560,6093100,3590460,0.3708
2025-03,Customer 09,West Indonesia,Modern Trade,Key Account,SKU 18,Personal Care,571,27350,23045,26083,5%,N,15616850,13158695,2458155,0.1574
2025-03,Customer 09,West Indonesia,General Trade,Key Account,SKU 07,Snack,770,43581,26865,41299,0%,N,33557370,20686050,12871320,0.3836
2025-03,Customer 09,West Indonesia,General Trade,Key Account,SKU 20,Personal Care,610,14191,9029,15504,8%,N,8656510,5507690,3148820,0.3638
2025-03,Customer 10,East Indonesia,General Trade,Retailer,SKU 13,Frozen,601,10494,8230,10434,3%,N,6306894,4946230,1360664,0.2157
2025-03,Customer 10,East Indonesia,General Trade,Retailer,SKU 08,Snack,891,32352,19611,31480,3%,N,28825632,17473401,11352231,0.3938
2025-03,Customer 10,East Indonesia,Modern Trade,Retailer,SKU 06,Snack,797,26544,15986,25218,5%,N,21155568,12740842,8414726,0.3978
2025-03,Customer 10,East Indonesia,Online,Retailer,SKU 10,Dairy,425,50775,38378,51373,0%,N,21579375,16310650,5268725,0.2442
2025-03,Customer 10,East Indonesia,Modern Trade,Retailer,SKU 02,Beverage,252,8863,5637,8568,3%,N,2233476,1420524,812952,0.364
2025-03,Customer 10,East Indonesia,Modern Trade,Retailer,SKU 14,Frozen,1174,12797,7761,12935,0%,Y,15023678,9111414,5912264,0.3935
2025-03,Customer 10,East Indonesia,Modern Trade,Retailer,SKU 01,Beverage,1013,22805,15527,23155,0%,Y,23101465,15728851,7372614,0.3191
2025-03,Customer 10,East Indonesia,Modern Trade,Retailer,SKU 20,Personal Care,572,13513,10323,14181,0%,N,7729436,5904756,1824680,0.2361
2025-03,Customer 10,East Indonesia,General Trade,Retailer,SKU 05,Snack,1178,15135,9375,16406,0%,N,17829030,11043750,6785280,0.3806
2025-03,Customer 10,East Indonesia,General Trade,Retailer,SKU 17,Personal Care,455,27129,22665,24886,0%,N,12343695,10312575,2031120,0.1645
2025-03,Customer 10,East Indonesia,Modern Trade,Retailer,SKU 07,Snack,1214,46777,31422,45432,3%,Y,56787278,38146308,18640970,0.3283
2025-03,Customer 10,East Indonesia,Modern Trade,Retailer,SKU 19,Personal Care,705,38773,30524,35806,8%,N,27334965,21519420,5815545,0.2128
2025-03,Customer 10,East Indonesia,Online,Retailer,SKU 18,Personal Care,469,27530,20308,25945,0%,N,12911570,9524452,3387118,0.2623
2025-03,Customer 10,East Indonesia,General Trade,Retailer,SKU 16,Frozen,429,49593,40909,46571,3%,Y,21275397,17549961,3725436,0.1751
2025-03,Customer 10,East Indonesia,General Trade,Retailer,SKU 04,Beverage,891,17853,11166,16780,0%,N,15907023,9948906,5958117,0.3746
2025-03,Customer 11,East Indonesia,General Trade,Retailer,SKU 09,Dairy,243,23400,19345,21459,5%,N,5686200,4700835,985365,0.1733
2025-03,Customer 11,East Indonesia,Modern Trade,Retailer,SKU 15,Frozen,897,45779,37707,44960,5%,N,41063763,33823179,7240584,0.1763
2025-03,Customer 11,East Indonesia,Online,Retailer,SKU 11,Dairy,1179,10241,6371,9873,0%,Y,12074139,7511409,4562730,0.3779
2025-03,Customer 11,East Indonesia,Modern Trade,Retailer,SKU 05,Snack,1088,14313,9123,14969,0%,N,15572544,9925824,5646720,0.3626
2025-03,Customer 11,East Indonesia,Online,Retailer,SKU 13,Frozen,538,10177,8005,10699,3%,N,5475226,4306690,1168536,0.2134
2025-03,Customer 11,East Indonesia,General Trade,Retailer,SKU 17,Personal Care,1205,26765,17926,28763,5%,Y,32251825,21600830,10650995,0.3302
2025-03,Customer 11,East Indonesia,Modern Trade,Retailer,SKU 08,Snack,375,31681,24028,32031,3%,N,11880375,9010500,2869875,0.2416
2025-03,Customer 11,East Indonesia,General Trade,Retailer,SKU 07,Snack,663,47829,32396,43200,0%,N,31710627,21478548,10232079,0.3227
2025-03,Customer 11,East Indonesia,General Trade,Retailer,SKU 02,Beverage,1031,8445,6753,8301,0%,N,8706795,6962343,1744452,0.2004
2025-03,Customer 11,East Indonesia,Modern Trade,Retailer,SKU 14,Frozen,495,13824,10581,14677,3%,N,6842880,5237595,1605285,0.2346
2025-03,Customer 12,East Indonesia,Modern Trade,Retailer,SKU 17,Personal Care,725,23888,16947,22890,0%,N,17318800,12286575,5032225,0.2906
2025-03,Customer 12,East Indonesia,General Trade,Retailer,SKU 11,Dairy,223,8964,6667,8098,5%,N,1998972,1486741,512231,0.2562
2025-03,Customer 12,East Indonesia,Online,Retailer,SKU 18,Personal Care,300,27589,18095,26731,3%,Y,8276700,5428500,2848200,0.3441
2025-03,Customer 12,East Indonesia,Modern Trade,Retailer,SKU 20,Personal Care,849,13792,11510,12725,5%,N,11709408,9771990,1937418,0.1655
2025-03,Customer 12,East Indonesia,Modern Trade,Retailer,SKU 06,Snack,462,26816,20642,29459,0%,N,12388992,9536604,2852388,0.2302
2025-03,Customer 12,East Indonesia,Modern Trade,Retailer,SKU 15,Frozen,1009,45953,34319,50207,0%,Y,46366577,34627871,11738706,0.2532
2025-03,Customer 12,East Indonesia,Modern Trade,Retailer,SKU 10,Dairy,1129,47415,31773,44229,5%,N,53531535,35871717,17659818,0.3299
2025-03,Customer 12,East Indonesia,Modern Trade,Retailer,SKU 12,Dairy,65,8797,6621,8422,5%,N,571805,430365,141440,0.2474
2025-03,Customer 12,East Indonesia,General Trade,Retailer,SKU 08,Snack,798,29625,19902,29348,0%,N,23640750,15881796,7758954,0.3282
2025-03,Customer 12,East Indonesia,Modern Trade,Retailer,SKU 13,Frozen,853,10402,7549,10878,8%,N,8872906,6439297,2433609,0.2743
2025-03,Customer 12,East Indonesia,Modern Trade,Retailer,SKU 03,Beverage,447,48830,36186,47198,0%,Y,21827010,16175142,5651868,0.2589
2025-03,Customer 12,East Indonesia,Online,Retailer,SKU 05,Snack,668,13716,9102,12859,0%,Y,9162288,6080136,3082152,0.3364
2025-03,Customer 12,East Indonesia,General Trade,Retailer,SKU 04,Beverage,1086,19174,13581,20092,0%,N,20822964,14748966,6073998,0.2917
2025-03,Customer 12,East Indonesia,Modern Trade,Retailer,SKU 19,Personal Care,379,34812,21755,35971,0%,N,13193748,8245145,4948603,0.3751
2025-03,Customer 13,Central Indonesia,Modern Trade,Distributor,SKU 01,Beverage,501,25138,17518,27325,0%,N,12594138,8776518,3817620,0.3031
2025-03,Customer 13,Central Indonesia,General Trade,Distributor,SKU 18,Personal Care,707,26830,20025,28006,0%,N,18968810,14157675,4811135,0.2536
2025-03,Customer 13,Central Indonesia,Modern Trade,Distributor,SKU 05,Snack,967,13565,9550,13833,0%,Y,13117355,9234850,3882505,0.296
2025-03,Customer 13,Central Indonesia,Modern Trade,Distributor,SKU 19,Personal Care,202,37807,28378,37868,8%,N,7637014,5732356,1904658,0.2494
2025-03,Customer 13,Central Indonesia,Online,Distributor,SKU 08,Snack,1198,30603,18911,33404,0%,Y,36662394,22655378,14007016,0.3821
2025-03,Customer 13,Central Indonesia,Modern Trade,Distributor,SKU 15,Frozen,75,47396,32169,44099,0%,N,3554700,2412675,1142025,0.3213
2025-03,Customer 13,Central Indonesia,Online,Distributor,SKU 14,Frozen,885,13566,9293,13388,0%,Y,12005910,8224305,3781605,0.315
2025-03,Customer 13,Central Indonesia,Modern Trade,Distributor,SKU 17,Personal Care,760,26403,16038,24159,5%,N,20066280,12188880,7877400,0.3926
2025-03,Customer 14,East Indonesia,General Trade,Key Account,SKU 10,Dairy,315,46730,28479,44510,0%,Y,14719950,8970885,5749065,0.3906
2025-03,Customer 14,East Indonesia,Online,Key Account,SKU 08,Snack,1003,31405,21804,28702,8%,Y,31499215,21869412,9629803,0.3057
2025-03,Customer 14,East Indonesia,Modern Trade,Key Account,SKU 05,Snack,1175,13789,8868,14921,0%,N,16202075,10419900,5782175,0.3569
2025-03,Customer 14,East Indonesia,Online,Key Account,SKU 15,Frozen,1032,48502,31188,52167,3%,N,50054064,32186016,17868048,0.357
2025-03,Customer 14,East Indonesia,Online,Key Account,SKU 17,Personal Care,1199,24675,19258,25435,0%,N,29585325,23090342,6494983,0.2195
2025-03,Customer 14,East Indonesia,Modern Trade,Key Account,SKU 18,Personal Care,142,29757,21389,31341,0%,N,4225494,3037238,1188256,0.2812
2025-03,Customer 14,East Indonesia,General Trade,Key Account,SKU 07,Snack,199,46445,28412,48890,0%,Y,9242555,5653988,3588567,0.3883
2025-03,Customer 14,East Indonesia,Modern Trade,Key Account,SKU 04,Beverage,847,20744,16546,22438,0%,Y,17570168,14014462,3555706,0.2024
2025-03,Customer 14,East Indonesia,General Trade,Key Account,SKU 16,Frozen,673,46129,33913,47998,0%,N,31044817,22823449,8221368,0.2648
2025-03,Customer 14,East Indonesia,Modern Trade,Key Account,SKU 19,Personal Care,1047,39235,32081,40736,5%,N,41079045,33588807,7490238,0.1823
2025-03,Customer 14,East Indonesia,Modern Trade,Key Account,SKU 09,Dairy,829,24413,15018,24640,3%,N,20238377,12449922,7788455,0.3848
2025-03,Customer 14,East Indonesia,General Trade,Key Account,SKU 20,Personal Care,1079,14058,8900,14082,0%,N,15168582,9603100,5565482,0.3669
2025-03,Customer 14,East Indonesia,Modern Trade,Key Account,SKU 02,Beverage,127,9345,6315,9290,0%,Y,1186815,802005,384810,0.3242
2025-03,Customer 14,East Indonesia,General Trade,Key Account,SKU 03,Beverage,706,48389,33252,45094,0%,N,34162634,23475912,10686722,0.3128
2025-03,Customer 15,West Indonesia,Modern Trade,Key Account,SKU 02,Beverage,394,9293,6225,9300,0%,N,3661442,2452650,1208792,0.3301
2025-03,Customer 15,West Indonesia,Modern Trade,Key Account,SKU 06,Snack,1015,23153,19067,24264,5%,N,23500295,19353005,4147290,0.1765
2025-03,Customer 15,West Indonesia,Modern Trade,Key Account,SKU 04,Beverage,732,19604,14180,21502,0%,N,14350128,10379760,3970368,0.2767
2025-03,Customer 15,West Indonesia,Online,Key Account,SKU 08,Snack,205,30614,21844,33166,0%,N,6275870,4478020,1797850,0.2865
2025-03,Customer 15,West Indonesia,General Trade,Key Account,SKU 13,Frozen,611,10907,7620,10144,0%,N,6664177,4655820,2008357,0.3014
2025-03,Customer 15,West Indonesia,Modern Trade,Key Account,SKU 19,Personal Care,706,38366,30647,37963,0%,N,27086396,21636782,5449614,0.2012
2025-03,Customer 15,West Indonesia,Modern Trade,Key Account,SKU 20,Personal Care,204,14358,10375,15227,5%,N,2929032,2116500,812532,0.2774
2025-03,Customer 15,West Indonesia,General Trade,Key Account,SKU 18,Personal Care,946,26808,19010,26540,0%,N,25360368,17983460,7376908,0.2909
2025-03,Customer 15,West Indonesia,Modern Trade,Key Account,SKU 05,Snack,128,13541,9360,13874,0%,Y,1733248,1198080,535168,0.3088
2025-03,Customer 16,West Indonesia,General Trade,Retailer,SKU 14,Frozen,653,12516,8625,13356,0%,Y,8172948,5632125,2540823,0.3109
2025-03,Customer 16,West Indonesia,Online,Retailer,SKU 09,Dairy,1228,23337,19826,21895,0%,N,28657836,24346328,4311508,0.1504
2025-03,Customer 16,West Indonesia,Modern Trade,Retailer,SKU 06,Snack,160,23835,19553,24885,0%,N,3813600,3128480,685120,0.1797
2025-03,Customer 16,West Indonesia,Modern Trade,Retailer,SKU 19,Personal Care,156,39088,31313,40593,8%,N,6097728,4884828,1212900,0.1989
2025-03,Customer 16,West Indonesia,General Trade,Retailer,SKU 11,Dairy,381,9672,7699,8864,0%,N,3685032,2933319,751713,0.204
2025-03,Customer 16,West Indonesia,Modern Trade,Retailer,SKU 15,Frozen,644,44532,37241,44183,0%,N,28678608,23983204,4695404,0.1637
2025-03,Customer 16,West Indonesia,General Trade,Retailer,SKU 10,Dairy,140,50963,41622,52686,8%,Y,7134820,5827080,1307740,0.1833
2025-03,Customer 16,West Indonesia,Online,Retailer,SKU 05,Snack,874,14891,9920,15546,0%,N,13014734,8670080,4344654,0.3338
2025-03,Customer 17,West Indonesia,General Trade,Retailer,SKU 07,Snack,948,43573,36001,42233,0%,N,41307204,34128948,7178256,0.1738
2025-03,Customer 17,West Indonesia,General Trade,Retailer,SKU 13,Frozen,612,11204,8550,10974,8%,N,6856848,5232600,1624248,0.2369
2025-03,Customer 17,West Indonesia,Modern Trade,Retailer,SKU 18,Personal Care,1100,29013,23001,31462,0%,N,31914300,25301100,6613200,0.2072
2025-03,Customer 17,West Indonesia,Modern Trade,Retailer,SKU 08,Snack,503,28786,23852,30268,5%,N,14479358,11997556,2481802,0.1714
2025-03,Customer 17,West Indonesia,General Trade,Retailer,SKU 12,Dairy,989,8827,5585,9590,0%,N,8729903,5523565,3206338,0.3673
2025-03,Customer 17,West Indonesia,Online,Retailer,SKU 17,Personal Care,1080,27102,16821,25981,0%,N,29270160,18166680,11103480,0.3793
2025-03,Customer 17,West Indonesia,General Trade,Retailer,SKU 10,Dairy,271,48172,38473,45000,0%,N,13054612,10426183,2628429,0.2013
2025-03,Customer 17,West Indonesia,Modern Trade,Retailer,SKU 05,Snack,625,14907,9329,13717,0%,Y,9316875,5830625,3486250,0.3742
2025-03,Customer 17,West Indonesia,Online,Retailer,SKU 09,Dairy,1133,22606,15271,24740,0%,N,25612598,17302043,8310555,0.3245
2025-03,Customer 17,West Indonesia,Modern Trade,Retailer,SKU 04,Beverage,1167,18800,13919,19795,5%,N,21939600,16243473,5696127,0.2596
2025-03,Customer 17,West Indonesia,Modern Trade,Retailer,SKU 06,Snack,113,23429,18133,24617,5%,N,2647477,2049029,598448,0.226
2025-03,Customer 17,West Indonesia,Modern Trade,Retailer,SKU 11,Dairy,1103,9095,6666,8271,5%,N,10031785,7352598,2679187,0.2671
2025-03,Customer 18,West Indonesia,Modern Trade,Retailer,SKU 15,Frozen,257,42156,33786,39554,0%,N,10834092,8683002,2151090,0.1985
2025-03,Customer 18,West Indonesia,Modern Trade,Retailer,SKU 03,Beverage,390,43397,27375,39315,3%,Y,16924830,10676250,6248580,0.3692
2025-03,Customer 18,West Indonesia,General Trade,Retailer,SKU 09,Dairy,113,25036,21234,22785,5%,Y,2829068,2399442,429626,0.1519
2025-03,Customer 18,West Indonesia,General Trade,Retailer,SKU 12,Dairy,423,8359,6068,7997,5%,N,3535857,2566764,969093,0.2741
2025-03,Customer 18,West Indonesia,Modern Trade,Retailer,SKU 05,Snack,123,15319,11287,15756,5%,N,1884237,1388301,495936,0.2632
2025-03,Customer 18,West Indonesia,General Trade,Retailer,SKU 16,Frozen,380,46048,38751,47249,0%,N,17498240,14725380,2772860,0.1585
2025-03,Customer 18,West Indonesia,General Trade,Retailer,SKU 07,Snack,931,42098,27960,41929,0%,N,39193238,26030760,13162478,0.3358
2025-03,Customer 18,West Indonesia,Modern Trade,Retailer,SKU 08,Snack,486,29018,20041,31857,3%,Y,14102748,9739926,4362822,0.3094
2025-03,Customer 18,West Indonesia,Modern Trade,Retailer,SKU 19,Personal Care,1187,35640,29114,36407,0%,N,42304680,34558318,7746362,0.1831
2025-03,Customer 19,West Indonesia,General Trade,Distributor,SKU 06,Snack,1017,23350,17626,24645,3%,N,23746950,17925642,5821308,0.2451
2025-03,Customer 19,West Indonesia,Modern Trade,Distributor,SKU 19,Personal Care,723,34709,29371,35950,3%,Y,25094607,21235233,3859374,0.1538
2025-03,Customer 19,West Indonesia,General Trade,Distributor,SKU 02,Beverage,442,9392,7289,9468,0%,N,4151264,3221738,929526,0.2239
2025-03,Customer 19,West Indonesia,General Trade,Distributor,SKU 16,Frozen,532,47298,29628,47479,0%,N,25162536,15762096,9400440,0.3736
2025-03,Customer 19,West Indonesia,Modern Trade,Distributor,SKU 08,Snack,402,27942,20448,28438,0%,Y,11232684,8220096,3012588,0.2682
2025-03,Customer 19,West Indonesia,General Trade,Distributor,SKU 01,Beverage,694,24853,20139,25444,5%,N,17247982,13976466,3271516,0.1897
2025-03,Customer 19,West Indonesia,Modern Trade,Distributor,SKU 17,Personal Care,850,25256,19256,26823,0%,N,21467600,16367600,5100000,0.2376
2025-03,Customer 19,West Indonesia,Modern Trade,Distributor,SKU 18,Personal Care,697,29157,18431,30262,3%,N,20322429,12846407,7476022,0.3679
2025-03,Customer 19,West Indonesia,General Trade,Distributor,SKU 04,Beverage,75,19188,13932,19238,0%,N,1439100,1044900,394200,0.2739
2025-03,Customer 19,West Indonesia,Modern Trade,Distributor,SKU 07,Snack,736,42225,29914,42361,3%,N,31077600,22016704,9060896,0.2916
2025-03,Customer 20,Central Indonesia,Modern Trade,Retailer,SKU 07,Snack,185,44905,29114,40621,0%,N,8307425,5386090,2921335,0.3517
2025-03,Customer 20,Central Indonesia,Online,Retailer,SKU 02,Beverage,348,8158,4966,8607,5%,N,2838984,1728168,1110816,0.3913
2025-03,Customer 20,Central Indonesia,General Trade,Retailer,SKU 14,Frozen,486,12969,10076,12336,0%,N,6302934,4896936,1405998,0.2231
2025-03,Customer 20,Central Indonesia,General Trade,Retailer,SKU 06,Snack,273,26411,18874,26396,0%,Y,7210203,5152602,2057601,0.2854
2025-03,Customer 20,Central Indonesia,Modern Trade,Retailer,SKU 01,Beverage,521,23432,15378,23335,8%,N,12208072,8011938,4196134,0.3437
2025-03,Customer 20,Central Indonesia,General Trade,Retailer,SKU 09,Dairy,97,23536,16378,24245,0%,N,2282992,1588666,694326,0.3041
2025-03,Customer 20,Central Indonesia,Modern Trade,Retailer,SKU 11,Dairy,882,9431,6385,9586,5%,N,8318142,5631570,2686572,0.323
2025-03,Customer 20,Central Indonesia,Modern Trade,Retailer,SKU 19,Personal Care,543,33832,27670,32769,0%,Y,18370776,15024810,3345966,0.1821
2025-03,Customer 20,Central Indonesia,Online,Retailer,SKU 18,Personal Care,676,28730,19030,30529,5%,N,19421480,12864280,6557200,0.3376
2025-03,Customer 20,Central Indonesia,General Trade,Retailer,SKU 13,Frozen,784,10261,7020,11002,0%,Y,8044624,5503680,2540944,0.3159
2025-03,Customer 21,East Indonesia,General Trade,Retailer,SKU 03,Beverage,1210,46071,31532,48359,0%,N,55745910,38153720,17592190,0.3156
2025-03,Customer 21,East Indonesia,Modern Trade,Retailer,SKU 12,Dairy,161,8853,6924,9052,0%,N,1425333,1114764,310569,0.2179
2025-03,Customer 21,East Indonesia,Modern Trade,Retailer,SKU 19,Personal Care,988,35280,21914,33336,5%,N,34856640,21651032,13205608,0.3789
2025-03,Customer 21,East Indonesia,Modern Trade,Retailer,SKU 13,Frozen,139,10915,7506,10682,0%,Y,1517185,1043334,473851,0.3123
2025-03,Customer 21,East Indonesia,Modern Trade,Retailer,SKU 10,Dairy,1140,52932,33966,55891,5%,N,60342480,38721240,21621240,0.3583
2025-03,Customer 21,East Indonesia,General Trade,Retailer,SKU 11,Dairy,455,9073,6742,9718,0%,N,4128215,3067610,1060605,0.2569
2025-03,Customer 21,East Indonesia,General Trade,Retailer,SKU 07,Snack,711,42942,31217,45609,3%,N,30531762,22195287,8336475,0.273
2025-03,Customer 21,East Indonesia,Online,Retailer,SKU 20,Personal Care,659,14904,10806,16155,5%,Y,9821736,7121154,2700582,0.275
2025-03,Customer 21,East Indonesia,General Trade,Retailer,SKU 14,Frozen,408,12446,10427,12960,0%,N,5077968,4254216,823752,0.1622
2025-03,Customer 21,East Indonesia,Online,Retailer,SKU 16,Frozen,656,47798,37215,49762,0%,N,31355488,24413040,6942448,0.2214
2025-03,Customer 21,East Indonesia,General Trade,Retailer,SKU 06,Snack,60,23339,17122,22953,0%,N,1400340,1027320,373020,0.2664
2025-03,Customer 21,East Indonesia,General Trade,Retailer,SKU 18,Personal Care,264,26400,21383,28484,8%,Y,6969600,5645112,1324488,0.19
2025-03,Customer 22,West Indonesia,General Trade,Retailer,SKU 04,Beverage,625,19200,11707,17474,8%,N,12000000,7316875,4683125,0.3903
2025-03,Customer 22,West Indonesia,General Trade,Retailer,SKU 13,Frozen,777,10542,6739,10570,5%,N,8191134,5236203,2954931,0.3607
2025-03,Customer 22,West Indonesia,General Trade,Retailer,SKU 11,Dairy,561,9539,5992,8663,5%,N,5351379,3361512,1989867,0.3718
2025-03,Customer 22,West Indonesia,General Trade,Retailer,SKU 16,Frozen,922,43744,29818,39862,0%,Y,40331968,27492196,12839772,0.3184
2025-03,Customer 22,West Indonesia,Modern Trade,Retailer,SKU 12,Dairy,628,8682,5779,9010,0%,N,5452296,3629212,1823084,0.3344
2025-03,Customer 22,West Indonesia,Online,Retailer,SKU 06,Snack,320,25959,15705,26318,5%,N,8306880,5025600,3281280,0.395
2025-03,Customer 22,West Indonesia,Modern Trade,Retailer,SKU 10,Dairy,322,46028,35916,49249,5%,N,14821016,11564952,3256064,0.2197
2025-03,Customer 22,West Indonesia,Modern Trade,Retailer,SKU 17,Personal Care,123,25569,17626,26299,5%,N,3144987,2167998,976989,0.3106
2025-03,Customer 22,West Indonesia,Online,Retailer,SKU 07,Snack,398,47144,34902,47406,3%,N,18763312,13890996,4872316,0.2597
2025-03,Customer 22,West Indonesia,Modern Trade,Retailer,SKU 09,Dairy,484,24110,16223,26181,3%,Y,11669240,7851932,3817308,0.3271
2025-03,Customer 22,West Indonesia,General Trade,Retailer,SKU 14,Frozen,1135,13273,8274,13929,0%,N,15064855,9390990,5673865,0.3766
2025-03,Customer 22,West Indonesia,Online,Retailer,SKU 01,Beverage,395,24702,15695,25109,0%,Y,9757290,6199525,3557765,0.3646
2025-03,Customer 23,East Indonesia,Modern Trade,Key Account,SKU 14,Frozen,576,12751,9076,13909,8%,N,7344576,5227776,2116800,0.2882
2025-03,Customer 23,East Indonesia,General Trade,Key Account,SKU 20,Personal Care,1249,15388,9253,16628,0%,Y,19219612,11556997,7662615,0.3987
2025-03,Customer 23,East Indonesia,General Trade,Key Account,SKU 09,Dairy,663,24820,17762,23229,0%,N,16455660,11776206,4679454,0.2844
2025-03,Customer 23,East Indonesia,Online,Key Account,SKU 02,Beverage,988,8275,6276,7792,0%,N,8175700,6200688,1975012,0.2416
2025-03,Customer 23,East Indonesia,General Trade,Key Account,SKU 17,Personal Care,702,26280,16644,28854,0%,N,18448560,11684088,6764472,0.3667
2025-03,Customer 23,East Indonesia,General Trade,Key Account,SKU 06,Snack,973,25810,17438,24046,0%,N,25113130,16967174,8145956,0.3244
2025-03,Customer 23,East Indonesia,General Trade,Key Account,SKU 03,Beverage,547,46301,34320,50573,3%,N,25326647,18773040,6553607,0.2588
2025-03,Customer 23,East Indonesia,Modern Trade,Key Account,SKU 10,Dairy,668,49984,31086,52116,3%,N,33389312,20765448,12623864,0.3781
2025-03,Customer 23,East Indonesia,General Trade,Key Account,SKU 12,Dairy,351,9172,7430,8876,5%,N,3219372,2607930,611442,0.1899
2025-03,Customer 23,East Indonesia,Modern Trade,Key Account,SKU 19,Personal Care,882,35662,24376,34528,5%,N,31453884,21499632,9954252,0.3165
2025-03,Customer 23,East Indonesia,Online,Key Account,SKU 08,Snack,195,29748,18078,26850,0%,N,5800860,3525210,2275650,0.3923
2025-03,Customer 23,East Indonesia,General Trade,Key Account,SKU 07,Snack,366,48261,29250,48733,0%,N,17663526,10705500,6958026,0.3939
2025-03,Customer 24,Central Indonesia,Modern Trade,Retailer,SKU 13,Frozen,97,11007,7262,11260,0%,N,1067679,704414,363265,0.3402
2025-03,Customer 24,Central Indonesia,Online,Retailer,SKU 18,Personal Care,83,27839,18467,30099,0%,N,2310637,1532761,777876,0.3367
2025-03,Customer 24,Central Indonesia,General Trade,Retailer,SKU 16,Frozen,821,46522,36375,49841,0%,N,38194562,29863875,8330687,0.2181
2025-03,Customer 24,Central Indonesia,Modern Trade,Retailer,SKU 10,Dairy,1246,48244,33833,51270,0%,Y,60112024,42155918,17956106,0.2987
2025-03,Customer 24,Central Indonesia,General Trade,Retailer,SKU 04,Beverage,52,18381,15191,18274,0%,N,955812,789932,165880,0.1735
2025-03,Customer 24,Central Indonesia,Modern Trade,Retailer,SKU 14,Frozen,988,13694,11100,14697,8%,Y,13529672,10966800,2562872,0.1894
2025-03,Customer 24,Central Indonesia,General Trade,Retailer,SKU 02,Beverage,1084,9066,6006,9088,3%,Y,9827544,6510504,3317040,0.3375
2025-03,Customer 24,Central Indonesia,Modern Trade,Retailer,SKU 11,Dairy,933,9935,8151,9517,3%,Y,9269355,7604883,1664472,0.1796
2025-03,Customer 24,Central Indonesia,Modern Trade,Retailer,SKU 05,Snack,778,13845,11675,13418,0%,N,10771410,9083150,1688260,0.1567
2025-03,Customer 24,Central Indonesia,Online,Retailer,SKU 08,Snack,117,27718,23145,27914,3%,N,3243006,2707965,535041,0.165
2025-03,Customer 25,West Indonesia,General Trade,Retailer,SKU 09,Dairy,622,25363,19694,24133,3%,N,15775786,12249668,3526118,0.2235
2025-03,Customer 25,West Indonesia,General Trade,Retailer,SKU 20,Personal Care,371,15044,11880,13673,0%,N,5581324,4407480,1173844,0.2103
2025-03,Customer 25,West Indonesia,Online,Retailer,SKU 16,Frozen,576,46393,33544,45584,0%,N,26722368,19321344,7401024,0.277
2025-03,Customer 25,West Indonesia,Modern Trade,Retailer,SKU 14,Frozen,52,13543,10729,13469,0%,N,704236,557908,146328,0.2078
2025-03,Customer 25,West Indonesia,Modern Trade,Retailer,SKU 15,Frozen,464,49278,30029,47445,0%,N,22864992,13933456,8931536,0.3906
2025-03,Customer 25,West Indonesia,General Trade,Retailer,SKU 17,Personal Care,841,26682,17135,28118,0%,N,22439562,14410535,8029027,0.3578
2025-03,Customer 25,West Indonesia,Modern Trade,Retailer,SKU 05,Snack,992,14139,8883,15547,0%,N,14025888,8811936,5213952,0.3717
2025-03,Customer 25,West Indonesia,Modern Trade,Retailer,SKU 07,Snack,301,46213,38140,45116,3%,Y,13910113,11480140,2429973,0.1747
2025-03,Customer 25,West Indonesia,Modern Trade,Retailer,SKU 02,Beverage,566,9270,7099,8660,3%,Y,5246820,4018034,1228786,0.2342
2025-03,Customer 25,West Indonesia,General Trade,Retailer,SKU 13,Frozen,625,11090,8122,11825,0%,Y,6931250,5076250,1855000,0.2676
2025-03,Customer 25,West Indonesia,Online,Retailer,SKU 18,Personal Care,793,28153,18730,30393,0%,Y,22325329,14852890,7472439,0.3347
2025-03,Customer 26,West Indonesia,General Trade,Distributor,SKU 14,Frozen,331,13915,9925,14857,0%,N,4605865,3285175,1320690,0.2867
2025-03,Customer 26,West Indonesia,Online,Distributor,SKU 02,Beverage,798,9013,6669,9242,0%,N,7192374,5321862,1870512,0.2601
2025-03,Customer 26,West Indonesia,General Trade,Distributor,SKU 04,Beverage,570,18063,14090,16602,3%,N,10295910,8031300,2264610,0.22
2025-03,Customer 26,West Indonesia,General Trade,Distributor,SKU 10,Dairy,902,51611,32158,47032,5%,N,46553122,29006516,17546606,0.3769
2025-03,Customer 26,West Indonesia,General Trade,Distributor,SKU 18,Personal Care,823,26530,20408,26387,0%,N,21834190,16795784,5038406,0.2308
2025-03,Customer 26,West Indonesia,Modern Trade,Distributor,SKU 08,Snack,1141,28553,18915,29062,3%,N,32578973,21582015,10996958,0.3375
2025-03,Customer 26,West Indonesia,General Trade,Distributor,SKU 17,Personal Care,220,26902,17672,28548,3%,N,5918440,3887840,2030600,0.3431
2025-03,Customer 26,West Indonesia,Modern Trade,Distributor,SKU 16,Frozen,544,49410,30868,52919,8%,N,26879040,16792192,10086848,0.3753
2025-03,Customer 26,West Indonesia,General Trade,Distributor,SKU 06,Snack,519,23928,14601,23693,3%,Y,12418632,7577919,4840713,0.3898
2025-03,Customer 26,West Indonesia,Modern Trade,Distributor,SKU 12,Dairy,1156,8729,6788,8053,8%,N,10090724,7846928,2243796,0.2224
2025-03,Customer 26,West Indonesia,General Trade,Distributor,SKU 20,Personal Care,52,14069,9085,13584,0%,N,731588,472420,259168,0.3543
2025-03,Customer 26,West Indonesia,Online,Distributor,SKU 15,Frozen,589,49108,31548,44343,0%,N,28924612,18581772,10342840,0.3576
2025-03,Customer 26,West Indonesia,Modern Trade,Distributor,SKU 09,Dairy,202,22905,15122,23891,0%,Y,4626810,3054644,1572166,0.3398
2025-03,Customer 27,East Indonesia,General Trade,Key Account,SKU 16,Frozen,842,49926,35488,54679,8%,N,42037692,29880896,12156796,0.2892
2025-03,Customer 27,East Indonesia,General Trade,Key Account,SKU 06,Snack,128,23621,16775,25114,0%,N,3023488,2147200,876288,0.2898
2025-03,Customer 27,East Indonesia,Modern Trade,Key Account,SKU 05,Snack,830,14952,11230,14936,5%,N,12410160,9320900,3089260,0.2489
2025-03,Customer 27,East Indonesia,General Trade,Key Account,SKU 17,Personal Care,1113,24771,20892,24316,3%,N,27570123,23252796,4317327,0.1566
2025-03,Customer 27,East Indonesia,General Trade,Key Account,SKU 03,Beverage,1115,48571,36366,53324,8%,N,54156665,40548090,13608575,0.2513
2025-03,Customer 27,East Indonesia,Modern Trade,Key Account,SKU 08,Snack,389,28923,17355,31431,0%,N,11251047,6751095,4499952,0.4
2025-03,Customer 27,East Indonesia,General Trade,Key Account,SKU 12,Dairy,461,8863,6561,9378,0%,Y,4085843,3024621,1061222,0.2597
2025-03,Customer 27,East Indonesia,Modern Trade,Key Account,SKU 04,Beverage,315,20715,15220,19141,3%,N,6525225,4794300,1730925,0.2653
2025-03,Customer 28,Central Indonesia,General Trade,Distributor,SKU 07,Snack,70,42494,29964,41442,0%,N,2974580,2097480,877100,0.2949
2025-03,Customer 28,Central Indonesia,General Trade,Distributor,SKU 01,Beverage,415,22633,18197,22571,3%,N,9392695,7551755,1840940,0.196
2025-03,Customer 28,Central Indonesia,Modern Trade,Distributor,SKU 19,Personal Care,720,35143,27503,32294,0%,Y,25302960,19802160,5500800,0.2174
2025-03,Customer 28,Central Indonesia,Online,Distributor,SKU 10,Dairy,1206,46920,32145,47140,0%,N,56585520,38766870,17818650,0.3149
2025-03,Customer 28,Central Indonesia,Modern Trade,Distributor,SKU 18,Personal Care,982,27168,22232,26271,0%,N,26678976,21831824,4847152,0.1817
2025-03,Customer 28,Central Indonesia,General Trade,Distributor,SKU 13,Frozen,535,10863,8099,11008,0%,N,5811705,4332965,1478740,0.2544
2025-03,Customer 28,Central Indonesia,General Trade,Distributor,SKU 16,Frozen,69,44250,31044,43676,0%,N,3053250,2142036,911214,0.2984
2025-03,Customer 28,Central Indonesia,Online,Distributor,SKU 12,Dairy,328,9205,7780,9937,0%,N,3019240,2551840,467400,0.1548
2025-03,Customer 28,Central Indonesia,Modern Trade,Distributor,SKU 14,Frozen,345,13444,9119,14071,0%,N,4638180,3146055,1492125,0.3217
2025-03,Customer 28,Central Indonesia,Modern Trade,Distributor,SKU 20,Personal Care,859,13818,9471,14043,5%,N,11869662,8135589,3734073,0.3146
2025-03,Customer 28,Central Indonesia,General Trade,Distributor,SKU 08,Snack,847,30082,19575,31868,0%,N,25479454,16580025,8899429,0.3493
2025-03,Customer 28,Central Indonesia,Modern Trade,Distributor,SKU 04,Beverage,886,18522,15323,16851,0%,Y,16410492,13576178,2834314,0.1727
2025-03,Customer 28,Central Indonesia,Modern Trade,Distributor,SKU 02,Beverage,999,8793,6780,9088,0%,Y,8784207,6773220,2010987,0.2289
2025-03,Customer 29,West Indonesia,General Trade,Distributor,SKU 15,Frozen,531,44829,33750,43416,0%,Y,23804199,17921250,5882949,0.2471
2025-03,Customer 29,West Indonesia,Modern Trade,Distributor,SKU 10,Dairy,796,52119,39730,47257,3%,Y,41486724,31625080,9861644,0.2377
2025-03,Customer 29,West Indonesia,Online,Distributor,SKU 12,Dairy,1021,8538,7206,8246,5%,N,8717298,7357326,1359972,0.156
2025-03,Customer 29,West Indonesia,Online,Distributor,SKU 19,Personal Care,798,39060,30000,38647,5%,N,31169880,23940000,7229880,0.232
2025-03,Customer 29,West Indonesia,General Trade,Distributor,SKU 02,Beverage,1191,8889,7192,9699,0%,N,10586799,8565672,2021127,0.1909
2025-03,Customer 29,West Indonesia,Modern Trade,Distributor,SKU 03,Beverage,194,46259,30533,47056,8%,N,8974246,5923402,3050844,0.34
2025-03,Customer 29,West Indonesia,Online,Distributor,SKU 13,Frozen,484,10923,8237,11228,8%,N,5286732,3986708,1300024,0.2459
2025-03,Customer 29,West Indonesia,Modern Trade,Distributor,SKU 06,Snack,375,23174,14900,21345,0%,Y,8690250,5587500,3102750,0.357
2025-03,Customer 29,West Indonesia,General Trade,Distributor,SKU 11,Dairy,594,9593,5911,8875,5%,N,5698242,3511134,2187108,0.3838
2025-03,Customer 29,West Indonesia,Modern Trade,Distributor,SKU 05,Snack,650,13528,9566,13707,0%,N,8793200,6217900,2575300,0.2929
2025-03,Customer 29,West Indonesia,General Trade,Distributor,SKU 14,Frozen,1078,13281,9504,14135,0%,N,14316918,10245312,4071606,0.2844
2025-03,Customer 29,West Indonesia,Modern Trade,Distributor,SKU 09,Dairy,308,22148,18160,23172,0%,N,6821584,5593280,1228304,0.1801
2025-03,Customer 29,West Indonesia,Online,Distributor,SKU 07,Snack,907,47580,29134,48040,0%,Y,43155060,26424538,16730522,0.3877
2025-03,Customer 29,West Indonesia,General Trade,Distributor,SKU 17,Personal Care,296,27172,19499,29887,0%,N,8042912,5771704,2271208,0.2824
2025-03,Customer 30,West Indonesia,Modern Trade,Distributor,SKU 10,Dairy,730,46944,34920,47084,3%,Y,34269120,25491600,8777520,0.2561
2025-03,Customer 30,West Indonesia,General Trade,Distributor,SKU 11,Dairy,731,10195,7550,10609,0%,N,7452545,5519050,1933495,0.2594
2025-03,Customer 30,West Indonesia,Online,Distributor,SKU 17,Personal Care,299,26001,16183,27122,3%,N,7774299,4838717,2935582,0.3776
2025-03,Customer 30,West Indonesia,General Trade,Distributor,SKU 14,Frozen,959,13008,8700,12661,5%,N,12474672,8343300,4131372,0.3312
2025-03,Customer 30,West Indonesia,Modern Trade,Distributor,SKU 08,Snack,448,30146,21512,27153,0%,N,13505408,9637376,3868032,0.2864
2025-03,Customer 30,West Indonesia,General Trade,Distributor,SKU 18,Personal Care,839,29977,23774,32706,0%,N,25150703,19946386,5204317,0.2069
2025-03,Customer 30,West Indonesia,General Trade,Distributor,SKU 19,Personal Care,964,38223,24365,36339,0%,N,36846972,23487860,13359112,0.3626
2025-03,Customer 30,West Indonesia,General Trade,Distributor,SKU 13,Frozen,713,10905,7274,9817,0%,N,7775265,5186362,2588903,0.333
2025-03,Customer 30,West Indonesia,General Trade,Distributor,SKU 03,Beverage,62,42806,28532,42120,0%,Y,2653972,1768984,884988,0.3335
2025-03,Customer 30,West Indonesia,General Trade,Distributor,SKU 15,Frozen,267,44133,28761,43393,3%,Y,11783511,7679187,4104324,0.3483
2025-03,Customer 30,West Indonesia,Modern Trade,Distributor,SKU 07,Snack,1034,48700,32990,46542,3%,N,50355800,34111660,16244140,0.3226
2025-03,Customer 30,West Indonesia,Modern Trade,Distributor,SKU 01,Beverage,510,22430,17062,24479,8%,N,11439300,8701620,2737680,0.2393
2025-03,Customer 30,West Indonesia,Online,Distributor,SKU 16,Frozen,627,45454,36403,43205,0%,N,28499658,22824681,5674977,0.1991
2025-03,Customer 30,West Indonesia,Modern Trade,Distributor,SKU 09,Dairy,936,25806,16100,23513,8%,Y,24154416,15069600,9084816,0.3761
2025-03,Customer 30,West Indonesia,General Trade,Distributor,SKU 20,Personal Care,1047,14867,9236,15323,0%,N,15565749,9670092,5895657,0.3788
2025-04,Customer 01,East Indonesia,Modern Trade,Retailer,SKU 17,Personal Care,694,24218,16444,23294,8%,N,16807292,11412136,5395156,0.321
2025-04,Customer 01,East Indonesia,Modern Trade,Retailer,SKU 20,Personal Care,752,14835,11819,14420,8%,N,11155920,8887888,2268032,0.2033
2025-04,Customer 01,East Indonesia,General Trade,Retailer,SKU 03,Beverage,588,47278,36789,45569,8%,N,27799464,21631932,6167532,0.2219
2025-04,Customer 01,East Indonesia,Modern Trade,Retailer,SKU 02,Beverage,864,8524,5874,8505,3%,N,7364736,5075136,2289600,0.3109
2025-04,Customer 01,East Indonesia,General Trade,Retailer,SKU 06,Snack,72,24800,19205,24262,8%,N,1785600,1382760,402840,0.2256
2025-04,Customer 01,East Indonesia,General Trade,Retailer,SKU 14,Frozen,677,12284,9081,12385,0%,N,8316268,6147837,2168431,0.2607
2025-04,Customer 01,East Indonesia,General Trade,Retailer,SKU 01,Beverage,620,24686,18895,22847,3%,N,15305320,11714900,3590420,0.2346
2025-04,Customer 01,East Indonesia,General Trade,Retailer,SKU 18,Personal Care,576,29172,23356,26928,8%,N,16803072,13453056,3350016,0.1994
2025-04,Customer 02,Central Indonesia,Online,Retailer,SKU 02,Beverage,236,8597,5592,8500,0%,Y,2028892,1319712,709180,0.3495
2025-04,Customer 02,Central Indonesia,Modern Trade,Retailer,SKU 08,Snack,279,27899,21465,27031,0%,Y,7783821,5988735,1795086,0.2306
2025-04,Customer 02,Central Indonesia,General Trade,Retailer,SKU 03,Beverage,173,49001,32114,48710,5%,N,8477173,5555722,2921451,0.3446
2025-04,Customer 02,Central Indonesia,Modern Trade,Retailer,SKU 06,Snack,61,25528,20724,25032,3%,N,1557208,1264164,293044,0.1882
2025-04,Customer 02,Central Indonesia,General Trade,Retailer,SKU 18,Personal Care,365,27900,19165,28767,3%,N,10183500,6995225,3188275,0.3131
2025-04,Customer 02,Central Indonesia,Modern Trade,Retailer,SKU 01,Beverage,1061,22480,16025,23322,3%,N,23851280,17002525,6848755,0.2871
2025-04,Customer 02,Central Indonesia,Modern Trade,Retailer,SKU 16,Frozen,682,46203,31525,46864,0%,N,31510446,21500050,10010396,0.3177
2025-04,Customer 02,Central Indonesia,Modern Trade,Retailer,SKU 13,Frozen,514,11198,6992,10438,0%,N,5755772,3593888,2161884,0.3756
2025-04,Customer 02,Central Indonesia,General Trade,Retailer,SKU 05,Snack,788,15060,9112,14388,0%,N,11867280,7180256,4687024,0.395
2025-04,Customer 02,Central Indonesia,Online,Retailer,SKU 09,Dairy,311,23897,15772,24100,5%,N,7431967,4905092,2526875,0.34
2025-04,Customer 03,Central Indonesia,General Trade,Key Account,SKU 06,Snack,89,24503,16097,23873,0%,N,2180767,1432633,748134,0.3431
2025-04,Customer 03,Central Indonesia,Modern Trade,Key Account,SKU 07,Snack,503,42704,35021,41953,0%,Y,21480112,17615563,3864549,0.1799
2025-04,Customer 03,Central Indonesia,Modern Trade,Key Account,SKU 20,Personal Care,301,15457,9324,15932,0%,Y,4652557,2806524,1846033,0.3968
2025-04,Customer 03,Central Indonesia,Modern Trade,Key Account,SKU 14,Frozen,72,12535,9080,11432,0%,N,902520,653760,248760,0.2756
2025-04,Customer 03,Central Indonesia,Online,Key Account,SKU 13,Frozen,689,10264,8479,11264,0%,N,7071896,5842031,1229865,0.1739
2025-04,Customer 03,Central Indonesia,Modern Trade,Key Account,SKU 02,Beverage,74,8741,6661,8926,0%,N,646834,492914,153920,0.238
2025-04,Customer 03,Central Indonesia,General Trade,Key Account,SKU 12,Dairy,386,8437,5087,8615,3%,N,3256682,1963582,1293100,0.3971
2025-04,Customer 03,Central Indonesia,Modern Trade,Key Account,SKU 01,Beverage,989,23473,16780,24071,3%,N,23214797,16595420,6619377,0.2851
2025-04,Customer 03,Central Indonesia,General Trade,Key Account,SKU 09,Dairy,151,24039,18894,21961,5%,N,3629889,2852994,776895,0.214
2025-04,Customer 03,Central Indonesia,General Trade,Key Account,SKU 04,Beverage,104,19954,16127,21337,0%,Y,2075216,1677208,398008,0.1918
2025-04,Customer 03,Central Indonesia,General Trade,Key Account,SKU 05,Snack,863,14682,11381,15981,3%,N,12670566,9821803,2848763,0.2248
2025-04,Customer 03,Central Indonesia,Modern Trade,Key Account,SKU 08,Snack,956,28594,19701,26741,0%,N,27335864,18834156,8501708,0.311
2025-04,Customer 03,Central Indonesia,General Trade,Key Account,SKU 16,Frozen,478,50792,34051,50263,0%,Y,24278576,16276378,8002198,0.3296
2025-04,Customer 03,Central Indonesia,Modern Trade,Key Account,SKU 18,Personal Care,646,28210,19879,25693,0%,N,18223660,12841834,5381826,0.2953
2025-04,Customer 03,Central Indonesia,Modern Trade,Key Account,SKU 17,Personal Care,943,23947,15107,24472,0%,Y,22582021,14245901,8336120,0.3691
2025-04,Customer 04,West Indonesia,General Trade,Distributor,SKU 16,Frozen,1077,45336,30185,44532,0%,N,48826872,32509245,16317627,0.3342
2025-04,Customer 04,West Indonesia,General Trade,Distributor,SKU 12,Dairy,872,8223,5506,7978,0%,N,7170456,4801232,2369224,0.3304
2025-04,Customer 04,West Indonesia,General Trade,Distributor,SKU 20,Personal Care,567,14549,10445,15224,3%,Y,8249283,5922315,2326968,0.2821
2025-04,Customer 04,West Indonesia,General Trade,Distributor,SKU 01,Beverage,298,25563,18592,24828,0%,N,7617774,5540416,2077358,0.2727
2025-04,Customer 04,West Indonesia,Modern Trade,Distributor,SKU 11,Dairy,102,9648,7630,9610,3%,N,984096,778260,205836,0.2092
2025-04,Customer 04,West Indonesia,General Trade,Distributor,SKU 13,Frozen,131,10069,6592,9374,3%,N,1319039,863552,455487,0.3453
2025-04,Customer 04,West Indonesia,General Trade,Distributor,SKU 19,Personal Care,607,38722,26585,40343,0%,N,23504254,16137095,7367159,0.3134
2025-04,Customer 04,West Indonesia,Online,Distributor,SKU 02,Beverage,278,8636,5362,7992,5%,Y,2400808,1490636,910172,0.3791
2025-04,Customer 04,West Indonesia,General Trade,Distributor,SKU 18,Personal Care,364,27398,19078,29271,0%,N,9972872,6944392,3028480,0.3037
2025-04,Customer 04,West Indonesia,Online,Distributor,SKU 14,Frozen,716,13780,10030,12517,3%,N,9866480,7181480,2685000,0.2721
2025-04,Customer 04,West Indonesia,Online,Distributor,SKU 05,Snack,282,13235,9838,12551,0%,N,3732270,2774316,957954,0.2567
2025-04,Customer 04,West Indonesia,General Trade,Distributor,SKU 07,Snack,557,45280,38400,41307,0%,N,25220960,21388800,3832160,0.1519
2025-04,Customer 04,West Indonesia,Modern Trade,Distributor,SKU 17,Personal Care,131,25493,16088,23272,3%,N,3339583,2107528,1232055,0.3689
2025-04,Customer 05,Central Indonesia,Modern Trade,Key Account,SKU 16,Frozen,277,45927,31845,46708,0%,N,12721779,8821065,3900714,0.3066
2025-04,Customer 05,Central Indonesia,Modern Trade,Key Account,SKU 06,Snack,62,24278,14610,23932,0%,N,1505236,905820,599416,0.3982
2025-04,Customer 05,Central Indonesia,Modern Trade,Key Account,SKU 09,Dairy,449,22772,18495,23220,0%,N,10224628,8304255,1920373,0.1878
2025-04,Customer 05,Central Indonesia,Modern Trade,Key Account,SKU 01,Beverage,694,22177,18536,24006,5%,N,15390838,12863984,2526854,0.1642
2025-04,Customer 05,Central Indonesia,General Trade,Key Account,SKU 10,Dairy,404,49337,40356,45504,0%,Y,19932148,16303824,3628324,0.182
2025-04,Customer 05,Central Indonesia,Modern Trade,Key Account,SKU 04,Beverage,470,20433,13361,20363,5%,N,9603510,6279670,3323840,0.3461
2025-04,Customer 05,Central Indonesia,Modern Trade,Key Account,SKU 15,Frozen,59,46338,33908,47405,0%,N,2733942,2000572,733370,0.2682
2025-04,Customer 05,Central Indonesia,Modern Trade,Key Account,SKU 17,Personal Care,780,25950,16635,28441,0%,N,20241000,12975300,7265700,0.359
2025-04,Customer 05,Central Indonesia,General Trade,Key Account,SKU 13,Frozen,600,9942,6331,9072,0%,N,5965200,3798600,2166600,0.3632
2025-04,Customer 05,Central Indonesia,Online,Key Account,SKU 02,Beverage,274,8806,6142,9562,5%,N,2412844,1682908,729936,0.3025
2025-04,Customer 05,Central Indonesia,General Trade,Key Account,SKU 07,Snack,175,48309,31953,46130,0%,N,8454075,5591775,2862300,0.3386
2025-04,Customer 05,Central Indonesia,General Trade,Key Account,SKU 12,Dairy,328,9295,5638,8763,5%,N,3048760,1849264,1199496,0.3934
2025-04,Customer 05,Central Indonesia,Online,Key Account,SKU 03,Beverage,754,47179,36027,49775,0%,N,35572966,27164358,8408608,0.2364
2025-04,Customer 05,Central Indonesia,General Trade,Key Account,SKU 20,Personal Care,191,13398,8428,12795,0%,Y,2559018,1609748,949270,0.371
2025-04,Customer 06,West Indonesia,Online,Distributor,SKU 17,Personal Care,869,26079,16277,27595,3%,N,22662651,14144713,8517938,0.3759
2025-04,Customer 06,West Indonesia,General Trade,Distributor,SKU 10,Dairy,489,50856,36057,49234,3%,N,24868584,17631873,7236711,0.291
2025-04,Customer 06,West Indonesia,Modern Trade,Distributor,SKU 06,Snack,1098,25166,16903,23071,0%,Y,27632268,18559494,9072774,0.3283
2025-04,Customer 06,West Indonesia,Modern Trade,Distributor,SKU 14,Frozen,719,13559,10164,14057,0%,N,9748921,7307916,2441005,0.2504
2025-04,Customer 06,West Indonesia,Modern Trade,Distributor,SKU 01,Beverage,1097,23054,16815,23350,8%,Y,25290238,18446055,6844183,0.2706
2025-04,Customer 06,West Indonesia,Modern Trade,Distributor,SKU 05,Snack,783,13218,8861,13377,0%,Y,10349694,6938163,3411531,0.3296
2025-04,Customer 06,West Indonesia,Modern Trade,Distributor,SKU 02,Beverage,283,9350,7329,8686,8%,N,2646050,2074107,571943,0.2161
2025-04,Customer 06,West Indonesia,General Trade,Distributor,SKU 19,Personal Care,212,37654,27203,37144,8%,N,7982648,5767036,2215612,0.2776
2025-04,Customer 07,West Indonesia,General Trade,Distributor,SKU 19,Personal Care,1027,34531,28372,33998,0%,N,35463337,29138044,6325293,0.1784
2025-04,Customer 07,West Indonesia,General Trade,Distributor,SKU 12,Dairy,326,9167,7249,8625,0%,N,2988442,2363174,625268,0.2092
2025-04,Customer 07,West Indonesia,General Trade,Distributor,SKU 17,Personal Care,403,26581,18879,27245,5%,N,10712143,7608237,3103906,0.2898
2025-04,Customer 07,West Indonesia,Modern Trade,Distributor,SKU 20,Personal Care,773,14654,10378,14618,0%,N,11327542,8022194,3305348,0.2918
2025-04,Customer 07,West Indonesia,Modern Trade,Distributor,SKU 04,Beverage,1087,18007,15020,18282,0%,N,19573609,16326740,3246869,0.1659
2025-04,Customer 07,West Indonesia,Modern Trade,Distributor,SKU 13,Frozen,541,11151,8919,11135,3%,N,6032691,4825179,1207512,0.2002
2025-04,Customer 07,West Indonesia,General Trade,Distributor,SKU 09,Dairy,638,23019,14052,23306,3%,N,14686122,8965176,5720946,0.3895
2025-04,Customer 07,West Indonesia,Online,Distributor,SKU 03,Beverage,290,45920,35099,44936,0%,N,13316800,10178710,3138090,0.2356
2025-04,Customer 07,West Indonesia,Modern Trade,Distributor,SKU 10,Dairy,872,50737,42499,53234,0%,N,44242664,37059128,7183536,0.1624
2025-04,Customer 07,West Indonesia,Modern Trade,Distributor,SKU 16,Frozen,443,47582,36411,47403,0%,N,21078826,16130073,4948753,0.2348
2025-04,Customer 07,West Indonesia,Modern Trade,Distributor,SKU 06,Snack,780,25231,15336,25901,0%,N,19680180,11962080,7718100,0.3922
2025-04,Customer 07,West Indonesia,Modern Trade,Distributor,SKU 02,Beverage,1152,9333,7430,9583,3%,N,10751616,8559360,2192256,0.2039
2025-04,Customer 07,West Indonesia,Modern Trade,Distributor,SKU 05,Snack,584,14504,11093,15690,5%,N,8470336,6478312,1992024,0.2352
2025-04,Customer 07,West Indonesia,Modern Trade,Distributor,SKU 01,Beverage,1070,22725,16456,22883,0%,N,24315750,17607920,6707830,0.2759
2025-04,Customer 07,West Indonesia,Modern Trade,Distributor,SKU 15,Frozen,1055,42387,26238,39842,5%,N,44718285,27681090,17037195,0.381
2025-04,Customer 08,East Indonesia,General Trade,Retailer,SKU 14,Frozen,789,12279,10234,13107,3%,Y,9688131,8074626,1613505,0.1665
2025-04,Customer 08,East Indonesia,Modern Trade,Retailer,SKU 07,Snack,466,42685,31006,45902,5%,Y,19891210,14448796,5442414,0.2736
2025-04,Customer 08,East Indonesia,General Trade,Retailer,SKU 04,Beverage,737,20619,12763,21389,3%,N,15196203,9406331,5789872,0.381
2025-04,Customer 08,East Indonesia,Modern Trade,Retailer,SKU 12,Dairy,549,9389,5784,8494,0%,N,5154561,3175416,1979145,0.384
2025-04,Customer 08,East Indonesia,General Trade,Retailer,SKU 05,Snack,865,13687,10914,13776,0%,N,11839255,9440610,2398645,0.2026
2025-04,Customer 08,East Indonesia,Modern Trade,Retailer,SKU 18,Personal Care,943,29543,24575,31849,3%,N,27859049,23174225,4684824,0.1682
2025-04,Customer 08,East Indonesia,Modern Trade,Retailer,SKU 20,Personal Care,395,13471,10633,12273,0%,N,5321045,4200035,1121010,0.2107
2025-04,Customer 08,East Indonesia,General Trade,Retailer,SKU 11,Dairy,805,9065,6563,8765,3%,N,7297325,5283215,2014110,0.276
2025-04,Customer 08,East Indonesia,Modern Trade,Retailer,SKU 02,Beverage,436,8487,6042,8094,5%,N,3700332,2634312,1066020,0.2881
2025-04,Customer 08,East Indonesia,General Trade,Retailer,SKU 08,Snack,315,28756,19440,27762,0%,N,9058140,6123600,2934540,0.324
2025-04,Customer 08,East Indonesia,General Trade,Retailer,SKU 17,Personal Care,393,24053,17160,24954,5%,N,9452829,6743880,2708949,0.2866
2025-04,Customer 08,East Indonesia,Modern Trade,Retailer,SKU 10,Dairy,742,47491,31820,45488,0%,N,35238322,23610440,11627882,0.33
2025-04,Customer 08,East Indonesia,General Trade,Retailer,SKU 06,Snack,415,23756,14708,26019,0%,N,9858740,6103820,3754920,0.3809
2025-04,Customer 08,East Indonesia,Modern Trade,Retailer,SKU 19,Personal Care,512,39293,30663,42014,3%,N,20118016,15699456,4418560,0.2196
2025-04,Customer 08,East Indonesia,General Trade,Retailer,SKU 15,Frozen,89,45579,34486,49854,3%,N,4056531,3069254,987277,0.2434
2025-04,Customer 09,West Indonesia,Online,Distributor,SKU 16,Frozen,329,48794,36046,49791,5%,N,16053226,11859134,4194092,0.2613
2025-04,Customer 09,West Indonesia,Modern Trade,Distributor,SKU 11,Dairy,1039,9915,7747,10677,0%,N,10301685,8049133,2252552,0.2187
2025-04,Customer 09,West Indonesia,Modern Trade,Distributor,SKU 20,Personal Care,1145,15414,12158,14913,3%,N,17649030,13920910,3728120,0.2112
2025-04,Customer 09,West Indonesia,Modern Trade,Distributor,SKU 07,Snack,154,48132,35258,46871,0%,N,7412328,5429732,1982596,0.2675
2025-04,Customer 09,West Indonesia,General Trade,Distributor,SKU 02,Beverage,1099,8591,6144,8662,5%,N,9441509,6752256,2689253,0.2848
2025-04,Customer 09,West Indonesia,Online,Distributor,SKU 17,Personal Care,256,24550,18438,23689,0%,N,6284800,4720128,1564672,0.249
2025-04,Customer 09,West Indonesia,Modern Trade,Distributor,SKU 10,Dairy,256,46956,37825,48884,3%,N,12020736,9683200,2337536,0.1945
2025-04,Customer 09,West Indonesia,Modern Trade,Distributor,SKU 09,Dairy,793,24926,16130,25158,0%,N,19766318,12791090,6975228,0.3529
2025-04,Customer 09,West Indonesia,General Trade,Distributor,SKU 08,Snack,1089,29986,21974,31733,5%,N,32654754,23929686,8725068,0.2672
2025-04,Customer 09,West Indonesia,General Trade,Distributor,SKU 19,Personal Care,208,38823,24068,38768,3%,N,8075184,5006144,3069040,0.3801
2025-04,Customer 09,West Indonesia,Modern Trade,Distributor,SKU 13,Frozen,767,10095,6086,10252,0%,N,7742865,4667962,3074903,0.3971
2025-04,Customer 09,West Indonesia,General Trade,Distributor,SKU 14,Frozen,1020,14118,11339,13663,3%,Y,14400360,11565780,2834580,0.1968
2025-04,Customer 09,West Indonesia,Modern Trade,Distributor,SKU 01,Beverage,717,24659,17125,22238,0%,N,17680503,12278625,5401878,0.3055
2025-04,Customer 09,West Indonesia,General Trade,Distributor,SKU 04,Beverage,216,18962,12232,17107,0%,N,4095792,2642112,1453680,0.3549
2025-04,Customer 09,West Indonesia,Modern Trade,Distributor,SKU 12,Dairy,383,8393,6157,8407,3%,Y,3214519,2358131,856388,0.2664
2025-04,Customer 10,Central Indonesia,General Trade,Distributor,SKU 14,Frozen,1016,13167,10627,12347,0%,N,13377672,10797032,2580640,0.1929
2025-04,Customer 10,Central Indonesia,General Trade,Distributor,SKU 04,Beverage,740,18552,13803,17307,0%,Y,13728480,10214220,3514260,0.256
2025-04,Customer 10,Central Indonesia,Modern Trade,Distributor,SKU 11,Dairy,1037,9072,5981,9028,8%,Y,9407664,6202297,3205367,0.3407
2025-04,Customer 10,Central Indonesia,General Trade,Distributor,SKU 09,Dairy,195,22618,14424,24371,0%,N,4410510,2812680,1597830,0.3623
2025-04,Customer 10,Central Indonesia,Modern Trade,Distributor,SKU 01,Beverage,1147,25163,16709,27031,0%,N,28861961,19165223,9696738,0.336
2025-04,Customer 10,Central Indonesia,General Trade,Distributor,SKU 15,Frozen,574,47546,34316,51869,8%,N,27291404,19697384,7594020,0.2783
2025-04,Customer 10,Central Indonesia,General Trade,Distributor,SKU 19,Personal Care,536,38661,26258,35730,0%,Y,20722296,14074288,6648008,0.3208
2025-04,Customer 10,Central Indonesia,Online,Distributor,SKU 08,Snack,1135,31472,26584,30086,0%,Y,35720720,30172840,5547880,0.1553
2025-04,Customer 11,Central Indonesia,General Trade,Distributor,SKU 15,Frozen,823,43691,27024,44701,8%,Y,35957693,22240752,13716941,0.3815
2025-04,Customer 11,Central Indonesia,Modern Trade,Distributor,SKU 17,Personal Care,58,25753,21568,23308,3%,Y,1493674,1250944,242730,0.1625
2025-04,Customer 11,Central Indonesia,Modern Trade,Distributor,SKU 02,Beverage,828,8923,6541,9276,0%,N,7388244,5415948,1972296,0.267
2025-04,Customer 11,Central Indonesia,Modern Trade,Distributor,SKU 18,Personal Care,549,28401,19000,27004,8%,N,15592149,10431000,5161149,0.331
2025-04,Customer 11,Central Indonesia,General Trade,Distributor,SKU 20,Personal Care,970,14791,9150,15947,8%,Y,14347270,8875500,5471770,0.3814
2025-04,Customer 11,Central Indonesia,Modern Trade,Distributor,SKU 19,Personal Care,818,34217,28514,36575,0%,N,27989506,23324452,4665054,0.1667
2025-04,Customer 11,Central Indonesia,Modern Trade,Distributor,SKU 12,Dairy,363,9008,6761,8231,0%,N,3269904,2454243,815661,0.2494
2025-04,Customer 11,Central Indonesia,Modern Trade,Distributor,SKU 11,Dairy,227,9076,5776,9021,0%,N,2060252,1311152,749100,0.3636
2025-04,Customer 11,Central Indonesia,Online,Distributor,SKU 08,Snack,973,29185,19772,27716,0%,N,28397005,19238156,9158849,0.3225
2025-04,Customer 11,Central Indonesia,General Trade,Distributor,SKU 05,Snack,175,14918,12239,15163,3%,N,2610650,2141825,468825,0.1796
2025-04,Customer 11,Central Indonesia,General Trade,Distributor,SKU 04,Beverage,766,17774,12616,17736,5%,N,13614884,9663856,3951028,0.2902
2025-04,Customer 11,Central Indonesia,Modern Trade,Distributor,SKU 14,Frozen,1085,12377,7585,11974,3%,N,13429045,8229725,5199320,0.3872
2025-04,Customer 11,Central Indonesia,Modern Trade,Distributor,SKU 01,Beverage,1041,22487,18849,21754,0%,Y,23408967,19621809,3787158,0.1618
2025-04,Customer 11,Central Indonesia,General Trade,Distributor,SKU 07,Snack,73,44518,30668,44608,3%,Y,3249814,2238764,1011050,0.3111
2025-04,Customer 11,Central Indonesia,Online,Distributor,SKU 06,Snack,863,25676,16389,23439,0%,Y,22158388,14143707,8014681,0.3617
2025-04,Customer 12,West Indonesia,Modern Trade,Retailer,SKU 10,Dairy,863,50710,34108,54984,0%,N,43762730,29435204,14327526,0.3274
2025-04,Customer 12,West Indonesia,Modern Trade,Retailer,SKU 06,Snack,1142,24411,19172,23582,5%,N,27877362,21894424,5982938,0.2146
2025-04,Customer 12,West Indonesia,General Trade,Retailer,SKU 14,Frozen,411,14364,12053,14905,8%,N,5903604,4953783,949821,0.1609
2025-04,Customer 12,West Indonesia,Modern Trade,Retailer,SKU 15,Frozen,487,43611,36375,43068,0%,Y,21238557,17714625,3523932,0.1659
2025-04,Customer 12,West Indonesia,General Trade,Retailer,SKU 01,Beverage,1048,24434,15231,22783,5%,N,25606832,15962088,9644744,0.3766
2025-04,Customer 12,West Indonesia,Modern Trade,Retailer,SKU 08,Snack,75,30392,19759,28336,0%,N,2279400,1481925,797475,0.3499
2025-04,Customer 12,West Indonesia,Online,Retailer,SKU 16,Frozen,159,50372,34925,54577,0%,N,8009148,5553075,2456073,0.3067
2025-04,Customer 12,West Indonesia,Modern Trade,Retailer,SKU 12,Dairy,1102,8425,5607,8097,0%,N,9284350,6178914,3105436,0.3345
2025-04,Customer 12,West Indonesia,General Trade,Retailer,SKU 11,Dairy,1119,9807,6847,9836,3%,N,10974033,7661793,3312240,0.3018
2025-04,Customer 12,West Indonesia,General Trade,Retailer,SKU 03,Beverage,67,45604,28967,46399,0%,N,3055468,1940789,1114679,0.3648
2025-04,Customer 12,West Indonesia,Modern Trade,Retailer,SKU 19,Personal Care,371,34195,28334,37357,0%,N,12686345,10511914,2174431,0.1714
2025-04,Customer 13,West Indonesia,Modern Trade,Key Account,SKU 06,Snack,651,25707,20565,24023,0%,Y,16735257,13387815,3347442,0.2
2025-04,Customer 13,West Indonesia,Modern Trade,Key Account,SKU 16,Frozen,56,47187,29974,48580,0%,N,2642472,1678544,963928,0.3648
2025-04,Customer 13,West Indonesia,Modern Trade,Key Account,SKU 19,Personal Care,218,36686,23984,34262,5%,N,7997548,5228512,2769036,0.3462
2025-04,Customer 13,West Indonesia,Modern Trade,Key Account,SKU 12,Dairy,321,8795,6989,8202,3%,N,2823195,2243469,579726,0.2053
2025-04,Customer 13,West Indonesia,Modern Trade,Key Account,SKU 09,Dairy,791,22604,16148,24150,5%,N,17879764,12773068,5106696,0.2856
2025-04,Customer 13,West Indonesia,Modern Trade,Key Account,SKU 07,Snack,311,45950,35454,44220,0%,N,14290450,11026194,3264256,0.2284
2025-04,Customer 13,West Indonesia,Modern Trade,Key Account,SKU 04,Beverage,255,20307,15531,20998,8%,N,5178285,3960405,1217880,0.2352
2025-04,Customer 13,West Indonesia,General Trade,Key Account,SKU 08,Snack,366,29219,18309,30787,0%,N,10694154,6701094,3993060,0.3734
2025-04,Customer 13,West Indonesia,General Trade,Key Account,SKU 11,Dairy,487,9033,5577,9826,3%,Y,4399071,2715999,1683072,0.3826
2025-04,Customer 13,West Indonesia,Modern Trade,Key Account,SKU 15,Frozen,1146,49099,40317,50415,8%,N,56267454,46203282,10064172,0.1789
2025-04,Customer 13,West Indonesia,Modern Trade,Key Account,SKU 10,Dairy,388,48908,39403,45828,0%,N,18976304,15288364,3687940,0.1943
2025-04,Customer 13,West Indonesia,Modern Trade,Key Account,SKU 05,Snack,249,14350,12180,14681,0%,N,3573150,3032820,540330,0.1512
2025-04,Customer 13,West Indonesia,Modern Trade,Key Account,SKU 02,Beverage,841,8763,5372,9041,0%,N,7369683,4517852,2851831,0.387
2025-04,Customer 13,West Indonesia,Modern Trade,Key Account,SKU 13,Frozen,1025,10020,7308,9548,3%,N,10270500,7490700,2779800,0.2707
2025-04,Customer 14,West Indonesia,Online,Retailer,SKU 06,Snack,741,23863,18954,24802,0%,N,17682483,14044914,3637569,0.2057
2025-04,Customer 14,West Indonesia,General Trade,Retailer,SKU 10,Dairy,887,47935,36387,49646,0%,Y,42518345,32275269,10243076,0.2409
2025-04,Customer 14,West Indonesia,Modern Trade,Retailer,SKU 20,Personal Care,1143,15276,11361,14861,0%,Y,17460468,12985623,4474845,0.2563
2025-04,Customer 14,West Indonesia,Modern Trade,Retailer,SKU 13,Frozen,320,9869,8377,8911,0%,N,3158080,2680640,477440,0.1512
2025-04,Customer 14,West Indonesia,General Trade,Retailer,SKU 07,Snack,129,42434,36031,41659,3%,N,5473986,4647999,825987,0.1509
2025-04,Customer 14,West Indonesia,Modern Trade,Retailer,SKU 19,Personal Care,351,36145,29349,36803,3%,N,12686895,10301499,2385396,0.188
2025-04,Customer 14,West Indonesia,General Trade,Retailer,SKU 11,Dairy,868,9727,7625,10601,0%,N,8443036,6618500,1824536,0.2161
2025-04,Customer 14,West Indonesia,Modern Trade,Retailer,SKU 17,Personal Care,890,24154,16909,24441,8%,N,21497060,15049010,6448050,0.3
2025-04,Customer 15,West Indonesia,General Trade,Distributor,SKU 17,Personal Care,378,25792,18201,25097,0%,N,9749376,6879978,2869398,0.2943
2025-04,Customer 15,West Indonesia,Modern Trade,Distributor,SKU 15,Frozen,616,44865,30047,45336,0%,N,27636840,18508952,9127888,0.3303
2025-04,Customer 15,West Indonesia,General Trade,Distributor,SKU 12,Dairy,803,9192,7234,10054,0%,N,7381176,5808902,1572274,0.213
2025-04,Customer 15,West Indonesia,General Trade,Distributor,SKU 04,Beverage,121,20032,14094,19676,0%,N,2423872,1705374,718498,0.2964
2025-04,Customer 15,West Indonesia,General Trade,Distributor,SKU 20,Personal Care,780,15341,11622,14942,0%,Y,11965980,9065160,2900820,0.2424
2025-04,Customer 15,West Indonesia,Modern Trade,Distributor,SKU 06,Snack,988,24736,15768,26951,8%,N,24439168,15578784,8860384,0.3625
2025-04,Customer 15,West Indonesia,General Trade,Distributor,SKU 03,Beverage,244,48889,36727,49201,0%,Y,11928916,8961388,2967528,0.2488
2025-04,Customer 15,West Indonesia,Modern Trade,Distributor,SKU 01,Beverage,646,24506,19460,24838,5%,N,15830876,12571160,3259716,0.2059
2025-04,Customer 15,West Indonesia,General Trade,Distributor,SKU 02,Beverage,474,8581,5381,8884,3%,N,4067394,2550594,1516800,0.3729
2025-04,Customer 15,West Indonesia,Modern Trade,Distributor,SKU 10,Dairy,1143,45782,28514,42438,0%,N,52328826,32591502,19737324,0.3772
2025-04,Customer 15,West Indonesia,Modern Trade,Distributor,SKU 11,Dairy,286,9704,7454,9221,0%,Y,2775344,2131844,643500,0.2319
2025-04,Customer 15,West Indonesia,Modern Trade,Distributor,SKU 16,Frozen,241,49126,37666,49991,0%,N,11839366,9077506,2761860,0.2333
2025-04,Customer 15,West Indonesia,General Trade,Distributor,SKU 18,Personal Care,1095,25548,17643,26057,0%,Y,27975060,19319085,8655975,0.3094
2025-04,Customer 15,West Indonesia,Online,Distributor,SKU 13,Frozen,649,9709,8194,8855,0%,N,6301141,5317906,983235,0.156
2025-04,Customer 16,East Indonesia,Modern Trade,Retailer,SKU 18,Personal Care,60,29535,24711,27864,0%,N,1772100,1482660,289440,0.1633
2025-04,Customer 16,East Indonesia,Online,Retailer,SKU 05,Snack,1067,15210,11982,14653,0%,N,16229070,12784794,3444276,0.2122
2025-04,Customer 16,East Indonesia,Modern Trade,Retailer,SKU 09,Dairy,1053,24903,20718,24918,0%,Y,26222859,21816054,4406805,0.1681
2025-04,Customer 16,East Indonesia,General Trade,Retailer,SKU 20,Personal Care,83,14233,11977,14942,3%,N,1181339,994091,187248,0.1585
2025-04,Customer 16,East Indonesia,Modern Trade,Retailer,SKU 08,Snack,326,27729,21506,28169,0%,N,9039654,7010956,2028698,0.2244
2025-04,Customer 16,East Indonesia,Online,Retailer,SKU 11,Dairy,771,10421,7858,11378,0%,N,8034591,6058518,1976073,0.2459
2025-04,Customer 16,East Indonesia,Modern Trade,Retailer,SKU 10,Dairy,54,49241,41771,47267,0%,N,2659014,2255634,403380,0.1517
2025-04,Customer 16,East Indonesia,General Trade,Retailer,SKU 13,Frozen,337,9985,5993,10953,0%,N,3364945,2019641,1345304,0.3998
2025-04,Customer 16,East Indonesia,Modern Trade,Retailer,SKU 14,Frozen,667,13238,9637,12817,5%,Y,8829746,6427879,2401867,0.272
2025-04,Customer 16,East Indonesia,Modern Trade,Retailer,SKU 16,Frozen,223,47816,31438,49287,5%,N,10662968,7010674,3652294,0.3425
2025-04,Customer 17,Central Indonesia,Modern Trade,Distributor,SKU 08,Snack,985,31011,24552,28014,0%,N,30545835,24183720,6362115,0.2083
2025-04,Customer 17,Central Indonesia,Modern Trade,Distributor,SKU 09,Dairy,494,24600,16681,24535,8%,N,12152400,8240414,3911986,0.3219
2025-04,Customer 17,Central Indonesia,Modern Trade,Distributor,SKU 01,Beverage,1103,22902,15473,23049,0%,N,25260906,17066719,8194187,0.3244
2025-04,Customer 17,Central Indonesia,Modern Trade,Distributor,SKU 17,Personal Care,438,24904,19319,23714,0%,N,10907952,8461722,2446230,0.2243
2025-04,Customer 17,Central Indonesia,General Trade,Distributor,SKU 12,Dairy,583,8436,5136,8422,0%,Y,4918188,2994288,1923900,0.3912
2025-04,Customer 17,Central Indonesia,Online,Distributor,SKU 11,Dairy,1049,10067,8345,9081,3%,N,10560283,8753905,1806378,0.1711
2025-04,Customer 17,Central Indonesia,Modern Trade,Distributor,SKU 02,Beverage,839,8172,6662,8723,3%,Y,6856308,5589418,1266890,0.1848
2025-04,Customer 17,Central Indonesia,General Trade,Distributor,SKU 18,Personal Care,741,26579,20093,24130,0%,Y,19695039,14888913,4806126,0.244
2025-04,Customer 17,Central Indonesia,Modern Trade,Distributor,SKU 16,Frozen,127,48536,29912,46477,5%,N,6164072,3798824,2365248,0.3837
2025-04,Customer 18,West Indonesia,General Trade,Retailer,SKU 15,Frozen,585,45956,27960,45079,5%,N,26884260,16356600,10527660,0.3916
2025-04,Customer 18,West Indonesia,General Trade,Retailer,SKU 19,Personal Care,71,36803,23369,34907,0%,Y,2613013,1659199,953814,0.365
2025-04,Customer 18,West Indonesia,Modern Trade,Retailer,SKU 12,Dairy,710,9035,6481,8937,0%,N,6414850,4601510,1813340,0.2827
2025-04,Customer 18,West Indonesia,Modern Trade,Retailer,SKU 01,Beverage,177,25283,17275,23242,0%,Y,4475091,3057675,1417416,0.3167
2025-04,Customer 18,West Indonesia,Modern Trade,Retailer,SKU 03,Beverage,401,46305,35654,45943,8%,N,18568305,14297254,4271051,0.23
2025-04,Customer 18,West Indonesia,General Trade,Retailer,SKU 09,Dairy,804,23042,17952,21713,0%,N,18525768,14433408,4092360,0.2209
2025-04,Customer 18,West Indonesia,Modern Trade,Retailer,SKU 13,Frozen,774,9940,7923,9002,8%,N,7693560,6132402,1561158,0.2029
2025-04,Customer 18,West Indonesia,Online,Retailer,SKU 11,Dairy,116,10300,8473,10712,0%,N,1194800,982868,211932,0.1774
2025-04,Customer 18,West Indonesia,General Trade,Retailer,SKU 10,Dairy,567,45879,35314,50146,0%,N,26013393,20023038,5990355,0.2303
2025-04,Customer 18,West Indonesia,Modern Trade,Retailer,SKU 08,Snack,49,30953,24688,29478,0%,N,1516697,1209712,306985,0.2024
2025-04,Customer 18,West Indonesia,Online,Retailer,SKU 17,Personal Care,811,26172,18658,23993,0%,N,21225492,15131638,6093854,0.2871
2025-04,Customer 18,West Indonesia,Modern Trade,Retailer,SKU 06,Snack,458,23950,17399,25033,0%,N,10969100,7968742,3000358,0.2735
2025-04,Customer 19,Central Indonesia,Modern Trade,Retailer,SKU 19,Personal Care,1002,37946,31554,41394,0%,N,38021892,31617108,6404784,0.1684
2025-04,Customer 19,Central Indonesia,Modern Trade,Retailer,SKU 14,Frozen,428,13207,9192,14472,8%,Y,5652596,3934176,1718420,0.304
2025-04,Customer 19,Central Indonesia,General Trade,Retailer,SKU 04,Beverage,810,19544,11963,20718,8%,N,15830640,9690030,6140610,0.3879
2025-04,Customer 19,Central Indonesia,Modern Trade,Retailer,SKU 12,Dairy,715,9366,7560,8631,0%,N,6696690,5405400,1291290,0.1928
2025-04,Customer 19,Central Indonesia,General Trade,Retailer,SKU 03,Beverage,691,47397,29141,51028,0%,N,32751327,20136431,12614896,0.3852
2025-04,Customer 19,Central Indonesia,Modern Trade,Retailer,SKU 06,Snack,590,26751,21896,24319,8%,N,15783090,12918640,2864450,0.1815
2025-04,Customer 19,Central Indonesia,Modern Trade,Retailer,SKU 07,Snack,809,43597,30168,45458,0%,Y,35269973,24405912,10864061,0.308
2025-04,Customer 19,Central Indonesia,Online,Retailer,SKU 11,Dairy,384,10317,6988,9865,0%,N,3961728,2683392,1278336,0.3227
2025-04,Customer 19,Central Indonesia,General Trade,Retailer,SKU 18,Personal Care,470,29725,21008,27230,0%,N,13970750,9873760,4096990,0.2933
2025-04,Customer 20,Central Indonesia,Modern Trade,Key Account,SKU 13,Frozen,865,9876,7867,9712,5%,N,8542740,6804955,1737785,0.2034
2025-04,Customer 20,Central Indonesia,General Trade,Key Account,SKU 03,Beverage,349,46642,29641,50420,0%,N,16278058,10344709,5933349,0.3645
2025-04,Customer 20,Central Indonesia,General Trade,Key Account,SKU 15,Frozen,116,45972,33187,47711,5%,Y,5332752,3849692,1483060,0.2781
2025-04,Customer 20,Central Indonesia,General Trade,Key Account,SKU 02,Beverage,535,8601,6499,9064,3%,Y,4601535,3476965,1124570,0.2444
2025-04,Customer 20,Central Indonesia,Online,Key Account,SKU 05,Snack,937,15150,12717,13641,5%,N,14195550,11915829,2279721,0.1606
2025-04,Customer 20,Central Indonesia,Modern Trade,Key Account,SKU 04,Beverage,491,18785,15065,20553,0%,N,9223435,7396915,1826520,0.198
2025-04,Customer 20,Central Indonesia,General Trade,Key Account,SKU 09,Dairy,827,23998,15469,25505,5%,N,19846346,12792863,7053483,0.3554
2025-04,Customer 20,Central Indonesia,Modern Trade,Key Account,SKU 08,Snack,1032,30720,21768,27766,0%,N,31703040,22464576,9238464,0.2914
2025-04,Customer 20,Central Indonesia,General Trade,Key Account,SKU 20,Personal Care,720,14555,9628,15455,8%,N,10479600,6932160,3547440,0.3385
2025-04,Customer 20,Central Indonesia,Modern Trade,Key Account,SKU 11,Dairy,610,9426,6598,9663,8%,N,5749860,4024780,1725080,0.3
2025-04,Customer 20,Central Indonesia,Online,Key Account,SKU 18,Personal Care,717,26253,17036,24431,3%,N,18823401,12214812,6608589,0.3511
2025-04,Customer 20,Central Indonesia,General Trade,Key Account,SKU 07,Snack,495,42856,34981,46715,0%,Y,21213720,17315595,3898125,0.1838
2025-04,Customer 21,West Indonesia,Online,Retailer,SKU 10,Dairy,544,47492,39055,49110,3%,N,25835648,21245920,4589728,0.1777
2025-04,Customer 21,West Indonesia,General Trade,Retailer,SKU 12,Dairy,454,8674,5516,9421,0%,N,3937996,2504264,1433732,0.3641
2025-04,Customer 21,West Indonesia,General Trade,Retailer,SKU 09,Dairy,977,23616,18167,25948,8%,N,23072832,17749159,5323673,0.2307
2025-04,Customer 21,West Indonesia,Modern Trade,Retailer,SKU 08,Snack,151,31786,21672,30320,3%,Y,4799686,3272472,1527214,0.3182
2025-04,Customer 21,West Indonesia,General Trade,Retailer,SKU 01,Beverage,1013,23886,17347,26150,0%,N,24196518,17572511,6624007,0.2738
2025-04,Customer 21,West Indonesia,Modern Trade,Retailer,SKU 05,Snack,1138,13532,8468,13358,5%,N,15399416,9636584,5762832,0.3742
2025-04,Customer 21,West Indonesia,Modern Trade,Retailer,SKU 17,Personal Care,225,24063,18732,23074,0%,Y,5414175,4214700,1199475,0.2215
2025-04,Customer 21,West Indonesia,General Trade,Retailer,SKU 18,Personal Care,779,26664,20629,25303,5%,Y,20771256,16069991,4701265,0.2263
2025-04,Customer 21,West Indonesia,General Trade,Retailer,SKU 16,Frozen,226,49724,39960,46155,5%,Y,11237624,9030960,2206664,0.1964
2025-04,Customer 21,West Indonesia,General Trade,Retailer,SKU 19,Personal Care,390,37931,25639,39806,3%,N,14793090,9999210,4793880,0.3241
2025-04,Customer 21,West Indonesia,General Trade,Retailer,SKU 14,Frozen,476,12325,7476,11876,0%,N,5866700,3558576,2308124,0.3934
2025-04,Customer 22,East Indonesia,General Trade,Key Account,SKU 12,Dairy,128,8646,6839,7904,0%,N,1106688,875392,231296,0.209
2025-04,Customer 22,East Indonesia,Modern Trade,Key Account,SKU 20,Personal Care,597,14992,12567,15282,0%,N,8950224,7502499,1447725,0.1618
2025-04,Customer 22,East Indonesia,General Trade,Key Account,SKU 03,Beverage,471,46838,37698,42776,0%,Y,22060698,17755758,4304940,0.1951
2025-04,Customer 22,East Indonesia,Online,Key Account,SKU 02,Beverage,349,8731,7318,8375,0%,Y,3047119,2553982,493137,0.1618
2025-04,Customer 22,East Indonesia,General Trade,Key Account,SKU 11,Dairy,927,9802,7310,9821,5%,Y,9086454,6776370,2310084,0.2542
2025-04,Customer 22,East Indonesia,Modern Trade,Key Account,SKU 10,Dairy,874,49639,33934,46565,0%,N,43384486,29658316,13726170,0.3164
2025-04,Customer 22,East Indonesia,Modern Trade,Key Account,SKU 06,Snack,86,25665,20854,27864,3%,N,2207190,1793444,413746,0.1875
2025-04,Customer 22,East Indonesia,Modern Trade,Key Account,SKU 04,Beverage,329,18333,12030,18146,5%,N,6031557,3957870,2073687,0.3438
2025-04,Customer 23,Central Indonesia,General Trade,Retailer,SKU 15,Frozen,718,44015,35869,44435,0%,N,31602770,25753942,5848828,0.1851
2025-04,Customer 23,Central Indonesia,General Trade,Retailer,SKU 14,Frozen,855,12658,8254,13699,0%,N,10822590,7057170,3765420,0.3479
2025-04,Customer 23,Central Indonesia,Online,Retailer,SKU 16,Frozen,584,45725,35050,43497,3%,N,26703400,20469200,6234200,0.2335
2025-04,Customer 23,Central Indonesia,Online,Retailer,SKU 17,Personal Care,135,25614,21317,23741,0%,Y,3457890,2877795,580095,0.1678
2025-04,Customer 23,Central Indonesia,Modern Trade,Retailer,SKU 18,Personal Care,207,26035,19350,25498,3%,N,5389245,4005450,1383795,0.2568
2025-04,Customer 23,Central Indonesia,General Trade,Retailer,SKU 03,Beverage,601,46074,34314,45200,3%,N,27690474,20622714,7067760,0.2552
2025-04,Customer 23,Central Indonesia,General Trade,Retailer,SKU 06,Snack,281,26676,18966,28014,3%,N,7495956,5329446,2166510,0.289
2025-04,Customer 23,Central Indonesia,General Trade,Retailer,SKU 11,Dairy,259,9661,6415,9256,0%,N,2502199,1661485,840714,0.336
2025-04,Customer 23,Central Indonesia,Modern Trade,Retailer,SKU 13,Frozen,852,10253,7080,11062,3%,N,8735556,6032160,2703396,0.3095
2025-04,Customer 23,Central Indonesia,General Trade,Retailer,SKU 10,Dairy,835,49411,33039,52697,3%,N,41258185,27587565,13670620,0.3313
2025-04,Customer 23,Central Indonesia,Modern Trade,Retailer,SKU 05,Snack,737,14138,10564,12733,3%,N,10419706,7785668,2634038,0.2528
2025-04,Customer 23,Central Indonesia,General Trade,Retailer,SKU 04,Beverage,69,19166,12728,17531,3%,N,1322454,878232,444222,0.3359
2025-04,Customer 23,Central Indonesia,Modern Trade,Retailer,SKU 19,Personal Care,135,38894,29308,37223,8%,N,5250690,3956580,1294110,0.2465
2025-04,Customer 24,East Indonesia,Modern Trade,Retailer,SKU 12,Dairy,797,8113,6377,7517,0%,Y,6466061,5082469,1383592,0.214
2025-04,Customer 24,East Indonesia,General Trade,Retailer,SKU 10,Dairy,1048,52876,32997,54213,3%,N,55414048,34580856,20833192,0.376
2025-04,Customer 24,East Indonesia,Modern Trade,Retailer,SKU 05,Snack,461,13846,10902,14947,0%,N,6383006,5025822,1357184,0.2126
2025-04,Customer 24,East Indonesia,Modern Trade,Retailer,SKU 03,Beverage,809,43908,26467,45477,0%,N,35521572,21411803,14109769,0.3972
2025-04,Customer 24,East Indonesia,Modern Trade,Retailer,SKU 09,Dairy,1103,23130,18800,24200,8%,N,25512390,20736400,4775990,0.1872
2025-04,Customer 24,East Indonesia,General Trade,Retailer,SKU 07,Snack,607,44211,35947,45188,0%,N,26836077,21819829,5016248,0.1869
2025-04,Customer 24,East Indonesia,General Trade,Retailer,SKU 11,Dairy,909,10123,6441,9908,0%,N,9201807,5854869,3346938,0.3637
2025-04,Customer 24,East Indonesia,Online,Retailer,SKU 04,Beverage,347,19134,14252,20541,0%,N,6639498,4945444,1694054,0.2551
2025-04,Customer 24,East Indonesia,General Trade,Retailer,SKU 18,Personal Care,991,28758,19565,27520,0%,N,28499178,19388915,9110263,0.3197
2025-04,Customer 24,East Indonesia,Modern Trade,Retailer,SKU 13,Frozen,557,10164,7902,9976,0%,N,5661348,4401414,1259934,0.2226
2025-04,Customer 24,East Indonesia,General Trade,Retailer,SKU 15,Frozen,1110,46460,31982,47364,3%,N,51570600,35500020,16070580,0.3116
2025-04,Customer 24,East Indonesia,Modern Trade,Retailer,SKU 01,Beverage,821,21899,18005,22634,0%,N,17979079,14782105,3196974,0.1778
2025-04,Customer 24,East Indonesia,General Trade,Retailer,SKU 20,Personal Care,456,14381,9750,13856,3%,N,6557736,4446000,2111736,0.322
2025-04,Customer 24,East Indonesia,General Trade,Retailer,SKU 14,Frozen,533,12714,7656,12318,0%,N,6776562,4080648,2695914,0.3978
2025-04,Customer 25,Central Indonesia,General Trade,Key Account,SKU 04,Beverage,850,19579,14901,18083,3%,N,16642150,12665850,3976300,0.2389
2025-04,Customer 25,Central Indonesia,General Trade,Key Account,SKU 15,Frozen,734,46812,29911,48890,0%,N,34360008,21954674,12405334,0.361
2025-04,Customer 25,Central Indonesia,General Trade,Key Account,SKU 12,Dairy,342,9406,5945,9417,8%,Y,3216852,2033190,1183662,0.368
2025-04,Customer 25,Central Indonesia,Modern Trade,Key Account,SKU 20,Personal Care,579,13489,11361,12301,0%,N,7810131,6578019,1232112,0.1578
2025-04,Customer 25,Central Indonesia,Online,Key Account,SKU 03,Beverage,555,49602,36890,51098,5%,N,27529110,20473950,7055160,0.2563
2025-04,Customer 25,Central Indonesia,Modern Trade,Key Account,SKU 09,Dairy,878,25439,17117,27246,5%,N,22335442,15028726,7306716,0.3271
2025-04,Customer 25,Central Indonesia,General Trade,Key Account,SKU 19,Personal Care,418,39505,30734,42328,0%,Y,16513090,12846812,3666278,0.222
2025-04,Customer 25,Central Indonesia,Modern Trade,Key Account,SKU 02,Beverage,936,8940,6948,9501,8%,N,8367840,6503328,1864512,0.2228
2025-04,Customer 25,Central Indonesia,Modern Trade,Key Account,SKU 13,Frozen,243,9778,7104,10696,5%,Y,2376054,1726272,649782,0.2735
2025-04,Customer 25,Central Indonesia,General Trade,Key Account,SKU 16,Frozen,1107,49800,35758,54773,3%,N,55128600,39584106,15544494,0.282
2025-04,Customer 25,Central Indonesia,General Trade,Key Account,SKU 05,Snack,606,13817,9843,12712,0%,N,8373102,5964858,2408244,0.2876
2025-04,Customer 25,Central Indonesia,Modern Trade,Key Account,SKU 07,Snack,629,45597,31976,46444,3%,N,28680513,20112904,8567609,0.2987
2025-04,Customer 26,Central Indonesia,General Trade,Retailer,SKU 07,Snack,297,45980,32321,45193,0%,N,13656060,9599337,4056723,0.2971
2025-04,Customer 26,Central Indonesia,General Trade,Retailer,SKU 05,Snack,1142,13298,8332,13588,3%,N,15186316,9515144,5671172,0.3734
2025-04,Customer 26,Central Indonesia,General Trade,Retailer,SKU 04,Beverage,691,19834,11950,19494,8%,Y,13705294,8257450,5447844,0.3975
2025-04,Customer 26,Central Indonesia,Online,Retailer,SKU 16,Frozen,140,47769,39086,46541,5%,N,6687660,5472040,1215620,0.1818
2025-04,Customer 26,Central Indonesia,General Trade,Retailer,SKU 10,Dairy,77,52775,32404,56556,0%,N,4063675,2495108,1568567,0.386
2025-04,Customer 26,Central Indonesia,Online,Retailer,SKU 15,Frozen,399,44527,37469,48527,0%,N,17766273,14950131,2816142,0.1585
2025-04,Customer 26,Central Indonesia,Modern Trade,Retailer,SKU 18,Personal Care,1149,26536,22553,27977,0%,N,30489864,25913397,4576467,0.1501
2025-04,Customer 26,Central Indonesia,Modern Trade,Retailer,SKU 17,Personal Care,365,27391,22773,26885,3%,N,9997715,8312145,1685570,0.1686
2025-04,Customer 27,East Indonesia,General Trade,Key Account,SKU 04,Beverage,780,20633,16179,20919,3%,N,16093740,12619620,3474120,0.2159
2025-04,Customer 27,East Indonesia,General Trade,Key Account,SKU 13,Frozen,847,10099,7069,10919,3%,Y,8553853,5987443,2566410,0.3
2025-04,Customer 27,East Indonesia,General Trade,Key Account,SKU 08,Snack,1098,31406,19395,29364,5%,N,34483788,21295710,13188078,0.3824
2025-04,Customer 27,East Indonesia,Online,Key Account,SKU 20,Personal Care,1015,14978,10925,15241,0%,N,15202670,11088875,4113795,0.2706
2025-04,Customer 27,East Indonesia,Modern Trade,Key Account,SKU 03,Beverage,661,44107,32471,47368,8%,N,29154727,21463331,7691396,0.2638
2025-04,Customer 27,East Indonesia,Online,Key Account,SKU 09,Dairy,642,24071,18509,22885,8%,N,15453582,11882778,3570804,0.2311
2025-04,Customer 27,East Indonesia,Modern Trade,Key Account,SKU 01,Beverage,528,22628,18623,24417,3%,Y,11947584,9832944,2114640,0.177
2025-04,Customer 27,East Indonesia,General Trade,Key Account,SKU 17,Personal Care,1140,25504,18237,23715,5%,N,29074560,20790180,8284380,0.2849
2025-04,Customer 27,East Indonesia,Modern Trade,Key Account,SKU 12,Dairy,188,8753,5669,8609,0%,Y,1645564,1065772,579792,0.3523
2025-04,Customer 27,East Indonesia,Online,Key Account,SKU 15,Frozen,539,46038,28416,49602,0%,N,24814482,15316224,9498258,0.3828
2025-04,Customer 27,East Indonesia,Modern Trade,Key Account,SKU 07,Snack,148,44242,34431,43236,0%,N,6547816,5095788,1452028,0.2218
2025-04,Customer 27,East Indonesia,Online,Key Account,SKU 06,Snack,385,25464,20385,24681,8%,N,9803640,7848225,1955415,0.1995
2025-04,Customer 28,West Indonesia,Modern Trade,Retailer,SKU 04,Beverage,757,18667,13678,17822,5%,Y,14130919,10354246,3776673,0.2673
2025-04,Customer 28,West Indonesia,Modern Trade,Retailer,SKU 18,Personal Care,707,27797,19325,27631,0%,N,19652479,13662775,5989704,0.3048
2025-04,Customer 28,West Indonesia,General Trade,Retailer,SKU 01,Beverage,69,24353,20412,22112,0%,N,1680357,1408428,271929,0.1618
2025-04,Customer 28,West Indonesia,Modern Trade,Retailer,SKU 03,Beverage,342,49540,37012,45177,0%,N,16942680,12658104,4284576,0.2529
2025-04,Customer 28,West Indonesia,Modern Trade,Retailer,SKU 10,Dairy,545,47935,40377,47071,0%,N,26124575,22005465,4119110,0.1577
2025-04,Customer 28,West Indonesia,Modern Trade,Retailer,SKU 14,Frozen,904,12692,7711,12868,8%,N,11473568,6970744,4502824,0.3925
2025-04,Customer 28,West Indonesia,General Trade,Retailer,SKU 08,Snack,431,31178,22130,29337,3%,N,13437718,9538030,3899688,0.2902
2025-04,Customer 28,West Indonesia,General Trade,Retailer,SKU 16,Frozen,67,50124,38114,54155,0%,N,3358308,2553638,804670,0.2396
2025-04,Customer 28,West Indonesia,Online,Retailer,SKU 09,Dairy,593,24954,20892,24366,0%,N,14797722,12388956,2408766,0.1628
2025-04,Customer 28,West Indonesia,General Trade,Retailer,SKU 11,Dairy,133,9976,8444,10857,5%,N,1326808,1123052,203756,0.1536
2025-04,Customer 28,West Indonesia,Modern Trade,Retailer,SKU 20,Personal Care,452,14672,9343,13246,5%,N,6631744,4223036,2408708,0.3632
2025-04,Customer 28,West Indonesia,General Trade,Retailer,SKU 05,Snack,334,13963,9828,13431,0%,N,4663642,3282552,1381090,0.2961
2025-04,Customer 29,West Indonesia,General Trade,Retailer,SKU 19,Personal Care,531,35746,26467,34833,0%,N,18981126,14053977,4927149,0.2596
2025-04,Customer 29,West Indonesia,Online,Retailer,SKU 02,Beverage,240,8194,6399,8678,3%,N,1966560,1535760,430800,0.2191
2025-04,Customer 29,West Indonesia,Modern Trade,Retailer,SKU 18,Personal Care,250,25950,19898,26677,0%,N,6487500,4974500,1513000,0.2332
2025-04,Customer 29,West Indonesia,Modern Trade,Retailer,SKU 13,Frozen,339,9703,7331,9836,5%,N,3289317,2485209,804108,0.2445
2025-04,Customer 29,West Indonesia,Modern Trade,Retailer,SKU 05,Snack,1055,15271,10029,15596,8%,N,16110905,10580595,5530310,0.3433
2025-04,Customer 29,West Indonesia,Modern Trade,Retailer,SKU 01,Beverage,76,23557,15642,25495,0%,N,1790332,1188792,601540,0.336
2025-04,Customer 29,West Indonesia,Modern Trade,Retailer,SKU 11,Dairy,695,9336,7550,8508,0%,Y,6488520,5247250,1241270,0.1913
2025-04,Customer 29,West Indonesia,Modern Trade,Retailer,SKU 09,Dairy,414,23797,14668,25057,0%,N,9851958,6072552,3779406,0.3836
2025-04,Customer 29,West Indonesia,Modern Trade,Retailer,SKU 06,Snack,434,22903,17386,21979,5%,N,9939902,7545524,2394378,0.2409
2025-04,Customer 29,West Indonesia,General Trade,Retailer,SKU 08,Snack,336,28460,20706,30601,0%,N,9562560,6957216,2605344,0.2725
2025-04,Customer 29,West Indonesia,Modern Trade,Retailer,SKU 10,Dairy,1096,49105,36685,50758,0%,N,53819080,40206760,13612320,0.2529
2025-04,Customer 29,West Indonesia,Online,Retailer,SKU 03,Beverage,652,45058,31102,45542,5%,N,29377816,20278504,9099312,0.3097
2025-04,Customer 30,East Indonesia,Modern Trade,Distributor,SKU 06,Snack,1044,23219,17201,21541,0%,N,24240636,17957844,6282792,0.2592
2025-04,Customer 30,East Indonesia,Modern Trade,Distributor,SKU 13,Frozen,246,10006,7918,9300,5%,N,2461476,1947828,513648,0.2087
2025-04,Customer 30,East Indonesia,Online,Distributor,SKU 12,Dairy,721,9301,6045,9007,3%,N,6706021,4358445,2347576,0.3501
2025-04,Customer 30,East Indonesia,Modern Trade,Distributor,SKU 02,Beverage,683,9433,6780,10099,0%,N,6442739,4630740,1811999,0.2812
2025-04,Customer 30,East Indonesia,Modern Trade,Distributor,SKU 16,Frozen,894,45744,32137,42234,3%,Y,40895136,28730478,12164658,0.2975
2025-04,Customer 30,East Indonesia,General Trade,Distributor,SKU 11,Dairy,625,10388,6602,9490,0%,Y,6492500,4126250,2366250,0.3645
2025-04,Customer 30,East Indonesia,General Trade,Distributor,SKU 09,Dairy,62,22326,14191,23358,0%,N,1384212,879842,504370,0.3644
2025-04,Customer 30,East Indonesia,Modern Trade,Distributor,SKU 10,Dairy,1110,51227,41757,53117,3%,Y,56861970,46350270,10511700,0.1849
2025-04,Customer 30,East Indonesia,Modern Trade,Distributor,SKU 04,Beverage,961,18198,14404,19385,3%,N,17488278,13842244,3646034,0.2085
2025-04,Customer 30,East Indonesia,General Trade,Distributor,SKU 19,Personal Care,352,35752,25946,33303,3%,N,12584704,9132992,3451712,0.2743
2025-04,Customer 30,East Indonesia,Online,Distributor,SKU 15,Frozen,795,43398,30194,42210,8%,N,34501410,24004230,10497180,0.3043
2025-04,Customer 30,East Indonesia,General Trade,Distributor,SKU 18,Personal Care,1061,29290,21942,27446,0%,N,31076690,23280462,7796228,0.2509
2025-04,Customer 30,East Indonesia,Modern Trade,Distributor,SKU 17,Personal Care,134,26792,16968,29053,3%,N,3590128,2273712,1316416,0.3667
2025-04,Customer 30,East Indonesia,Modern Trade,Distributor,SKU 03,Beverage,272,45632,36031,43296,0%,N,12411904,9800432,2611472,0.2104
2025-04,Customer 30,East Indonesia,General Trade,Distributor,SKU 14,Frozen,1144,12542,8211,11451,0%,N,14348048,9393384,4954664,0.3453
2025-05,Customer 01,West Indonesia,Online,Retailer,SKU 09,Dairy,933,24460,16581,24191,0%,N,22821180,15470073,7351107,0.3221
2025-05,Customer 01,West Indonesia,General Trade,Retailer,SKU 08,Snack,444,30863,21008,28685,5%,N,13703172,9327552,4375620,0.3193
2025-05,Customer 01,West Indonesia,General Trade,Retailer,SKU 17,Personal Care,734,23740,19274,23686,5%,N,17425160,14147116,3278044,0.1881
2025-05,Customer 01,West Indonesia,Modern Trade,Retailer,SKU 04,Beverage,57,18110,12752,16656,0%,N,1032270,726864,305406,0.2959
2025-05,Customer 01,West Indonesia,Modern Trade,Retailer,SKU 07,Snack,302,45776,34269,43638,0%,N,13824352,10349238,3475114,0.2514
2025-05,Customer 01,West Indonesia,General Trade,Retailer,SKU 13,Frozen,345,10758,6668,10950,0%,N,3711510,2300460,1411050,0.3802
2025-05,Customer 01,West Indonesia,General Trade,Retailer,SKU 05,Snack,751,13421,11283,14459,0%,N,10079171,8473533,1605638,0.1593
2025-05,Customer 01,West Indonesia,Modern Trade,Retailer,SKU 20,Personal Care,83,13472,8477,14710,3%,N,1118176,703591,414585,0.3708
2025-05,Customer 01,West Indonesia,Modern Trade,Retailer,SKU 19,Personal Care,917,39018,27455,41841,3%,Y,35779506,25176235,10603271,0.2964
2025-05,Customer 01,West Indonesia,Modern Trade,Retailer,SKU 06,Snack,427,24450,20696,24076,8%,N,10440150,8837192,1602958,0.1535
2025-05,Customer 01,West Indonesia,Modern Trade,Retailer,SKU 15,Frozen,759,43198,31931,42268,8%,N,32787282,24235629,8551653,0.2608
2025-05,Customer 01,West Indonesia,Modern Trade,Retailer,SKU 10,Dairy,160,46210,35655,49514,0%,Y,7393600,5704800,1688800,0.2284
2025-05,Customer 01,West Indonesia,Modern Trade,Retailer,SKU 01,Beverage,867,23948,15703,26285,3%,N,20762916,13614501,7148415,0.3443
2025-05,Customer 02,Central Indonesia,Modern Trade,Key Account,SKU 09,Dairy,368,25810,18645,25596,8%,N,9498080,6861360,2636720,0.2776
2025-05,Customer 02,Central Indonesia,General Trade,Key Account,SKU 07,Snack,681,44043,32410,47419,0%,Y,29993283,22071210,7922073,0.2641
2025-05,Customer 02,Central Indonesia,Online,Key Account,SKU 01,Beverage,317,22051,16528,21528,3%,N,6990167,5239376,1750791,0.2505
2025-05,Customer 02,Central Indonesia,Online,Key Account,SKU 12,Dairy,1014,9195,7355,9017,0%,N,9323730,7457970,1865760,0.2001
2025-05,Customer 02,Central Indonesia,General Trade,Key Account,SKU 06,Snack,77,23138,17182,21335,3%,N,1781626,1323014,458612,0.2574
2025-05,Customer 02,Central Indonesia,Online,Key Account,SKU 17,Personal Care,745,27496,17072,25439,5%,N,20484520,12718640,7765880,0.3791
2025-05,Customer 02,Central Indonesia,Modern Trade,Key Account,SKU 18,Personal Care,777,27976,21986,27707,0%,Y,21737352,17083122,4654230,0.2141
2025-05,Customer 02,Central Indonesia,General Trade,Key Account,SKU 16,Frozen,1050,46815,33050,50982,8%,N,49155750,34702500,14453250,0.294
2025-05,Customer 03,East Indonesia,General Trade,Distributor,SKU 12,Dairy,336,8437,5070,7762,0%,N,2834832,1703520,1131312,0.3991
2025-05,Customer 03,East Indonesia,Modern Trade,Distributor,SKU 10,Dairy,735,50851,35167,54963,8%,Y,37375485,25847745,11527740,0.3084
2025-05,Customer 03,East Indonesia,General Trade,Distributor,SKU 03,Beverage,97,44722,32373,40458,3%,N,4338034,3140181,1197853,0.2761
2025-05,Customer 03,East Indonesia,General Trade,Distributor,SKU 06,Snack,1089,24194,19736,24331,0%,N,26347266,21492504,4854762,0.1843
2025-05,Customer 03,East Indonesia,Modern Trade,Distributor,SKU 01,Beverage,900,24981,19728,23237,0%,N,22482900,17755200,4727700,0.2103
2025-05,Customer 03,East Indonesia,Online,Distributor,SKU 11,Dairy,966,9506,7691,10087,5%,N,9182796,7429506,1753290,0.1909
2025-05,Customer 03,East Indonesia,General Trade,Distributor,SKU 15,Frozen,626,43095,26802,46159,5%,N,26977470,16778052,10199418,0.3781
2025-05,Customer 03,East Indonesia,Modern Trade,Distributor,SKU 17,Personal Care,886,24412,20315,23915,0%,N,21629032,17999090,3629942,0.1678
2025-05,Customer 03,East Indonesia,General Trade,Distributor,SKU 08,Snack,728,27900,22258,28307,0%,N,20311200,16203824,4107376,0.2022
2025-05,Customer 03,East Indonesia,Online,Distributor,SKU 04,Beverage,446,19032,15839,19852,0%,N,8488272,7064194,1424078,0.1678
2025-05,Customer 03,East Indonesia,General Trade,Distributor,SKU 18,Personal Care,416,29352,22706,31324,5%,Y,12210432,9445696,2764736,0.2264
2025-05,Customer 03,East Indonesia,Modern Trade,Distributor,SKU 02,Beverage,232,9182,6127,8911,0%,N,2130224,1421464,708760,0.3327
2025-05,Customer 03,East Indonesia,Online,Distributor,SKU 05,Snack,366,13994,10148,14727,0%,N,5121804,3714168,1407636,0.2748
2025-05,Customer 03,East Indonesia,Modern Trade,Distributor,SKU 19,Personal Care,621,39621,27455,42460,3%,N,24604641,17049555,7555086,0.3071
2025-05,Customer 03,East Indonesia,General Trade,Distributor,SKU 20,Personal Care,415,14062,10456,14591,0%,Y,5835730,4339240,1496490,0.2564
2025-05,Customer 04,Central Indonesia,Modern Trade,Distributor,SKU 04,Beverage,394,17922,14020,18472,3%,N,7061268,5523880,1537388,0.2177
2025-05,Customer 04,Central Indonesia,Modern Trade,Distributor,SKU 09,Dairy,368,25425,20881,23737,0%,Y,9356400,7684208,1672192,0.1787
2025-05,Customer 04,Central Indonesia,General Trade,Distributor,SKU 13,Frozen,321,9748,6170,8981,0%,N,3129108,1980570,1148538,0.367
2025-05,Customer 04,Central Indonesia,Modern Trade,Distributor,SKU 18,Personal Care,638,27245,20395,25914,0%,Y,17382310,13012010,4370300,0.2514
2025-05,Customer 04,Central Indonesia,Modern Trade,Distributor,SKU 15,Frozen,804,46266,32200,47673,0%,Y,37197864,25888800,11309064,0.304
2025-05,Customer 04,Central Indonesia,Modern Trade,Distributor,SKU 10,Dairy,624,49656,36862,46602,0%,N,30985344,23001888,7983456,0.2577
2025-05,Customer 04,Central Indonesia,Modern Trade,Distributor,SKU 05,Snack,301,13420,9718,13953,5%,N,4039420,2925118,1114302,0.2759
2025-05,Customer 04,Central Indonesia,Online,Distributor,SKU 12,Dairy,498,9300,7517,9223,3%,N,4631400,3743466,887934,0.1917
2025-05,Customer 05,East Indonesia,Modern Trade,Retailer,SKU 09,Dairy,317,22530,16701,22222,0%,N,7142010,5294217,1847793,0.2587
2025-05,Customer 05,East Indonesia,Modern Trade,Retailer,SKU 03,Beverage,539,42629,25666,40407,8%,N,22977031,13833974,9143057,0.3979
2025-05,Customer 05,East Indonesia,Modern Trade,Retailer,SKU 14,Frozen,676,12662,7731,12368,0%,N,8559512,5226156,3333356,0.3894
2025-05,Customer 05,East Indonesia,Online,Retailer,SKU 18,Personal Care,1038,28782,22065,30912,0%,N,29875716,22903470,6972246,0.2334
2025-05,Customer 05,East Indonesia,General Trade,Retailer,SKU 15,Frozen,895,45254,36726,47360,0%,N,40502330,32869770,7632560,0.1884
2025-05,Customer 05,East Indonesia,Modern Trade,Retailer,SKU 12,Dairy,945,8383,6029,8207,0%,Y,7921935,5697405,2224530,0.2808
2025-05,Customer 05,East Indonesia,General Trade,Retailer,SKU 11,Dairy,503,9944,8193,9998,3%,Y,5001832,4121079,880753,0.1761
2025-05,Customer 05,East Indonesia,General Trade,Retailer,SKU 16,Frozen,407,50713,34233,50044,5%,N,20640191,13932831,6707360,0.325
2025-05,Customer 05,East Indonesia,General Trade,Retailer,SKU 10,Dairy,741,49637,32532,47746,3%,N,36781017,24106212,12674805,0.3446
2025-05,Customer 05,East Indonesia,Modern Trade,Retailer,SKU 04,Beverage,155,20178,16232,19531,0%,N,3127590,2515960,611630,0.1956
2025-05,Customer 05,East Indonesia,General Trade,Retailer,SKU 20,Personal Care,751,14290,11436,15489,0%,N,10731790,8588436,2143354,0.1997
2025-05,Customer 05,East Indonesia,Modern Trade,Retailer,SKU 13,Frozen,549,10656,8641,9798,0%,N,5850144,4743909,1106235,0.1891
2025-05,Customer 05,East Indonesia,Modern Trade,Retailer,SKU 07,Snack,371,46428,39255,50170,0%,N,17224788,14563605,2661183,0.1545
2025-05,Customer 06,East Indonesia,General Trade,Retailer,SKU 07,Snack,638,46650,36344,46408,0%,N,29762700,23187472,6575228,0.2209
2025-05,Customer 06,East Indonesia,Modern Trade,Retailer,SKU 03,Beverage,771,43606,35827,40452,3%,Y,33620226,27622617,5997609,0.1784
2025-05,Customer 06,East Indonesia,Online,Retailer,SKU 18,Personal Care,538,29322,24619,28981,3%,N,15775236,13245022,2530214,0.1604
2025-05,Customer 06,East Indonesia,Modern Trade,Retailer,SKU 14,Frozen,729,12383,9893,12285,3%,N,9027207,7211997,1815210,0.2011
2025-05,Customer 06,East Indonesia,Modern Trade,Retailer,SKU 19,Personal Care,566,37650,27547,36912,8%,N,21309900,15591602,5718298,0.2683
2025-05,Customer 06,East Indonesia,Modern Trade,Retailer,SKU 09,Dairy,750,22975,14370,24613,5%,N,17231250,10777500,6453750,0.3745
2025-05,Customer 06,East Indonesia,Online,Retailer,SKU 05,Snack,1098,15212,12889,16726,5%,N,16702776,14152122,2550654,0.1527
2025-05,Customer 06,East Indonesia,Modern Trade,Retailer,SKU 01,Beverage,973,24504,16651,22555,0%,N,23842392,16201423,7640969,0.3205
2025-05,Customer 06,East Indonesia,Modern Trade,Retailer,SKU 11,Dairy,866,8942,6406,9281,0%,N,7743772,5547596,2196176,0.2836
2025-05,Customer 06,East Indonesia,General Trade,Retailer,SKU 06,Snack,549,24611,17100,24699,5%,N,13511439,9387900,4123539,0.3052
2025-05,Customer 06,East Indonesia,Modern Trade,Retailer,SKU 12,Dairy,998,8457,5471,8882,0%,N,8440086,5460058,2980028,0.3531
2025-05,Customer 06,East Indonesia,General Trade,Retailer,SKU 20,Personal Care,724,13871,10226,15239,0%,Y,10042604,7403624,2638980,0.2628
2025-05,Customer 06,East Indonesia,Online,Retailer,SKU 17,Personal Care,546,26984,20767,27043,8%,N,14733264,11338782,3394482,0.2304
2025-05,Customer 06,East Indonesia,General Trade,Retailer,SKU 02,Beverage,693,8590,5575,8509,0%,N,5952870,3863475,2089395,0.351
2025-05,Customer 07,Central Indonesia,Modern Trade,Key Account,SKU 14,Frozen,263,13379,8385,13617,0%,N,3518677,2205255,1313422,0.3733
2025-05,Customer 07,Central Indonesia,General Trade,Key Account,SKU 12,Dairy,54,8094,4925,8640,0%,N,437076,265950,171126,0.3915
2025-05,Customer 07,Central Indonesia,Modern Trade,Key Account,SKU 08,Snack,797,27587,22577,30006,3%,N,21986839,17993869,3992970,0.1816
2025-05,Customer 07,Central Indonesia,Modern Trade,Key Account,SKU 07,Snack,952,46495,36265,42835,8%,Y,44263240,34524280,9738960,0.22
2025-05,Customer 07,Central Indonesia,Modern Trade,Key Account,SKU 13,Frozen,635,11232,9434,12098,0%,N,7132320,5990590,1141730,0.1601
2025-05,Customer 07,Central Indonesia,Modern Trade,Key Account,SKU 05,Snack,1142,15200,12599,15824,5%,N,17358400,14388058,2970342,0.1711
2025-05,Customer 07,Central Indonesia,General Trade,Key Account,SKU 20,Personal Care,1019,14256,8769,14441,0%,N,14526864,8935611,5591253,0.3849
2025-05,Customer 07,Central Indonesia,Online,Key Account,SKU 06,Snack,201,26669,16202,25158,0%,Y,5360469,3256602,2103867,0.3925
2025-05,Customer 08,Central Indonesia,General Trade,Distributor,SKU 15,Frozen,727,47703,37560,50668,0%,N,34680081,27306120,7373961,0.2126
2025-05,Customer 08,Central Indonesia,Modern Trade,Distributor,SKU 10,Dairy,703,49678,32444,45955,0%,Y,34923634,22808132,12115502,0.3469
2025-05,Customer 08,Central Indonesia,Online,Distributor,SKU 14,Frozen,250,13442,10205,12281,0%,N,3360500,2551250,809250,0.2408
2025-05,Customer 08,Central Indonesia,Modern Trade,Distributor,SKU 06,Snack,799,24469,20036,24703,5%,Y,19550731,16008764,3541967,0.1812
2025-05,Customer 08,Central Indonesia,Modern Trade,Distributor,SKU 17,Personal Care,921,25787,17706,27373,0%,Y,23749827,16307226,7442601,0.3134
2025-05,Customer 08,Central Indonesia,Modern Trade,Distributor,SKU 09,Dairy,160,24454,18030,23204,5%,Y,3912640,2884800,1027840,0.2627
2025-05,Customer 08,Central Indonesia,General Trade,Distributor,SKU 12,Dairy,238,8316,6804,8581,0%,N,1979208,1619352,359856,0.1818
2025-05,Customer 08,Central Indonesia,General Trade,Distributor,SKU 08,Snack,296,28106,19893,26921,0%,N,8319376,5888328,2431048,0.2922
2025-05,Customer 08,Central Indonesia,General Trade,Distributor,SKU 01,Beverage,831,22599,14186,21548,8%,N,18779769,11788566,6991203,0.3723
2025-05,Customer 08,Central Indonesia,Modern Trade,Distributor,SKU 04,Beverage,834,18807,14824,20075,0%,N,15685038,12363216,3321822,0.2118
2025-05,Customer 08,Central Indonesia,Modern Trade,Distributor,SKU 20,Personal Care,1059,14614,12326,15850,8%,N,15476226,13053234,2422992,0.1566
2025-05,Customer 09,Central Indonesia,General Trade,Key Account,SKU 13,Frozen,114,9859,8275,10325,0%,N,1123926,943350,180576,0.1607
2025-05,Customer 09,Central Indonesia,Modern Trade,Key Account,SKU 07,Snack,154,46447,34790,41929,0%,Y,7152838,5357660,1795178,0.251
2025-05,Customer 09,Central Indonesia,General Trade,Key Account,SKU 19,Personal Care,552,35969,27230,34035,3%,N,19854888,15030960,4823928,0.243
2025-05,Customer 09,Central Indonesia,Modern Trade,Key Account,SKU 16,Frozen,176,46784,31306,42808,3%,N,8233984,5509856,2724128,0.3308
2025-05,Customer 09,Central Indonesia,Modern Trade,Key Account,SKU 05,Snack,644,14640,11276,14948,0%,N,9428160,7261744,2166416,0.2298
2025-05,Customer 09,Central Indonesia,Modern Trade,Key Account,SKU 09,Dairy,129,25523,18823,23341,3%,N,3292467,2428167,864300,0.2625
2025-05,Customer 09,Central Indonesia,General Trade,Key Account,SKU 03,Beverage,1154,46233,32753,43767,3%,N,53352882,37796962,15555920,0.2916
2025-05,Customer 09,Central Indonesia,Modern Trade,Key Account,SKU 17,Personal Care,547,25362,20325,24311,0%,N,13873014,11117775,2755239,0.1986
2025-05,Customer 09,Central Indonesia,Online,Key Account,SKU 15,Frozen,1008,43440,33216,46673,8%,N,43787520,33481728,10305792,0.2354
2025-05,Customer 09,Central Indonesia,Modern Trade,Key Account,SKU 18,Personal Care,1007,28996,22604,29699,5%,N,29198972,22762228,6436744,0.2204
2025-05,Customer 09,Central Indonesia,General Trade,Key Account,SKU 12,Dairy,57,8688,6279,7995,0%,N,495216,357903,137313,0.2773
2025-05,Customer 09,Central Indonesia,General Trade,Key Account,SKU 14,Frozen,112,13053,9351,12418,0%,N,1461936,1047312,414624,0.2836
2025-05,Customer 10,Central Indonesia,General Trade,Key Account,SKU 10,Dairy,456,46807,39435,49414,0%,N,21343992,17982360,3361632,0.1575
2025-05,Customer 10,Central Indonesia,General Trade,Key Account,SKU 03,Beverage,822,46865,31804,47179,8%,N,38523030,26142888,12380142,0.3214
2025-05,Customer 10,Central Indonesia,Modern Trade,Key Account,SKU 15,Frozen,614,45355,35608,41440,5%,Y,27847970,21863312,5984658,0.2149
2025-05,Customer 10,Central Indonesia,Modern Trade,Key Account,SKU 05,Snack,935,15316,9346,16494,3%,N,14320460,8738510,5581950,0.3898
2025-05,Customer 10,Central Indonesia,General Trade,Key Account,SKU 12,Dairy,751,8974,5868,9235,0%,N,6739474,4406868,2332606,0.3461
2025-05,Customer 10,Central Indonesia,Modern Trade,Key Account,SKU 09,Dairy,200,22413,13511,22011,0%,N,4482600,2702200,1780400,0.3972
2025-05,Customer 10,Central Indonesia,General Trade,Key Account,SKU 07,Snack,608,48678,37749,48005,0%,N,29596224,22951392,6644832,0.2245
2025-05,Customer 10,Central Indonesia,General Trade,Key Account,SKU 18,Personal Care,383,28166,19325,30477,0%,N,10787578,7401475,3386103,0.3139
2025-05,Customer 10,Central Indonesia,Modern Trade,Key Account,SKU 17,Personal Care,87,25252,19377,26868,5%,N,2196924,1685799,511125,0.2327
2025-05,Customer 10,Central Indonesia,Modern Trade,Key Account,SKU 08,Snack,169,30845,20169,28921,8%,Y,5212805,3408561,1804244,0.3461
2025-05,Customer 10,Central Indonesia,General Trade,Key Account,SKU 02,Beverage,798,9525,6049,8955,5%,N,7600950,4827102,2773848,0.3649
2025-05,Customer 10,Central Indonesia,Modern Trade,Key Account,SKU 01,Beverage,667,24558,18753,22611,0%,Y,16380186,12508251,3871935,0.2364
2025-05,Customer 11,West Indonesia,Modern Trade,Key Account,SKU 10,Dairy,985,52358,43306,52850,0%,N,51572630,42656410,8916220,0.1729
2025-05,Customer 11,West Indonesia,Modern Trade,Key Account,SKU 04,Beverage,1040,20244,16061,20097,0%,N,21053760,16703440,4350320,0.2066
2025-05,Customer 11,West Indonesia,General Trade,Key Account,SKU 06,Snack,539,24160,14966,22459,0%,N,13022240,8066674,4955566,0.3805
2025-05,Customer 11,West Indonesia,Modern Trade,Key Account,SKU 16,Frozen,356,49761,30480,48467,8%,N,17714916,10850880,6864036,0.3875
2025-05,Customer 11,West Indonesia,Online,Key Account,SKU 11,Dairy,903,10017,7330,9642,0%,N,9045351,6618990,2426361,0.2682
2025-05,Customer 11,West Indonesia,General Trade,Key Account,SKU 12,Dairy,752,8701,5254,9360,0%,N,6543152,3951008,2592144,0.3962
2025-05,Customer 11,West Indonesia,Online,Key Account,SKU 18,Personal Care,592,29727,22766,31674,3%,N,17598384,13477472,4120912,0.2342
2025-05,Customer 11,West Indonesia,General Trade,Key Account,SKU 14,Frozen,486,13386,8802,13461,0%,N,6505596,4277772,2227824,0.3424
2025-05,Customer 12,Central Indonesia,Modern Trade,Distributor,SKU 13,Frozen,152,11160,8553,11317,3%,N,1696320,1300056,396264,0.2336
2025-05,Customer 12,Central Indonesia,Modern Trade,Distributor,SKU 06,Snack,1033,26276,20047,23979,0%,N,27143108,20708551,6434557,0.2371
2025-05,Customer 12,Central Indonesia,Modern Trade,Distributor,SKU 08,Snack,929,29365,24808,27986,0%,Y,27280085,23046632,4233453,0.1552
2025-05,Customer 12,Central Indonesia,Modern Trade,Distributor,SKU 18,Personal Care,803,26578,16751,26619,3%,N,21342134,13451053,7891081,0.3697
2025-05,Customer 12,Central Indonesia,General Trade,Distributor,SKU 09,Dairy,715,23873,19045,24195,3%,N,17069195,13617175,3452020,0.2022
2025-05,Customer 12,Central Indonesia,Modern Trade,Distributor,SKU 14,Frozen,701,12728,9127,12190,5%,Y,8922328,6398027,2524301,0.2829
2025-05,Customer 12,Central Indonesia,Modern Trade,Distributor,SKU 20,Personal Care,944,15035,10133,14186,3%,Y,14193040,9565552,4627488,0.326
2025-05,Customer 12,Central Indonesia,Modern Trade,Distributor,SKU 01,Beverage,131,24577,18925,23742,0%,N,3219587,2479175,740412,0.23
2025-05,Customer 12,Central Indonesia,General Trade,Distributor,SKU 02,Beverage,334,8761,5382,9278,0%,N,2926174,1797588,1128586,0.3857
2025-05,Customer 12,Central Indonesia,Modern Trade,Distributor,SKU 12,Dairy,173,8158,6401,7984,0%,Y,1411334,1107373,303961,0.2154
2025-05,Customer 12,Central Indonesia,Modern Trade,Distributor,SKU 16,Frozen,669,49486,32253,45865,8%,Y,33106134,21577257,11528877,0.3482
2025-05,Customer 13,East Indonesia,General Trade,Distributor,SKU 08,Snack,950,28320,20647,27938,8%,N,26904000,19614650,7289350,0.2709
2025-05,Customer 13,East Indonesia,General Trade,Distributor,SKU 04,Beverage,720,19605,12030,20185,0%,N,14115600,8661600,5454000,0.3864
2025-05,Customer 13,East Indonesia,Modern Trade,Distributor,SKU 01,Beverage,932,25045,21166,23721,8%,N,23341940,19726712,3615228,0.1549
2025-05,Customer 13,East Indonesia,Modern Trade,Distributor,SKU 16,Frozen,710,43818,29724,44520,3%,N,31110780,21104040,10006740,0.3216
2025-05,Customer 13,East Indonesia,General Trade,Distributor,SKU 13,Frozen,624,11082,8492,11361,0%,N,6915168,5299008,1616160,0.2337
2025-05,Customer 13,East Indonesia,Modern Trade,Distributor,SKU 03,Beverage,1000,42610,33380,42826,8%,Y,42610000,33380000,9230000,0.2166
2025-05,Customer 13,East Indonesia,General Trade,Distributor,SKU 09,Dairy,72,24142,18607,25983,5%,N,1738224,1339704,398520,0.2293
2025-05,Customer 13,East Indonesia,Modern Trade,Distributor,SKU 10,Dairy,131,50489,41681,53307,0%,N,6614059,5460211,1153848,0.1745
2025-05,Customer 13,East Indonesia,General Trade,Distributor,SKU 19,Personal Care,681,34525,26407,34487,0%,N,23511525,17983167,5528358,0.2351
2025-05,Customer 13,East Indonesia,General Trade,Distributor,SKU 06,Snack,695,24233,14751,23689,5%,Y,16841935,10251945,6589990,0.3913
2025-05,Customer 13,East Indonesia,Online,Distributor,SKU 02,Beverage,180,8691,7043,7946,3%,N,1564380,1267740,296640,0.1896
2025-05,Customer 14,Central Indonesia,General Trade,Distributor,SKU 05,Snack,88,14003,10258,15223,0%,N,1232264,902704,329560,0.2674
2025-05,Customer 14,Central Indonesia,General Trade,Distributor,SKU 19,Personal Care,626,35393,29282,32432,0%,Y,22156018,18330532,3825486,0.1727
2025-05,Customer 14,Central Indonesia,General Trade,Distributor,SKU 03,Beverage,489,47790,36354,49921,0%,N,23369310,17777106,5592204,0.2393
2025-05,Customer 14,Central Indonesia,Modern Trade,Distributor,SKU 12,Dairy,1109,8739,6552,8366,3%,N,9691551,7266168,2425383,0.2503
2025-05,Customer 14,Central Indonesia,Modern Trade,Distributor,SKU 01,Beverage,128,23939,18665,25001,0%,N,3064192,2389120,675072,0.2203
2025-05,Customer 14,Central Indonesia,General Trade,Distributor,SKU 04,Beverage,365,18987,14612,20855,0%,N,6930255,5333380,1596875,0.2304
2025-05,Customer 14,Central Indonesia,Online,Distributor,SKU 06,Snack,938,23200,15339,23584,0%,Y,21761600,14387982,7373618,0.3388
2025-05,Customer 14,Central Indonesia,General Trade,Distributor,SKU 18,Personal Care,345,26838,17669,24196,5%,N,9259110,6095805,3163305,0.3416
2025-05,Customer 14,Central Indonesia,Modern Trade,Distributor,SKU 07,Snack,406,46776,38309,47106,0%,N,18991056,15553454,3437602,0.181
2025-05,Customer 14,Central Indonesia,Modern Trade,Distributor,SKU 09,Dairy,1080,25016,17018,22873,3%,Y,27017280,18379440,8637840,0.3197
2025-05,Customer 15,Central Indonesia,General Trade,Retailer,SKU 16,Frozen,337,47879,37513,50885,3%,N,16135223,12641881,3493342,0.2165
2025-05,Customer 15,Central Indonesia,Modern Trade,Retailer,SKU 09,Dairy,974,22638,15790,23692,5%,Y,22049412,15379460,6669952,0.3025
2025-05,Customer 15,Central Indonesia,General Trade,Retailer,SKU 19,Personal Care,119,34943,27884,34777,3%,Y,4158217,3318196,840021,0.202
2025-05,Customer 15,Central Indonesia,General Trade,Retailer,SKU 20,Personal Care,605,13608,8735,13745,0%,Y,8232840,5284675,2948165,0.3581
2025-05,Customer 15,Central Indonesia,Modern Trade,Retailer,SKU 01,Beverage,592,22106,16165,23597,0%,N,13086752,9569680,3517072,0.2688
2025-05,Customer 15,Central Indonesia,General Trade,Retailer,SKU 11,Dairy,279,8959,6511,8279,0%,N,2499561,1816569,682992,0.2732
2025-05,Customer 15,Central Indonesia,General Trade,Retailer,SKU 07,Snack,380,43153,29421,40327,0%,N,16398140,11179980,5218160,0.3182
2025-05,Customer 15,Central Indonesia,Modern Trade,Retailer,SKU 13,Frozen,978,10823,9066,9752,3%,Y,10584894,8866548,1718346,0.1623
2025-05,Customer 15,Central Indonesia,General Trade,Retailer,SKU 17,Personal Care,897,24539,15283,22946,0%,N,22011483,13708851,8302632,0.3772
2025-05,Customer 15,Central Indonesia,General Trade,Retailer,SKU 10,Dairy,650,51677,41366,54708,3%,N,33590050,26887900,6702150,0.1995
2025-05,Customer 15,Central Indonesia,Modern Trade,Retailer,SKU 18,Personal Care,323,26495,18052,27133,3%,N,8557885,5830796,2727089,0.3187
2025-05,Customer 15,Central Indonesia,Modern Trade,Retailer,SKU 05,Snack,167,13755,11604,13230,5%,Y,2297085,1937868,359217,0.1564
2025-05,Customer 16,Central Indonesia,Modern Trade,Key Account,SKU 02,Beverage,848,8796,6067,8223,8%,N,7459008,5144816,2314192,0.3103
2025-05,Customer 16,Central Indonesia,General Trade,Key Account,SKU 20,Personal Care,989,15438,12442,15975,3%,N,15268182,12305138,2963044,0.1941
2025-05,Customer 16,Central Indonesia,General Trade,Key Account,SKU 18,Personal Care,559,28641,17562,30502,0%,N,16010319,9817158,6193161,0.3868
2025-05,Customer 16,Central Indonesia,General Trade,Key Account,SKU 01,Beverage,99,23691,18658,21798,0%,N,2345409,1847142,498267,0.2124
2025-05,Customer 16,Central Indonesia,Modern Trade,Key Account,SKU 09,Dairy,330,22787,19268,21421,3%,N,7519710,6358440,1161270,0.1544
2025-05,Customer 16,Central Indonesia,Online,Key Account,SKU 04,Beverage,1023,18187,13691,17080,0%,N,18605301,14005893,4599408,0.2472
2025-05,Customer 16,Central Indonesia,Modern Trade,Key Account,SKU 12,Dairy,975,8208,6867,8413,3%,N,8002800,6695325,1307475,0.1634
2025-05,Customer 16,Central Indonesia,General Trade,Key Account,SKU 13,Frozen,855,10747,9026,10796,5%,N,9188685,7717230,1471455,0.1601
2025-05,Customer 17,Central Indonesia,Online,Distributor,SKU 17,Personal Care,879,26196,21291,28671,0%,N,23026284,18714789,4311495,0.1872
2025-05,Customer 17,Central Indonesia,Modern Trade,Distributor,SKU 09,Dairy,380,25095,17190,25521,3%,N,9536100,6532200,3003900,0.315
2025-05,Customer 17,Central Indonesia,Online,Distributor,SKU 11,Dairy,118,9773,6282,9825,8%,N,1153214,741276,411938,0.3572
2025-05,Customer 17,Central Indonesia,General Trade,Distributor,SKU 12,Dairy,435,8834,5753,9370,0%,N,3842790,2502555,1340235,0.3488
2025-05,Customer 17,Central Indonesia,Modern Trade,Distributor,SKU 06,Snack,311,23195,15886,25299,3%,N,7213645,4940546,2273099,0.3151
2025-05,Customer 17,Central Indonesia,Modern Trade,Distributor,SKU 03,Beverage,348,47746,34460,47034,0%,N,16615608,11992080,4623528,0.2783
2025-05,Customer 17,Central Indonesia,Modern Trade,Distributor,SKU 10,Dairy,965,45248,37174,41075,5%,N,43664320,35872910,7791410,0.1784
2025-05,Customer 17,Central Indonesia,General Trade,Distributor,SKU 04,Beverage,424,20516,16365,21211,3%,N,8698784,6938760,1760024,0.2023
2025-05,Customer 17,Central Indonesia,General Trade,Distributor,SKU 13,Frozen,675,11261,7084,11260,3%,N,7601175,4781700,2819475,0.3709
2025-05,Customer 17,Central Indonesia,General Trade,Distributor,SKU 14,Frozen,579,14252,10978,14855,0%,N,8251908,6356262,1895646,0.2297
2025-05,Customer 17,Central Indonesia,General Trade,Distributor,SKU 02,Beverage,90,8659,6149,8887,0%,N,779310,553410,225900,0.2899
2025-05,Customer 18,West Indonesia,Modern Trade,Retailer,SKU 17,Personal Care,662,25990,15797,25012,0%,N,17205380,10457614,6747766,0.3922
2025-05,Customer 18,West Indonesia,Online,Retailer,SKU 02,Beverage,714,9417,6456,8481,5%,Y,6723738,4609584,2114154,0.3144
2025-05,Customer 18,West Indonesia,Modern Trade,Retailer,SKU 19,Personal Care,438,34114,22490,35687,0%,N,14941932,9850620,5091312,0.3407
2025-05,Customer 18,West Indonesia,Modern Trade,Retailer,SKU 03,Beverage,892,49305,39628,54060,0%,N,43980060,35348176,8631884,0.1963
2025-05,Customer 18,West Indonesia,Online,Retailer,SKU 01,Beverage,784,22091,14874,20640,0%,Y,17319344,11661216,5658128,0.3267
2025-05,Customer 18,West Indonesia,Online,Retailer,SKU 16,Frozen,350,46917,28439,47089,0%,Y,16420950,9953650,6467300,0.3938
2025-05,Customer 18,West Indonesia,Online,Retailer,SKU 07,Snack,296,48377,37406,47084,8%,Y,14319592,11072176,3247416,0.2268
2025-05,Customer 18,West Indonesia,Modern Trade,Retailer,SKU 04,Beverage,777,20177,16202,19114,5%,N,15677529,12588954,3088575,0.197
2025-05,Customer 18,West Indonesia,Modern Trade,Retailer,SKU 14,Frozen,769,14364,11258,15359,0%,N,11045916,8657402,2388514,0.2162
2025-05,Customer 18,West Indonesia,General Trade,Retailer,SKU 11,Dairy,582,9899,8035,9729,3%,N,5761218,4676370,1084848,0.1883
2025-05,Customer 18,West Indonesia,Modern Trade,Retailer,SKU 15,Frozen,151,46258,35056,45634,5%,N,6984958,5293456,1691502,0.2422
2025-05,Customer 18,West Indonesia,Modern Trade,Retailer,SKU 09,Dairy,596,23273,16058,21405,3%,Y,13870708,9570568,4300140,0.31
2025-05,Customer 18,West Indonesia,Modern Trade,Retailer,SKU 20,Personal Care,188,14705,11865,15120,5%,N,2764540,2230620,533920,0.1931
2025-05,Customer 18,West Indonesia,General Trade,Retailer,SKU 06,Snack,919,26487,17049,24634,0%,N,24341553,15668031,8673522,0.3563
2025-05,Customer 18,West Indonesia,General Trade,Retailer,SKU 13,Frozen,602,10278,8733,9337,0%,N,6187356,5257266,930090,0.1503
2025-05,Customer 19,West Indonesia,Modern Trade,Distributor,SKU 18,Personal Care,80,26748,20680,25979,5%,Y,2139840,1654400,485440,0.2269
2025-05,Customer 19,West Indonesia,Modern Trade,Distributor,SKU 03,Beverage,433,44658,35989,41076,3%,N,19336914,15583237,3753677,0.1941
2025-05,Customer 19,West Indonesia,Online,Distributor,SKU 11,Dairy,756,9302,7850,9878,5%,Y,7032312,5934600,1097712,0.1561
2025-05,Customer 19,West Indonesia,General Trade,Distributor,SKU 07,Snack,958,41972,28643,39494,0%,N,40209176,27439994,12769182,0.3176
2025-05,Customer 19,West Indonesia,General Trade,Distributor,SKU 17,Personal Care,247,25056,18576,22641,8%,N,6188832,4588272,1600560,0.2586
2025-05,Customer 19,West Indonesia,Modern Trade,Distributor,SKU 01,Beverage,404,22740,16632,22450,0%,N,9186960,6719328,2467632,0.2686
2025-05,Customer 19,West Indonesia,Online,Distributor,SKU 14,Frozen,639,13640,10519,12676,8%,N,8715960,6721641,1994319,0.2288
2025-05,Customer 19,West Indonesia,Modern Trade,Distributor,SKU 12,Dairy,588,8214,4974,8320,0%,N,4829832,2924712,1905120,0.3944
2025-05,Customer 19,West Indonesia,Modern Trade,Distributor,SKU 15,Frozen,109,43491,32764,44828,8%,N,4740519,3571276,1169243,0.2466
2025-05,Customer 19,West Indonesia,General Trade,Distributor,SKU 06,Snack,1020,26077,17183,25933,8%,N,26598540,17526660,9071880,0.3411
2025-05,Customer 19,West Indonesia,Online,Distributor,SKU 02,Beverage,693,8310,6495,8494,5%,N,5758830,4501035,1257795,0.2184
2025-05,Customer 19,West Indonesia,Modern Trade,Distributor,SKU 05,Snack,991,14987,10117,13736,0%,Y,14852117,10025947,4826170,0.3249
2025-05,Customer 19,West Indonesia,General Trade,Distributor,SKU 10,Dairy,287,47236,35932,45338,0%,N,13556732,10312484,3244248,0.2393
2025-05,Customer 19,West Indonesia,Modern Trade,Distributor,SKU 19,Personal Care,1141,37824,27726,36971,0%,N,43157184,31635366,11521818,0.267
2025-05,Customer 20,East Indonesia,General Trade,Retailer,SKU 10,Dairy,861,48032,33585,44007,8%,N,41355552,28916685,12438867,0.3008
2025-05,Customer 20,East Indonesia,Modern Trade,Retailer,SKU 04,Beverage,497,18806,12157,18840,5%,N,9346582,6042029,3304553,0.3536
2025-05,Customer 20,East Indonesia,General Trade,Retailer,SKU 02,Beverage,1022,9450,7153,8785,3%,N,9657900,7310366,2347534,0.2431
2025-05,Customer 20,East Indonesia,Modern Trade,Retailer,SKU 19,Personal Care,1125,38715,29341,38609,0%,N,43554375,33008625,10545750,0.2421
2025-05,Customer 20,East Indonesia,Modern Trade,Retailer,SKU 11,Dairy,548,10211,7046,11195,5%,N,5595628,3861208,1734420,0.31
2025-05,Customer 20,East Indonesia,General Trade,Retailer,SKU 07,Snack,198,44384,29710,42169,5%,N,8788032,5882580,2905452,0.3306
2025-05,Customer 20,East Indonesia,General Trade,Retailer,SKU 18,Personal Care,831,29223,17713,31750,3%,N,24284313,14719503,9564810,0.3939
2025-05,Customer 20,East Indonesia,Modern Trade,Retailer,SKU 16,Frozen,616,50678,33383,47113,3%,N,31217648,20563928,10653720,0.3413
2025-05,Customer 20,East Indonesia,Modern Trade,Retailer,SKU 17,Personal Care,1157,25307,19186,24156,0%,N,29280199,22198202,7081997,0.2419
2025-05,Customer 20,East Indonesia,Modern Trade,Retailer,SKU 08,Snack,770,28971,18914,26623,0%,N,22307670,14563780,7743890,0.3471
2025-05,Customer 20,East Indonesia,Modern Trade,Retailer,SKU 01,Beverage,407,22022,15494,20631,0%,N,8962954,6306058,2656896,0.2964
2025-05,Customer 20,East Indonesia,Online,Retailer,SKU 09,Dairy,143,22183,17406,23790,0%,Y,3172169,2489058,683111,0.2153
2025-05,Customer 20,East Indonesia,Online,Retailer,SKU 15,Frozen,132,45222,36745,46137,8%,Y,5969304,4850340,1118964,0.1875
2025-05,Customer 20,East Indonesia,Modern Trade,Retailer,SKU 06,Snack,1034,24265,16836,25673,3%,N,25090010,17408424,7681586,0.3062
2025-05,Customer 20,East Indonesia,Modern Trade,Retailer,SKU 14,Frozen,431,13107,8819,13192,0%,Y,5649117,3800989,1848128,0.3272
2025-05,Customer 21,Central Indonesia,General Trade,Distributor,SKU 04,Beverage,355,19323,13070,18111,0%,N,6859665,4639850,2219815,0.3236
2025-05,Customer 21,Central Indonesia,General Trade,Distributor,SKU 02,Beverage,916,8329,5907,8634,3%,N,7629364,5410812,2218552,0.2908
2025-05,Customer 21,Central Indonesia,Modern Trade,Distributor,SKU 03,Beverage,754,45769,35003,45707,0%,N,34509826,26392262,8117564,0.2352
2025-05,Customer 21,Central Indonesia,Online,Distributor,SKU 12,Dairy,338,8504,6186,8362,5%,N,2874352,2090868,783484,0.2726
2025-05,Customer 21,Central Indonesia,Modern Trade,Distributor,SKU 01,Beverage,881,25398,17182,24810,5%,Y,22375638,15137342,7238296,0.3235
2025-05,Customer 21,Central Indonesia,Modern Trade,Distributor,SKU 15,Frozen,236,46222,31145,44965,0%,N,10908392,7350220,3558172,0.3262
2025-05,Customer 21,Central Indonesia,Modern Trade,Distributor,SKU 06,Snack,879,26312,20025,27494,8%,Y,23128248,17601975,5526273,0.2389
2025-05,Customer 21,Central Indonesia,Modern Trade,Distributor,SKU 20,Personal Care,140,13773,9912,14800,5%,Y,1928220,1387680,540540,0.2803
2025-05,Customer 21,Central Indonesia,General Trade,Distributor,SKU 11,Dairy,1062,9164,7436,9120,0%,N,9732168,7897032,1835136,0.1886
2025-05,Customer 22,West Indonesia,Modern Trade,Distributor,SKU 03,Beverage,477,43832,33168,40008,0%,N,20907864,15821136,5086728,0.2433
2025-05,Customer 22,West Indonesia,Modern Trade,Distributor,SKU 19,Personal Care,427,36979,26634,33334,3%,N,15790033,11372718,4417315,0.2798
2025-05,Customer 22,West Indonesia,General Trade,Distributor,SKU 04,Beverage,423,19860,14196,20630,5%,N,8400780,6004908,2395872,0.2852
2025-05,Customer 22,West Indonesia,Modern Trade,Distributor,SKU 14,Frozen,220,14035,8847,12735,8%,Y,3087700,1946340,1141360,0.3696
2025-05,Customer 22,West Indonesia,Online,Distributor,SKU 16,Frozen,288,43999,36956,46240,0%,N,12671712,10643328,2028384,0.1601
2025-05,Customer 22,West Indonesia,Modern Trade,Distributor,SKU 12,Dairy,1102,8455,6583,8913,0%,Y,9317410,7254466,2062944,0.2214
2025-05,Customer 22,West Indonesia,Modern Trade,Distributor,SKU 11,Dairy,991,9361,6834,10222,5%,N,9276751,6772494,2504257,0.2699
2025-05,Customer 22,West Indonesia,General Trade,Distributor,SKU 13,Frozen,727,10325,7171,11177,0%,N,7506275,5213317,2292958,0.3055
2025-05,Customer 22,West Indonesia,General Trade,Distributor,SKU 05,Snack,783,14552,11706,15424,0%,N,11394216,9165798,2228418,0.1956
2025-05,Customer 22,West Indonesia,Modern Trade,Distributor,SKU 06,Snack,1034,26413,16983,28171,0%,Y,27311042,17560422,9750620,0.357
2025-05,Customer 22,West Indonesia,Modern Trade,Distributor,SKU 02,Beverage,457,8994,5458,9414,0%,N,4110258,2494306,1615952,0.3932
2025-05,Customer 22,West Indonesia,Modern Trade,Distributor,SKU 07,Snack,932,45410,36821,44887,3%,Y,42322120,34317172,8004948,0.1891
2025-05,Customer 22,West Indonesia,Modern Trade,Distributor,SKU 01,Beverage,1138,23364,16959,25122,0%,N,26588232,19299342,7288890,0.2741
2025-05,Customer 22,West Indonesia,General Trade,Distributor,SKU 20,Personal Care,995,14664,9141,16105,3%,N,14590680,9095295,5495385,0.3766
2025-05,Customer 23,Central Indonesia,General Trade,Key Account,SKU 13,Frozen,286,10442,6349,10555,8%,N,2986412,1815814,1170598,0.392
2025-05,Customer 23,Central Indonesia,General Trade,Key Account,SKU 03,Beverage,1096,44922,33609,48926,3%,N,49234512,36835464,12399048,0.2518
2025-05,Customer 23,Central Indonesia,Online,Key Account,SKU 08,Snack,142,32062,26982,29106,8%,N,4552804,3831444,721360,0.1584
2025-05,Customer 23,Central Indonesia,Online,Key Account,SKU 12,Dairy,217,9270,6855,9883,0%,N,2011590,1487535,524055,0.2605
2025-05,Customer 23,Central Indonesia,Modern Trade,Key Account,SKU 15,Frozen,368,49419,34869,54057,0%,N,18186192,12831792,5354400,0.2944
2025-05,Customer 23,Central Indonesia,General Trade,Key Account,SKU 06,Snack,125,24352,19481,23398,5%,N,3044000,2435125,608875,0.2
2025-05,Customer 23,Central Indonesia,General Trade,Key Account,SKU 10,Dairy,296,50360,41378,46646,5%,N,14906560,12247888,2658672,0.1784
2025-05,Customer 23,Central Indonesia,General Trade,Key Account,SKU 01,Beverage,916,23212,17050,21895,0%,N,21262192,15617800,5644392,0.2655
2025-05,Customer 23,Central Indonesia,Modern Trade,Key Account,SKU 11,Dairy,202,9837,7424,9634,3%,N,1987074,1499648,487426,0.2453
2025-05,Customer 23,Central Indonesia,Modern Trade,Key Account,SKU 04,Beverage,160,19457,13642,18393,8%,N,3113120,2182720,930400,0.2989
2025-05,Customer 23,Central Indonesia,General Trade,Key Account,SKU 17,Personal Care,120,25142,19600,24063,3%,N,3017040,2352000,665040,0.2204
2025-05,Customer 23,Central Indonesia,Online,Key Account,SKU 18,Personal Care,864,26945,19413,27872,0%,Y,23280480,16772832,6507648,0.2795
2025-05,Customer 23,Central Indonesia,Modern Trade,Key Account,SKU 16,Frozen,514,49256,41520,48322,0%,N,25317584,21341280,3976304,0.1571
2025-05,Customer 24,Central Indonesia,Modern Trade,Distributor,SKU 17,Personal Care,426,25455,18401,23662,3%,N,10843830,7838826,3005004,0.2771
2025-05,Customer 24,Central Indonesia,Modern Trade,Distributor,SKU 13,Frozen,483,10114,8308,10611,8%,N,4885062,4012764,872298,0.1786
2025-05,Customer 24,Central Indonesia,Modern Trade,Distributor,SKU 02,Beverage,292,9209,5778,8320,0%,Y,2689028,1687176,1001852,0.3726
2025-05,Customer 24,Central Indonesia,Online,Distributor,SKU 16,Frozen,166,49857,37252,52743,3%,N,8276262,6183832,2092430,0.2528
2025-05,Customer 24,Central Indonesia,Modern Trade,Distributor,SKU 05,Snack,86,15161,12880,14009,3%,Y,1303846,1107680,196166,0.1505
2025-05,Customer 24,Central Indonesia,General Trade,Distributor,SKU 11,Dairy,540,10075,7177,10454,0%,N,5440500,3875580,1564920,0.2876
2025-05,Customer 24,Central Indonesia,Modern Trade,Distributor,SKU 08,Snack,837,29927,20809,29061,0%,N,25048899,17417133,7631766,0.3047
2025-05,Customer 24,Central Indonesia,Modern Trade,Distributor,SKU 18,Personal Care,590,28576,20356,25726,3%,N,16859840,12010040,4849800,0.2877
2025-05,Customer 24,Central Indonesia,Modern Trade,Distributor,SKU 10,Dairy,887,49537,38680,47744,0%,N,43939319,34309160,9630159,0.2192
2025-05,Customer 24,Central Indonesia,General Trade,Distributor,SKU 20,Personal Care,719,14646,11305,15748,0%,N,10530474,8128295,2402179,0.2281
2025-05,Customer 25,Central Indonesia,General Trade,Distributor,SKU 20,Personal Care,565,14141,8486,14103,0%,N,7989665,4794590,3195075,0.3999
2025-05,Customer 25,Central Indonesia,General Trade,Distributor,SKU 04,Beverage,277,19503,14006,20708,0%,N,5402331,3879662,1522669,0.2819
2025-05,Customer 25,Central Indonesia,General Trade,Distributor,SKU 11,Dairy,681,10376,8072,10374,0%,N,7066056,5497032,1569024,0.2221
2025-05,Customer 25,Central Indonesia,General Trade,Distributor,SKU 13,Frozen,495,10010,8451,9835,5%,Y,4954950,4183245,771705,0.1557
2025-05,Customer 25,Central Indonesia,Modern Trade,Distributor,SKU 19,Personal Care,648,35586,23380,33546,5%,N,23059728,15150240,7909488,0.343
2025-05,Customer 25,Central Indonesia,Online,Distributor,SKU 16,Frozen,284,45086,29530,49181,5%,N,12804424,8386520,4417904,0.345
2025-05,Customer 25,Central Indonesia,General Trade,Distributor,SKU 12,Dairy,990,8207,6822,7796,0%,N,8124930,6753780,1371150,0.1688
2025-05,Customer 25,Central Indonesia,Modern Trade,Distributor,SKU 18,Personal Care,409,29588,23876,31784,0%,N,12101492,9765284,2336208,0.1931
2025-05,Customer 25,Central Indonesia,General Trade,Distributor,SKU 15,Frozen,455,47139,39341,45858,5%,N,21448245,17900155,3548090,0.1654
2025-05,Customer 25,Central Indonesia,Modern Trade,Distributor,SKU 10,Dairy,818,46835,29023,44482,0%,N,38311030,23740814,14570216,0.3803
2025-05,Customer 25,Central Indonesia,Modern Trade,Distributor,SKU 06,Snack,139,26658,16503,26631,5%,N,3705462,2293917,1411545,0.3809
2025-05,Customer 25,Central Indonesia,Modern Trade,Distributor,SKU 02,Beverage,520,8351,5795,8953,0%,N,4342520,3013400,1329120,0.3061
2025-05,Customer 26,West Indonesia,General Trade,Distributor,SKU 20,Personal Care,591,15014,10613,15869,5%,N,8873274,6272283,2600991,0.2931
2025-05,Customer 26,West Indonesia,Online,Distributor,SKU 05,Snack,800,15034,12546,13907,0%,N,12027200,10036800,1990400,0.1655
2025-05,Customer 26,West Indonesia,General Trade,Distributor,SKU 06,Snack,1027,25826,21807,27636,0%,Y,26523302,22395789,4127513,0.1556
2025-05,Customer 26,West Indonesia,Modern Trade,Distributor,SKU 14,Frozen,169,13074,10752,12896,0%,N,2209506,1817088,392418,0.1776
2025-05,Customer 26,West Indonesia,General Trade,Distributor,SKU 09,Dairy,1103,23886,16864,22987,0%,N,26346258,18600992,7745266,0.294
2025-05,Customer 26,West Indonesia,Modern Trade,Distributor,SKU 18,Personal Care,716,28447,17930,27008,0%,N,20368052,12837880,7530172,0.3697
2025-05,Customer 26,West Indonesia,Modern Trade,Distributor,SKU 16,Frozen,605,43858,32207,41115,0%,N,26534090,19485235,7048855,0.2657
2025-05,Customer 26,West Indonesia,Modern Trade,Distributor,SKU 08,Snack,751,30861,26177,31629,5%,N,23176611,19658927,3517684,0.1518
2025-05,Customer 26,West Indonesia,Online,Distributor,SKU 11,Dairy,995,9252,5616,10140,0%,N,9205740,5587920,3617820,0.393
2025-05,Customer 26,West Indonesia,General Trade,Distributor,SKU 15,Frozen,1107,43113,33401,43381,0%,Y,47726091,36974907,10751184,0.2253
2025-05,Customer 26,West Indonesia,Modern Trade,Distributor,SKU 01,Beverage,366,23458,17598,22100,0%,N,8585628,6440868,2144760,0.2498
2025-05,Customer 27,West Indonesia,Modern Trade,Key Account,SKU 03,Beverage,48,49165,32743,48309,0%,Y,2359920,1571664,788256,0.334
2025-05,Customer 27,West Indonesia,General Trade,Key Account,SKU 09,Dairy,1046,23075,19146,20829,3%,N,24136450,20026716,4109734,0.1703
2025-05,Customer 27,West Indonesia,General Trade,Key Account,SKU 04,Beverage,692,18521,14276,19985,0%,N,12816532,9878992,2937540,0.2292
2025-05,Customer 27,West Indonesia,Modern Trade,Key Account,SKU 02,Beverage,1147,8538,5946,7851,3%,N,9793086,6820062,2973024,0.3036
2025-05,Customer 27,West Indonesia,General Trade,Key Account,SKU 01,Beverage,415,23608,17247,24512,3%,Y,9797320,7157505,2639815,0.2694
2025-05,Customer 27,West Indonesia,Modern Trade,Key Account,SKU 12,Dairy,967,8345,5109,8386,0%,N,8069615,4940403,3129212,0.3878
2025-05,Customer 27,West Indonesia,Modern Trade,Key Account,SKU 14,Frozen,966,14216,10117,12930,0%,N,13732656,9773022,3959634,0.2883
2025-05,Customer 27,West Indonesia,General Trade,Key Account,SKU 13,Frozen,676,10292,8657,9390,0%,N,6957392,5852132,1105260,0.1589
2025-05,Customer 27,West Indonesia,Modern Trade,Key Account,SKU 06,Snack,310,23698,18344,25465,3%,N,7346380,5686640,1659740,0.2259
2025-05,Customer 27,West Indonesia,Modern Trade,Key Account,SKU 15,Frozen,1135,45301,36938,43297,0%,Y,51416635,41924630,9492005,0.1846
2025-05,Customer 27,West Indonesia,Modern Trade,Key Account,SKU 17,Personal Care,312,27276,16898,27452,8%,N,8510112,5272176,3237936,0.3805
2025-05,Customer 28,East Indonesia,Online,Retailer,SKU 11,Dairy,1126,9971,6049,9648,5%,N,11227346,6811174,4416172,0.3933
2025-05,Customer 28,East Indonesia,Modern Trade,Retailer,SKU 06,Snack,940,24431,18374,25710,0%,Y,22965140,17271560,5693580,0.2479
2025-05,Customer 28,East Indonesia,Online,Retailer,SKU 13,Frozen,749,10029,6731,9786,0%,Y,7511721,5041519,2470202,0.3288
2025-05,Customer 28,East Indonesia,Modern Trade,Retailer,SKU 02,Beverage,742,9086,6758,8543,0%,N,6741812,5014436,1727376,0.2562
2025-05,Customer 28,East Indonesia,General Trade,Retailer,SKU 12,Dairy,731,8662,7180,8486,0%,N,6331922,5248580,1083342,0.1711
2025-05,Customer 28,East Indonesia,General Trade,Retailer,SKU 04,Beverage,236,19752,14255,21396,3%,N,4661472,3364180,1297292,0.2783
2025-05,Customer 28,East Indonesia,General Trade,Retailer,SKU 18,Personal Care,687,29686,23280,28717,3%,Y,20394282,15993360,4400922,0.2158
2025-05,Customer 28,East Indonesia,General Trade,Retailer,SKU 16,Frozen,611,50602,35959,51360,3%,Y,30917822,21970949,8946873,0.2894
2025-05,Customer 28,East Indonesia,General Trade,Retailer,SKU 07,Snack,602,45291,29031,46248,0%,N,27265182,17476662,9788520,0.359
2025-05,Customer 28,East Indonesia,General Trade,Retailer,SKU 19,Personal Care,871,38971,25767,41062,0%,N,33943741,22443057,11500684,0.3388
2025-05,Customer 29,Central Indonesia,General Trade,Distributor,SKU 07,Snack,79,43021,26031,42722,0%,N,3398659,2056449,1342210,0.3949
2025-05,Customer 29,Central Indonesia,General Trade,Distributor,SKU 20,Personal Care,673,15019,12638,14939,5%,N,10107787,8505374,1602413,0.1585
2025-05,Customer 29,Central Indonesia,Modern Trade,Distributor,SKU 08,Snack,628,28436,20230,28594,5%,N,17857808,12704440,5153368,0.2886
2025-05,Customer 29,Central Indonesia,Modern Trade,Distributor,SKU 15,Frozen,191,42155,33781,40639,3%,N,8051605,6452171,1599434,0.1986
2025-05,Customer 29,Central Indonesia,Online,Distributor,SKU 18,Personal Care,1067,26379,21107,24874,0%,Y,28146393,22521169,5625224,0.1999
2025-05,Customer 29,Central Indonesia,Modern Trade,Distributor,SKU 12,Dairy,942,8874,5566,8059,3%,N,8359308,5243172,3116136,0.3728
2025-05,Customer 29,Central Indonesia,General Trade,Distributor,SKU 16,Frozen,147,50728,39245,51364,3%,N,7457016,5769015,1688001,0.2264
2025-05,Customer 29,Central Indonesia,Modern Trade,Distributor,SKU 19,Personal Care,916,37863,29676,36374,0%,N,34682508,27183216,7499292,0.2162
2025-05,Customer 29,Central Indonesia,Modern Trade,Distributor,SKU 04,Beverage,795,18634,14168,17898,0%,N,14814030,11263560,3550470,0.2397
2025-05,Customer 30,West Indonesia,Modern Trade,Key Account,SKU 15,Frozen,918,47695,34830,45294,0%,N,43784010,31973940,11810070,0.2697
2025-05,Customer 30,West Indonesia,Modern Trade,Key Account,SKU 12,Dairy,372,8280,5502,8920,3%,N,3080160,2046744,1033416,0.3355
2025-05,Customer 30,West Indonesia,General Trade,Key Account,SKU 19,Personal Care,458,36759,27903,35207,0%,Y,16835622,12779574,4056048,0.2409
2025-05,Customer 30,West Indonesia,Modern Trade,Key Account,SKU 09,Dairy,251,25456,17879,26762,5%,N,6389456,4487629,1901827,0.2977
2025-05,Customer 30,West Indonesia,Modern Trade,Key Account,SKU 14,Frozen,390,14079,8501,12931,0%,N,5490810,3315390,2175420,0.3962
2025-05,Customer 30,West Indonesia,Modern Trade,Key Account,SKU 04,Beverage,1117,18767,15693,18200,0%,Y,20962739,17529081,3433658,0.1638
2025-05,Customer 30,West Indonesia,Online,Key Account,SKU 08,Snack,454,31967,25395,30153,0%,Y,14513018,11529330,2983688,0.2056
2025-05,Customer 30,West Indonesia,General Trade,Key Account,SKU 07,Snack,473,41866,35539,45876,0%,N,19802618,16809947,2992671,0.1511
2025-05,Customer 30,West Indonesia,Online,Key Account,SKU 05,Snack,642,14112,10086,13536,0%,N,9059904,6475212,2584692,0.2853
2025-05,Customer 30,West Indonesia,Modern Trade,Key Account,SKU 03,Beverage,134,46079,37016,42112,5%,Y,6174586,4960144,1214442,0.1967
2025-05,Customer 30,West Indonesia,Modern Trade,Key Account,SKU 01,Beverage,773,23956,15704,24306,0%,N,18517988,12139192,6378796,0.3445
2025-05,Customer 30,West Indonesia,Online,Key Account,SKU 02,Beverage,157,8800,7182,7961,8%,Y,1381600,1127574,254026,0.1839
2025-05,Customer 30,West Indonesia,Modern Trade,Key Account,SKU 20,Personal Care,957,15304,11189,15503,5%,N,14645928,10707873,3938055,0.2689
2025-05,Customer 30,West Indonesia,Modern Trade,Key Account,SKU 16,Frozen,721,48709,41237,48886,0%,N,35119189,29731877,5387312,0.1534
2025-05,Customer 30,West Indonesia,Modern Trade,Key Account,SKU 11,Dairy,576,8923,5357,8211,0%,N,5139648,3085632,2054016,0.3996
2025-06,Customer 01,West Indonesia,General Trade,Distributor,SKU 05,Snack,310,15076,10854,16032,0%,N,4673560,3364740,1308820,0.28
2025-06,Customer 01,West Indonesia,Modern Trade,Distributor,SKU 20,Personal Care,1073,13593,8434,14485,5%,N,14585289,9049682,5535607,0.3795
2025-06,Customer 01,West Indonesia,General Trade,Distributor,SKU 15,Frozen,396,43805,28103,42566,0%,N,17346780,11128788,6217992,0.3585
2025-06,Customer 01,West Indonesia,Modern Trade,Distributor,SKU 02,Beverage,1345,8749,5625,8211,0%,N,11767405,7565625,4201780,0.3571
2025-06,Customer 01,West Indonesia,Online,Distributor,SKU 14,Frozen,909,12772,8402,11565,3%,Y,11609748,7637418,3972330,0.3422
2025-06,Customer 01,West Indonesia,Online,Distributor,SKU 03,Beverage,729,46437,31984,48330,0%,N,33852573,23316336,10536237,0.3112
2025-06,Customer 01,West Indonesia,General Trade,Distributor,SKU 01,Beverage,827,22718,14000,23880,0%,N,18787786,11578000,7209786,0.3837
2025-06,Customer 01,West Indonesia,Modern Trade,Distributor,SKU 16,Frozen,541,49256,30082,45534,0%,N,26647496,16274362,10373134,0.3893
2025-06,Customer 01,West Indonesia,General Trade,Distributor,SKU 13,Frozen,1112,11088,8884,11942,5%,N,12329856,9879008,2450848,0.1988
2025-06,Customer 01,West Indonesia,Modern Trade,Distributor,SKU 17,Personal Care,684,25671,20049,26648,3%,N,17558964,13713516,3845448,0.219
2025-06,Customer 01,West Indonesia,Modern Trade,Distributor,SKU 12,Dairy,138,8179,5210,8388,8%,N,1128702,718980,409722,0.363
2025-06,Customer 01,West Indonesia,Modern Trade,Distributor,SKU 07,Snack,196,42469,34461,43260,3%,N,8323924,6754356,1569568,0.1886
2025-06,Customer 01,West Indonesia,General Trade,Distributor,SKU 06,Snack,766,26393,21177,26172,0%,Y,20217038,16221582,3995456,0.1976
2025-06,Customer 01,West Indonesia,General Trade,Distributor,SKU 08,Snack,509,32275,25882,33418,3%,N,16427975,13173938,3254037,0.1981
2025-06,Customer 02,East Indonesia,Modern Trade,Retailer,SKU 14,Frozen,541,13650,11113,13548,5%,N,7384650,6012133,1372517,0.1859
2025-06,Customer 02,East Indonesia,Online,Retailer,SKU 10,Dairy,769,48343,40499,43628,5%,Y,37175767,31143731,6032036,0.1623
2025-06,Customer 02,East Indonesia,General Trade,Retailer,SKU 09,Dairy,839,25272,20494,24284,8%,Y,21203208,17194466,4008742,0.1891
2025-06,Customer 02,East Indonesia,Modern Trade,Retailer,SKU 17,Personal Care,1123,25777,16798,26276,8%,N,28947571,18864154,10083417,0.3483
2025-06,Customer 02,East Indonesia,Modern Trade,Retailer,SKU 19,Personal Care,1095,35906,24273,38301,3%,Y,39317070,26578935,12738135,0.324
2025-06,Customer 02,East Indonesia,Modern Trade,Retailer,SKU 18,Personal Care,177,27887,23193,29411,0%,Y,4935999,4105161,830838,0.1683
2025-06,Customer 02,East Indonesia,Modern Trade,Retailer,SKU 05,Snack,128,15175,11356,14453,0%,N,1942400,1453568,488832,0.2517
2025-06,Customer 02,East Indonesia,General Trade,Retailer,SKU 12,Dairy,86,9021,6330,8317,0%,N,775806,544380,231426,0.2983
2025-06,Customer 02,East Indonesia,General Trade,Retailer,SKU 01,Beverage,1263,23965,14875,24597,0%,N,30267795,18787125,11480670,0.3793
2025-06,Customer 02,East Indonesia,Modern Trade,Retailer,SKU 13,Frozen,647,10720,6698,11297,0%,N,6935840,4333606,2602234,0.3752
2025-06,Customer 02,East Indonesia,Modern Trade,Retailer,SKU 08,Snack,643,28449,20569,28193,3%,N,18292707,13225867,5066840,0.277
2025-06,Customer 03,Central Indonesia,Modern Trade,Retailer,SKU 01,Beverage,85,25589,17735,24028,3%,Y,2175065,1507475,667590,0.3069
2025-06,Customer 03,Central Indonesia,Online,Retailer,SKU 10,Dairy,1158,48021,29551,52756,5%,N,55608318,34220058,21388260,0.3846
2025-06,Customer 03,Central Indonesia,Modern Trade,Retailer,SKU 08,Snack,231,31908,23812,34391,0%,N,7370748,5500572,1870176,0.2537
2025-06,Customer 03,Central Indonesia,Online,Retailer,SKU 14,Frozen,921,13362,11073,12726,0%,N,12306402,10198233,2108169,0.1713
2025-06,Customer 03,Central Indonesia,General Trade,Retailer,SKU 07,Snack,1171,44323,27127,48636,3%,N,51902233,31765717,20136516,0.388
2025-06,Customer 03,Central Indonesia,Online,Retailer,SKU 12,Dairy,370,8361,5702,8772,0%,N,3093570,2109740,983830,0.318
2025-06,Customer 03,Central Indonesia,Modern Trade,Retailer,SKU 15,Frozen,1161,47769,33979,47302,8%,N,55459809,39449619,16010190,0.2887
2025-06,Customer 03,Central Indonesia,General Trade,Retailer,SKU 05,Snack,952,13249,8883,14326,0%,N,12613048,8456616,4156432,0.3295
2025-06,Customer 04,West Indonesia,Modern Trade,Retailer,SKU 05,Snack,104,13600,9846,13327,5%,N,1414400,1023984,390416,0.276
2025-06,Customer 04,West Indonesia,Modern Trade,Retailer,SKU 14,Frozen,786,13776,9782,14163,3%,N,10827936,7688652,3139284,0.2899
2025-06,Customer 04,West Indonesia,Online,Retailer,SKU 07,Snack,559,46000,30353,44409,3%,N,25714000,16967327,8746673,0.3402
2025-06,Customer 04,West Indonesia,Modern Trade,Retailer,SKU 08,Snack,789,29832,24213,29983,5%,N,23537448,19104057,4433391,0.1884
2025-06,Customer 04,West Indonesia,Modern Trade,Retailer,SKU 19,Personal Care,783,37598,25451,39559,0%,N,29439234,19928133,9511101,0.3231
2025-06,Customer 04,West Indonesia,General Trade,Retailer,SKU 03,Beverage,104,46147,33841,41916,0%,N,4799288,3519464,1279824,0.2667
2025-06,Customer 04,West Indonesia,Modern Trade,Retailer,SKU 01,Beverage,755,24181,16607,23444,0%,N,18256655,12538285,5718370,0.3132
2025-06,Customer 04,West Indonesia,Online,Retailer,SKU 10,Dairy,730,48394,31260,48707,0%,N,35327620,22819800,12507820,0.3541
2025-06,Customer 05,West Indonesia,General Trade,Retailer,SKU 09,Dairy,569,25468,19591,24006,0%,Y,14491292,11147279,3344013,0.2308
2025-06,Customer 05,West Indonesia,Modern Trade,Retailer,SKU 10,Dairy,1034,46387,30772,44269,5%,N,47964158,31818248,16145910,0.3366
2025-06,Customer 05,West Indonesia,General Trade,Retailer,SKU 20,Personal Care,684,13662,11490,13722,0%,Y,9344808,7859160,1485648,0.159
2025-06,Customer 05,West Indonesia,Modern Trade,Retailer,SKU 12,Dairy,1273,8375,5760,9173,5%,Y,10661375,7332480,3328895,0.3122
2025-06,Customer 05,West Indonesia,Online,Retailer,SKU 17,Personal Care,238,24939,17266,24761,0%,N,5935482,4109308,1826174,0.3077
2025-06,Customer 05,West Indonesia,Modern Trade,Retailer,SKU 03,Beverage,387,47289,32086,48869,0%,N,18300843,12417282,5883561,0.3215
2025-06,Customer 05,West Indonesia,Modern Trade,Retailer,SKU 19,Personal Care,198,35203,28722,33408,0%,N,6970194,5686956,1283238,0.1841
2025-06,Customer 05,West Indonesia,General Trade,Retailer,SKU 04,Beverage,845,20079,15148,19413,3%,N,16966755,12800060,4166695,0.2456
2025-06,Customer 05,West Indonesia,Online,Retailer,SKU 16,Frozen,720,46538,31399,42958,5%,N,33507360,22607280,10900080,0.3253
2025-06,Customer 05,West Indonesia,General Trade,Retailer,SKU 05,Snack,1184,15032,11567,14181,5%,N,17797888,13695328,4102560,0.2305
2025-06,Customer 05,West Indonesia,General Trade,Retailer,SKU 02,Beverage,415,9549,6378,9367,0%,Y,3962835,2646870,1315965,0.3321
2025-06,Customer 05,West Indonesia,General Trade,Retailer,SKU 07,Snack,1030,46269,32274,49745,5%,Y,47657070,33242220,14414850,0.3025
2025-06,Customer 05,West Indonesia,General Trade,Retailer,SKU 11,Dairy,605,10274,6296,10848,0%,Y,6215770,3809080,2406690,0.3872
2025-06,Customer 06,Central Indonesia,General Trade,Key Account,SKU 19,Personal Care,455,36005,23436,39565,0%,Y,16382275,10663380,5718895,0.3491
2025-06,Customer 06,Central Indonesia,Modern Trade,Key Account,SKU 17,Personal Care,169,24964,19151,23741,5%,N,4218916,3236519,982397,0.2329
2025-06,Customer 06,Central Indonesia,General Trade,Key Account,SKU 05,Snack,565,14056,8618,13514,0%,N,7941640,4869170,3072470,0.3869
2025-06,Customer 06,Central Indonesia,Modern Trade,Key Account,SKU 09,Dairy,433,25539,16536,26118,0%,Y,11058387,7160088,3898299,0.3525
2025-06,Customer 06,Central Indonesia,General Trade,Key Account,SKU 12,Dairy,802,9351,7603,9389,8%,N,7499502,6097606,1401896,0.1869
2025-06,Customer 06,Central Indonesia,General Trade,Key Account,SKU 03,Beverage,474,43651,33575,39447,5%,Y,20690574,15914550,4776024,0.2308
2025-06,Customer 06,Central Indonesia,Modern Trade,Key Account,SKU 13,Frozen,362,9770,6914,10074,0%,N,3536740,2502868,1033872,0.2923
2025-06,Customer 06,Central Indonesia,General Trade,Key Account,SKU 02,Beverage,1343,8766,6261,8074,0%,N,11772738,8408523,3364215,0.2858
2025-06,Customer 06,Central Indonesia,Modern Trade,Key Account,SKU 08,Snack,117,30090,22095,31726,3%,N,3520530,2585115,935415,0.2657
2025-06,Customer 06,Central Indonesia,General Trade,Key Account,SKU 04,Beverage,478,19276,12890,17496,0%,N,9213928,6161420,3052508,0.3313
2025-06,Customer 07,Central Indonesia,Online,Retailer,SKU 19,Personal Care,141,39016,32736,39640,5%,N,5501256,4615776,885480,0.161
2025-06,Customer 07,Central Indonesia,General Trade,Retailer,SKU 06,Snack,1014,26399,19295,25390,3%,N,26768586,19565130,7203456,0.2691
2025-06,Customer 07,Central Indonesia,General Trade,Retailer,SKU 10,Dairy,976,50455,32930,48335,0%,Y,49244080,32139680,17104400,0.3473
2025-06,Customer 07,Central Indonesia,General Trade,Retailer,SKU 08,Snack,1303,28646,18542,30246,0%,N,37325738,24160226,13165512,0.3527
2025-06,Customer 07,Central Indonesia,General Trade,Retailer,SKU 01,Beverage,595,22996,18558,25160,0%,N,13682620,11042010,2640610,0.193
2025-06,Customer 07,Central Indonesia,Modern Trade,Retailer,SKU 12,Dairy,1155,8154,6922,8815,5%,N,9417870,7994910,1422960,0.1511
2025-06,Customer 07,Central Indonesia,General Trade,Retailer,SKU 11,Dairy,230,9682,7805,10251,0%,N,2226860,1795150,431710,0.1939
2025-06,Customer 07,Central Indonesia,Modern Trade,Retailer,SKU 17,Personal Care,405,25506,20981,27707,3%,N,10329930,8497305,1832625,0.1774
2025-06,Customer 07,Central Indonesia,General Trade,Retailer,SKU 09,Dairy,916,23678,18408,25717,3%,N,21689048,16861728,4827320,0.2226
2025-06,Customer 07,Central Indonesia,Modern Trade,Retailer,SKU 05,Snack,633,13635,9405,13851,5%,N,8630955,5953365,2677590,0.3102
2025-06,Customer 08,West Indonesia,Modern Trade,Retailer,SKU 07,Snack,813,44402,30172,42534,8%,N,36098826,24529836,11568990,0.3205
2025-06,Customer 08,West Indonesia,Modern Trade,Retailer,SKU 12,Dairy,710,8510,6730,8555,0%,N,6042100,4778300,1263800,0.2092
2025-06,Customer 08,West Indonesia,Online,Retailer,SKU 04,Beverage,962,19614,11879,20344,5%,Y,18868668,11427598,7441070,0.3944
2025-06,Customer 08,West Indonesia,Modern Trade,Retailer,SKU 01,Beverage,496,25475,18431,27353,0%,N,12635600,9141776,3493824,0.2765
2025-06,Customer 08,West Indonesia,Modern Trade,Retailer,SKU 17,Personal Care,1241,26322,18872,27852,0%,Y,32665602,23420152,9245450,0.283
2025-06,Customer 08,West Indonesia,Modern Trade,Retailer,SKU 10,Dairy,650,49767,41297,45478,0%,N,32348550,26843050,5505500,0.1702
2025-06,Customer 08,West Indonesia,General Trade,Retailer,SKU 13,Frozen,404,10792,8657,10806,0%,Y,4359968,3497428,862540,0.1978
2025-06,Customer 08,West Indonesia,General Trade,Retailer,SKU 06,Snack,1019,25024,19641,24484,5%,Y,25499456,20014179,5485277,0.2151
2025-06,Customer 08,West Indonesia,General Trade,Retailer,SKU 08,Snack,293,31093,22643,33625,0%,N,9110249,6634399,2475850,0.2718
2025-06,Customer 08,West Indonesia,Modern Trade,Retailer,SKU 14,Frozen,366,12285,8140,11670,3%,N,4496310,2979240,1517070,0.3374
2025-06,Customer 08,West Indonesia,General Trade,Retailer,SKU 19,Personal Care,214,36023,29958,38996,3%,N,7708922,6411012,1297910,0.1684
2025-06,Customer 08,West Indonesia,Modern Trade,Retailer,SKU 02,Beverage,504,9229,6657,8535,0%,N,4651416,3355128,1296288,0.2787
2025-06,Customer 09,Central Indonesia,Modern Trade,Distributor,SKU 20,Personal Care,1052,15265,9555,16107,0%,N,16058780,10051860,6006920,0.3741
2025-06,Customer 09,Central Indonesia,Online,Distributor,SKU 02,Beverage,534,9345,6191,9822,0%,N,4990230,3305994,1684236,0.3375
2025-06,Customer 09,Central Indonesia,Modern Trade,Distributor,SKU 16,Frozen,1076,49844,34404,48172,0%,N,53632144,37018704,16613440,0.3098
2025-06,Customer 09,Central Indonesia,Modern Trade,Distributor,SKU 03,Beverage,1146,46498,37683,44787,3%,N,53286708,43184718,10101990,0.1896
2025-06,Customer 09,Central Indonesia,Modern Trade,Distributor,SKU 06,Snack,586,26596,19813,26056,3%,N,15585256,11610418,3974838,0.255
2025-06,Customer 09,Central Indonesia,Modern Trade,Distributor,SKU 08,Snack,382,27777,22196,25853,0%,N,10610814,8478872,2131942,0.2009
2025-06,Customer 09,Central Indonesia,Modern Trade,Distributor,SKU 11,Dairy,455,9039,5842,8601,0%,N,4112745,2658110,1454635,0.3537
2025-06,Customer 09,Central Indonesia,Online,Distributor,SKU 19,Personal Care,1139,38276,28745,36479,0%,Y,43596364,32740555,10855809,0.249
2025-06,Customer 09,Central Indonesia,Modern Trade,Distributor,SKU 15,Frozen,1232,45903,35651,47632,5%,N,56552496,43922032,12630464,0.2233
2025-06,Customer 09,Central Indonesia,General Trade,Distributor,SKU 14,Frozen,559,14215,8897,13686,3%,N,7946185,4973423,2972762,0.3741
2025-06,Customer 09,Central Indonesia,Online,Distributor,SKU 09,Dairy,66,23509,17898,21352,3%,N,1551594,1181268,370326,0.2387
2025-06,Customer 09,Central Indonesia,Online,Distributor,SKU 04,Beverage,1320,18925,13587,18602,0%,N,24981000,17934840,7046160,0.2821
2025-06,Customer 09,Central Indonesia,General Trade,Distributor,SKU 12,Dairy,361,8079,5228,7377,3%,N,2916519,1887308,1029211,0.3529
2025-06,Customer 09,Central Indonesia,General Trade,Distributor,SKU 13,Frozen,476,10355,7844,9427,0%,N,4928980,3733744,1195236,0.2425
2025-06,Customer 09,Central Indonesia,Modern Trade,Distributor,SKU 07,Snack,131,42591,32696,42066,0%,Y,5579421,4283176,1296245,0.2323
2025-06,Customer 10,West Indonesia,General Trade,Retailer,SKU 12,Dairy,892,8618,6614,8417,0%,Y,7687256,5899688,1787568,0.2325
2025-06,Customer 10,West Indonesia,General Trade,Retailer,SKU 15,Frozen,1140,45432,33732,44210,3%,Y,51792480,38454480,13338000,0.2575
2025-06,Customer 10,West Indonesia,General Trade,Retailer,SKU 03,Beverage,444,44706,33071,40474,0%,N,19849464,14683524,5165940,0.2603
2025-06,Customer 10,West Indonesia,Modern Trade,Retailer,SKU 08,Snack,1197,28347,22763,28495,0%,Y,33931359,27247311,6684048,0.197
2025-06,Customer 10,West Indonesia,General Trade,Retailer,SKU 02,Beverage,1332,8359,6614,9033,0%,Y,11134188,8809848,2324340,0.2088
2025-06,Customer 10,West Indonesia,Modern Trade,Retailer,SKU 06,Snack,697,24523,20011,23634,0%,Y,17092531,13947667,3144864,0.184
2025-06,Customer 10,West Indonesia,Modern Trade,Retailer,SKU 16,Frozen,283,47290,35580,45146,0%,N,13383070,10069140,3313930,0.2476
2025-06,Customer 10,West Indonesia,General Trade,Retailer,SKU 20,Personal Care,170,14883,11692,16066,0%,N,2530110,1987640,542470,0.2144
2025-06,Customer 10,West Indonesia,Modern Trade,Retailer,SKU 11,Dairy,1266,8952,5983,9523,8%,N,11333232,7574478,3758754,0.3317
2025-06,Customer 10,West Indonesia,Online,Retailer,SKU 04,Beverage,1005,19031,14743,19830,8%,N,19126155,14816715,4309440,0.2253
2025-06,Customer 10,West Indonesia,Modern Trade,Retailer,SKU 07,Snack,244,47730,40026,47767,0%,N,11646120,9766344,1879776,0.1614
2025-06,Customer 10,West Indonesia,General Trade,Retailer,SKU 19,Personal Care,1265,35715,25371,35353,0%,N,45179475,32094315,13085160,0.2896
2025-06,Customer 10,West Indonesia,General Trade,Retailer,SKU 14,Frozen,507,12346,8012,13052,0%,Y,6259422,4062084,2197338,0.351
2025-06,Customer 10,West Indonesia,General Trade,Retailer,SKU 17,Personal Care,674,24770,20754,23911,0%,N,16694980,13988196,2706784,0.1621
2025-06,Customer 10,West Indonesia,Modern Trade,Retailer,SKU 09,Dairy,958,24252,15558,24355,0%,N,23233416,14904564,8328852,0.3585
2025-06,Customer 11,Central Indonesia,Modern Trade,Distributor,SKU 17,Personal Care,458,25189,16549,25769,0%,N,11536562,7579442,3957120,0.343
2025-06,Customer 11,Central Indonesia,Modern Trade,Distributor,SKU 19,Personal Care,1205,35470,29070,37641,0%,N,42741350,35029350,7712000,0.1804
2025-06,Customer 11,Central Indonesia,Online,Distributor,SKU 02,Beverage,305,8492,5958,9237,8%,N,2590060,1817190,772870,0.2984
2025-06,Customer 11,Central Indonesia,Modern Trade,Distributor,SKU 08,Snack,212,27793,17701,29626,0%,N,5892116,3752612,2139504,0.3631
2025-06,Customer 11,Central Indonesia,Online,Distributor,SKU 04,Beverage,1265,18941,16091,20690,5%,N,23960365,20355115,3605250,0.1505
2025-06,Customer 11,Central Indonesia,General Trade,Distributor,SKU 14,Frozen,1223,12283,10422,12218,0%,N,15022109,12746106,2276003,0.1515
2025-06,Customer 11,Central Indonesia,Online,Distributor,SKU 13,Frozen,125,9708,7789,9440,0%,Y,1213500,973625,239875,0.1977
2025-06,Customer 11,Central Indonesia,Online,Distributor,SKU 16,Frozen,871,45805,34475,47369,8%,N,39896155,30027725,9868430,0.2474
2025-06,Customer 11,Central Indonesia,General Trade,Distributor,SKU 10,Dairy,371,50203,38517,50944,3%,N,18625313,14289807,4335506,0.2328
2025-06,Customer 11,Central Indonesia,General Trade,Distributor,SKU 09,Dairy,104,22698,14037,24037,0%,N,2360592,1459848,900744,0.3816
2025-06,Customer 11,Central Indonesia,Modern Trade,Distributor,SKU 06,Snack,295,24301,19151,24232,3%,N,7168795,5649545,1519250,0.2119
2025-06,Customer 11,Central Indonesia,Modern Trade,Distributor,SKU 11,Dairy,641,9367,7061,9168,0%,N,6004247,4526101,1478146,0.2462
2025-06,Customer 11,Central Indonesia,General Trade,Distributor,SKU 12,Dairy,556,9044,7440,9944,5%,N,5028464,4136640,891824,0.1774
2025-06,Customer 11,Central Indonesia,Modern Trade,Distributor,SKU 05,Snack,634,15164,12308,15745,8%,Y,9613976,7803272,1810704,0.1883
2025-06,Customer 11,Central Indonesia,General Trade,Distributor,SKU 03,Beverage,755,45361,38438,42896,3%,N,34247555,29020690,5226865,0.1526
2025-06,Customer 12,Central Indonesia,Online,Distributor,SKU 05,Snack,95,13967,9124,15310,0%,Y,1326865,866780,460085,0.3467
2025-06,Customer 12,Central Indonesia,General Trade,Distributor,SKU 15,Frozen,820,44184,30218,41450,0%,N,36230880,24778760,11452120,0.3161
2025-06,Customer 12,Central Indonesia,Modern Trade,Distributor,SKU 06,Snack,273,26180,15924,26021,3%,Y,7147140,4347252,2799888,0.3917
2025-06,Customer 12,Central Indonesia,Modern Trade,Distributor,SKU 07,Snack,97,41804,26672,45889,0%,Y,4054988,2587184,1467804,0.362
2025-06,Customer 12,Central Indonesia,Modern Trade,Distributor,SKU 12,Dairy,102,8386,6336,8366,8%,N,855372,646272,209100,0.2445
2025-06,Customer 12,Central Indonesia,Modern Trade,Distributor,SKU 08,Snack,450,32259,23645,33067,0%,N,14516550,10640250,3876300,0.267
2025-06,Customer 12,Central Indonesia,General Trade,Distributor,SKU 09,Dairy,958,22625,14041,20410,0%,N,21674750,13451278,8223472,0.3794
2025-06,Customer 12,Central Indonesia,General Trade,Distributor,SKU 20,Personal Care,831,14169,9163,14677,0%,N,11774439,7614453,4159986,0.3533
2025-06,Customer 12,Central Indonesia,Modern Trade,Distributor,SKU 14,Frozen,785,13147,10931,13655,8%,N,10320395,8580835,1739560,0.1686
2025-06,Customer 12,Central Indonesia,General Trade,Distributor,SKU 10,Dairy,1151,49753,41077,51910,0%,Y,57265703,47279627,9986076,0.1744
2025-06,Customer 12,Central Indonesia,Modern Trade,Distributor,SKU 11,Dairy,92,9719,6607,9822,0%,N,894148,607844,286304,0.3202
2025-06,Customer 12,Central Indonesia,General Trade,Distributor,SKU 03,Beverage,138,48389,35438,49577,5%,Y,6677682,4890444,1787238,0.2676
2025-06,Customer 13,West Indonesia,General Trade,Distributor,SKU 08,Snack,1261,29242,23328,28922,3%,Y,36874162,29416608,7457554,0.2022
2025-06,Customer 13,West Indonesia,Online,Distributor,SKU 09,Dairy,121,24451,15091,23401,8%,N,2958571,1826011,1132560,0.3828
2025-06,Customer 13,West Indonesia,Modern Trade,Distributor,SKU 04,Beverage,1159,17947,14660,17463,8%,N,20800573,16990940,3809633,0.1832
2025-06,Customer 13,West Indonesia,Modern Trade,Distributor,SKU 16,Frozen,1295,43586,35547,43710,0%,N,56443870,46033365,10410505,0.1844
2025-06,Customer 13,West Indonesia,Modern Trade,Distributor,SKU 03,Beverage,447,49476,29824,54361,3%,N,22115772,13331328,8784444,0.3972
2025-06,Customer 13,West Indonesia,Online,Distributor,SKU 12,Dairy,1027,8339,5997,7541,0%,N,8564153,6158919,2405234,0.2808
2025-06,Customer 13,West Indonesia,Modern Trade,Distributor,SKU 05,Snack,1106,14989,10375,15972,5%,N,16577834,11474750,5103084,0.3078
2025-06,Customer 13,West Indonesia,General Trade,Distributor,SKU 02,Beverage,577,9441,7531,8640,0%,N,5447457,4345387,1102070,0.2023
2025-06,Customer 13,West Indonesia,General Trade,Distributor,SKU 19,Personal Care,1045,34241,26844,37347,3%,Y,35781845,28051980,7729865,0.216
2025-06,Customer 14,West Indonesia,Online,Key Account,SKU 16,Frozen,1058,43612,26800,47629,0%,N,46141496,28354400,17787096,0.3855
2025-06,Customer 14,West Indonesia,General Trade,Key Account,SKU 07,Snack,1257,47985,33166,45407,5%,N,60317145,41689662,18627483,0.3088
2025-06,Customer 14,West Indonesia,Online,Key Account,SKU 14,Frozen,187,12868,10224,13445,0%,N,2406316,1911888,494428,0.2055
2025-06,Customer 14,West Indonesia,Modern Trade,Key Account,SKU 04,Beverage,1214,18631,14973,20462,3%,N,22618034,18177222,4440812,0.1963
2025-06,Customer 14,West Indonesia,Modern Trade,Key Account,SKU 06,Snack,402,26234,19248,27795,0%,N,10546068,7737696,2808372,0.2663
2025-06,Customer 14,West Indonesia,General Trade,Key Account,SKU 11,Dairy,151,10233,8519,10143,0%,N,1545183,1286369,258814,0.1675
2025-06,Customer 14,West Indonesia,Online,Key Account,SKU 05,Snack,958,14371,11927,13759,3%,N,13767418,11426066,2341352,0.1701
2025-06,Customer 14,West Indonesia,General Trade,Key Account,SKU 01,Beverage,868,24725,19446,25435,0%,N,21461300,16879128,4582172,0.2135
2025-06,Customer 15,Central Indonesia,Modern Trade,Key Account,SKU 20,Personal Care,691,14606,9206,15933,3%,N,10092746,6361346,3731400,0.3697
2025-06,Customer 15,Central Indonesia,General Trade,Key Account,SKU 03,Beverage,179,49077,34890,53589,0%,Y,8784783,6245310,2539473,0.2891
2025-06,Customer 15,Central Indonesia,Online,Key Account,SKU 02,Beverage,1093,9277,7308,9088,3%,N,10139761,7987644,2152117,0.2122
2025-06,Customer 15,Central Indonesia,General Trade,Key Account,SKU 17,Personal Care,403,27546,19997,25208,3%,Y,11101038,8058791,3042247,0.2741
2025-06,Customer 15,Central Indonesia,Modern Trade,Key Account,SKU 08,Snack,1077,30960,23687,29666,5%,Y,33343920,25510899,7833021,0.2349
2025-06,Customer 15,Central Indonesia,General Trade,Key Account,SKU 09,Dairy,1187,24625,17621,22716,0%,Y,29229875,20916127,8313748,0.2844
2025-06,Customer 15,Central Indonesia,General Trade,Key Account,SKU 07,Snack,1046,43097,34304,44656,3%,N,45079462,35881984,9197478,0.204
2025-06,Customer 15,Central Indonesia,Online,Key Account,SKU 05,Snack,1196,14624,10859,16029,0%,N,17490304,12987364,4502940,0.2575
2025-06,Customer 15,Central Indonesia,Modern Trade,Key Account,SKU 04,Beverage,566,20826,14761,22252,3%,N,11787516,8354726,3432790,0.2912
2025-06,Customer 15,Central Indonesia,Online,Key Account,SKU 14,Frozen,180,12936,9730,13928,0%,Y,2328480,1751400,577080,0.2478
2025-06,Customer 15,Central Indonesia,Modern Trade,Key Account,SKU 11,Dairy,1266,10425,8022,9436,0%,N,13198050,10155852,3042198,0.2305
2025-06,Customer 15,Central Indonesia,Modern Trade,Key Account,SKU 19,Personal Care,965,36134,29804,37313,0%,N,34869310,28760860,6108450,0.1752
2025-06,Customer 15,Central Indonesia,Modern Trade,Key Account,SKU 12,Dairy,759,9202,7409,8545,0%,Y,6984318,5623431,1360887,0.1948
2025-06,Customer 15,Central Indonesia,Modern Trade,Key Account,SKU 16,Frozen,351,49733,32316,45177,5%,N,17456283,11342916,6113367,0.3502
2025-06,Customer 15,Central Indonesia,Modern Trade,Key Account,SKU 10,Dairy,1062,48118,32492,48020,3%,N,51101316,34506504,16594812,0.3247
2025-06,Customer 16,West Indonesia,Modern Trade,Distributor,SKU 19,Personal Care,353,35640,28690,32101,5%,N,12580920,10127570,2453350,0.195
2025-06,Customer 16,West Indonesia,Modern Trade,Distributor,SKU 12,Dairy,252,8905,5700,9109,5%,N,2244060,1436400,807660,0.3599
2025-06,Customer 16,West Indonesia,General Trade,Distributor,SKU 13,Frozen,1291,10689,7190,10913,0%,Y,13799499,9282290,4517209,0.3273
2025-06,Customer 16,West Indonesia,Modern Trade,Distributor,SKU 05,Snack,1052,14255,9617,13995,0%,Y,14996260,10117084,4879176,0.3254
2025-06,Customer 16,West Indonesia,Modern Trade,Distributor,SKU 08,Snack,921,28079,23515,27862,0%,N,25860759,21657315,4203444,0.1625
2025-06,Customer 16,West Indonesia,Modern Trade,Distributor,SKU 20,Personal Care,970,13473,10963,14503,5%,Y,13068810,10634110,2434700,0.1863
2025-06,Customer 16,West Indonesia,Modern Trade,Distributor,SKU 01,Beverage,1311,22161,17548,24031,0%,Y,29053071,23005428,6047643,0.2082
2025-06,Customer 16,West Indonesia,Modern Trade,Distributor,SKU 14,Frozen,289,13469,8244,12617,0%,N,3892541,2382516,1510025,0.3879
2025-06,Customer 16,West Indonesia,General Trade,Distributor,SKU 06,Snack,758,24305,16145,23525,0%,N,18423190,12237910,6185280,0.3357
2025-06,Customer 16,West Indonesia,General Trade,Distributor,SKU 09,Dairy,879,25628,19648,27059,0%,N,22527012,17270592,5256420,0.2333
2025-06,Customer 16,West Indonesia,Modern Trade,Distributor,SKU 15,Frozen,264,43777,27210,44809,8%,N,11557128,7183440,4373688,0.3784
2025-06,Customer 17,Central Indonesia,General Trade,Distributor,SKU 05,Snack,979,14884,9108,16107,0%,N,14571436,8916732,5654704,0.3881
2025-06,Customer 17,Central Indonesia,Online,Distributor,SKU 09,Dairy,455,24571,14946,22600,0%,N,11179805,6800430,4379375,0.3917
2025-06,Customer 17,Central Indonesia,General Trade,Distributor,SKU 02,Beverage,431,9174,6249,8882,5%,N,3953994,2693319,1260675,0.3188
2025-06,Customer 17,Central Indonesia,General Trade,Distributor,SKU 15,Frozen,344,45515,29582,42394,0%,N,15657160,10176208,5480952,0.3501
2025-06,Customer 17,Central Indonesia,Modern Trade,Distributor,SKU 16,Frozen,397,44335,32076,44944,0%,N,17600995,12734172,4866823,0.2765
2025-06,Customer 17,Central Indonesia,Modern Trade,Distributor,SKU 13,Frozen,843,10760,9039,10353,3%,N,9070680,7619877,1450803,0.1599
2025-06,Customer 17,Central Indonesia,Modern Trade,Distributor,SKU 18,Personal Care,393,28250,22002,29265,8%,N,11102250,8646786,2455464,0.2212
2025-06,Customer 17,Central Indonesia,Online,Distributor,SKU 17,Personal Care,893,24309,15001,25731,0%,N,21707937,13395893,8312044,0.3829
2025-06,Customer 18,West Indonesia,Online,Distributor,SKU 02,Beverage,970,9415,7005,9081,0%,N,9132550,6794850,2337700,0.256
2025-06,Customer 18,West Indonesia,General Trade,Distributor,SKU 09,Dairy,771,22226,14884,22476,0%,N,17136246,11475564,5660682,0.3303
2025-06,Customer 18,West Indonesia,Online,Distributor,SKU 11,Dairy,377,9267,6235,9190,0%,Y,3493659,2350595,1143064,0.3272
2025-06,Customer 18,West Indonesia,General Trade,Distributor,SKU 16,Frozen,569,46374,32914,42605,8%,Y,26386806,18728066,7658740,0.2902
2025-06,Customer 18,West Indonesia,Modern Trade,Distributor,SKU 03,Beverage,1333,49299,40356,47581,3%,Y,65715567,53794548,11921019,0.1814
2025-06,Customer 18,West Indonesia,Modern Trade,Distributor,SKU 08,Snack,115,29767,24614,26847,0%,Y,3423205,2830610,592595,0.1731
2025-06,Customer 18,West Indonesia,General Trade,Distributor,SKU 17,Personal Care,1033,24807,16003,23340,0%,N,25625631,16531099,9094532,0.3549
2025-06,Customer 18,West Indonesia,General Trade,Distributor,SKU 18,Personal Care,375,27071,20046,26996,3%,N,10151625,7517250,2634375,0.2595
2025-06,Customer 18,West Indonesia,Modern Trade,Distributor,SKU 01,Beverage,1046,22365,16383,20745,0%,N,23393790,17136618,6257172,0.2675
2025-06,Customer 18,West Indonesia,Modern Trade,Distributor,SKU 12,Dairy,495,8377,5436,9104,0%,Y,4146615,2690820,1455795,0.3511
2025-06,Customer 19,West Indonesia,Online,Retailer,SKU 09,Dairy,738,25879,15798,23538,0%,N,19098702,11658924,7439778,0.3895
2025-06,Customer 19,West Indonesia,Modern Trade,Retailer,SKU 10,Dairy,1019,45363,31825,44191,0%,Y,46224897,32429675,13795222,0.2984
2025-06,Customer 19,West Indonesia,Modern Trade,Retailer,SKU 02,Beverage,471,9203,7104,8488,0%,N,4334613,3345984,988629,0.2281
2025-06,Customer 19,West Indonesia,General Trade,Retailer,SKU 15,Frozen,565,43894,33788,46281,0%,N,24800110,19090220,5709890,0.2302
2025-06,Customer 19,West Indonesia,Online,Retailer,SKU 11,Dairy,977,9345,6083,8567,0%,N,9130065,5943091,3186974,0.3491
2025-06,Customer 19,West Indonesia,General Trade,Retailer,SKU 05,Snack,302,13259,9796,13454,3%,N,4004218,2958392,1045826,0.2612
2025-06,Customer 19,West Indonesia,Modern Trade,Retailer,SKU 14,Frozen,456,13882,9247,14159,3%,N,6330192,4216632,2113560,0.3339
2025-06,Customer 19,West Indonesia,General Trade,Retailer,SKU 01,Beverage,803,25445,18520,27254,5%,N,20432335,14871560,5560775,0.2722
2025-06,Customer 20,East Indonesia,General Trade,Distributor,SKU 02,Beverage,533,8302,6291,8950,8%,N,4424966,3353103,1071863,0.2422
2025-06,Customer 20,East Indonesia,Modern Trade,Distributor,SKU 04,Beverage,418,17742,12739,19425,0%,N,7416156,5324902,2091254,0.282
2025-06,Customer 20,East Indonesia,Modern Trade,Distributor,SKU 11,Dairy,894,9719,6754,9398,8%,N,8688786,6038076,2650710,0.3051
2025-06,Customer 20,East Indonesia,General Trade,Distributor,SKU 14,Frozen,682,13124,8647,13444,5%,Y,8950568,5897254,3053314,0.3411
2025-06,Customer 20,East Indonesia,Modern Trade,Distributor,SKU 03,Beverage,704,47608,29879,50550,3%,N,33516032,21034816,12481216,0.3724
2025-06,Customer 20,East Indonesia,General Trade,Distributor,SKU 08,Snack,319,28780,23568,27111,0%,N,9180820,7518192,1662628,0.1811
2025-06,Customer 20,East Indonesia,Online,Distributor,SKU 09,Dairy,589,25058,20186,24493,0%,N,14759162,11889554,2869608,0.1944
2025-06,Customer 20,East Indonesia,Online,Distributor,SKU 10,Dairy,975,52195,31779,50733,8%,N,50890125,30984525,19905600,0.3911
2025-06,Customer 20,East Indonesia,General Trade,Distributor,SKU 18,Personal Care,642,28066,22203,28209,5%,N,18018372,14254326,3764046,0.2089
2025-06,Customer 20,East Indonesia,Online,Distributor,SKU 12,Dairy,1206,9136,6290,9016,0%,Y,11018016,7585740,3432276,0.3115
2025-06,Customer 20,East Indonesia,Modern Trade,Distributor,SKU 16,Frozen,667,49755,41861,50345,8%,N,33186585,27921287,5265298,0.1587
2025-06,Customer 20,East Indonesia,Modern Trade,Distributor,SKU 19,Personal Care,952,34302,21122,34795,5%,N,32655504,20108144,12547360,0.3842
2025-06,Customer 20,East Indonesia,Modern Trade,Distributor,SKU 15,Frozen,743,43444,28943,45863,3%,Y,32278892,21504649,10774243,0.3338
2025-06,Customer 21,West Indonesia,Modern Trade,Distributor,SKU 07,Snack,1065,47744,36350,48146,5%,Y,50847360,38712750,12134610,0.2386
2025-06,Customer 21,West Indonesia,Modern Trade,Distributor,SKU 18,Personal Care,1239,27644,22106,25756,0%,N,34250916,27389334,6861582,0.2003
2025-06,Customer 21,West Indonesia,Online,Distributor,SKU 10,Dairy,900,53002,42738,57634,0%,N,47701800,38464200,9237600,0.1937
2025-06,Customer 21,West Indonesia,Online,Distributor,SKU 11,Dairy,841,10165,6134,9609,3%,N,8548765,5158694,3390071,0.3966
2025-06,Customer 21,West Indonesia,Modern Trade,Distributor,SKU 03,Beverage,316,45275,37448,47505,8%,N,14306900,11833568,2473332,0.1729
2025-06,Customer 21,West Indonesia,Modern Trade,Distributor,SKU 09,Dairy,466,22530,17380,20946,8%,N,10498980,8099080,2399900,0.2286
2025-06,Customer 21,West Indonesia,Online,Distributor,SKU 04,Beverage,1100,18334,15098,18255,5%,Y,20167400,16607800,3559600,0.1765
2025-06,Customer 21,West Indonesia,Online,Distributor,SKU 08,Snack,928,28322,20784,26376,8%,Y,26282816,19287552,6995264,0.2662
2025-06,Customer 21,West Indonesia,Modern Trade,Distributor,SKU 12,Dairy,643,8887,6308,8117,0%,N,5714341,4056044,1658297,0.2902
2025-06,Customer 22,East Indonesia,Online,Retailer,SKU 03,Beverage,1212,47702,38878,45311,0%,Y,57814824,47120136,10694688,0.185
2025-06,Customer 22,East Indonesia,Modern Trade,Retailer,SKU 13,Frozen,133,11073,8542,10238,5%,N,1472709,1136086,336623,0.2286
2025-06,Customer 22,East Indonesia,Online,Retailer,SKU 01,Beverage,678,22021,14722,22799,5%,N,14930238,9981516,4948722,0.3315
2025-06,Customer 22,East Indonesia,General Trade,Retailer,SKU 20,Personal Care,1206,13373,10135,14117,0%,N,16127838,12222810,3905028,0.2421
2025-06,Customer 22,East Indonesia,Online,Retailer,SKU 19,Personal Care,760,39600,24508,37932,0%,N,30096000,18626080,11469920,0.3811
2025-06,Customer 22,East Indonesia,Modern Trade,Retailer,SKU 07,Snack,194,42312,30652,40839,0%,N,8208528,5946488,2262040,0.2756
2025-06,Customer 22,East Indonesia,General Trade,Retailer,SKU 05,Snack,113,14276,11962,14611,0%,N,1613188,1351706,261482,0.1621
2025-06,Customer 22,East Indonesia,Modern Trade,Retailer,SKU 18,Personal Care,657,25750,21535,27825,5%,Y,16917750,14148495,2769255,0.1637
2025-06,Customer 22,East Indonesia,Modern Trade,Retailer,SKU 08,Snack,1207,32188,24208,34290,0%,N,38850916,29219056,9631860,0.2479
2025-06,Customer 22,East Indonesia,Online,Retailer,SKU 17,Personal Care,1091,26136,21424,28003,3%,Y,28514376,23373584,5140792,0.1803
2025-06,Customer 22,East Indonesia,Modern Trade,Retailer,SKU 06,Snack,384,25019,17764,25882,0%,N,9607296,6821376,2785920,0.29
2025-06,Customer 22,East Indonesia,Modern Trade,Retailer,SKU 14,Frozen,797,12452,8205,13687,0%,N,9924244,6539385,3384859,0.3411
2025-06,Customer 22,East Indonesia,General Trade,Retailer,SKU 02,Beverage,103,9212,6251,9559,3%,N,948836,643853,304983,0.3214
2025-06,Customer 23,Central Indonesia,General Trade,Retailer,SKU 01,Beverage,1330,24904,19973,23314,8%,N,33122320,26564090,6558230,0.198
2025-06,Customer 23,Central Indonesia,Modern Trade,Retailer,SKU 12,Dairy,426,8117,4905,7623,5%,N,3457842,2089530,1368312,0.3957
2025-06,Customer 23,Central Indonesia,General Trade,Retailer,SKU 04,Beverage,92,20544,14908,20196,0%,N,1890048,1371536,518512,0.2743
2025-06,Customer 23,Central Indonesia,Modern Trade,Retailer,SKU 15,Frozen,800,43345,35571,39989,0%,N,34676000,28456800,6219200,0.1794
2025-06,Customer 23,Central Indonesia,Modern Trade,Retailer,SKU 17,Personal Care,694,26094,21622,24756,0%,Y,18109236,15005668,3103568,0.1714
2025-06,Customer 23,Central Indonesia,General Trade,Retailer,SKU 07,Snack,1234,46850,30949,50446,8%,N,57812900,38191066,19621834,0.3394
2025-06,Customer 23,Central Indonesia,General Trade,Retailer,SKU 13,Frozen,424,11238,7792,11118,3%,N,4764912,3303808,1461104,0.3066
2025-06,Customer 23,Central Indonesia,Online,Retailer,SKU 11,Dairy,840,9897,7785,10187,0%,N,8313480,6539400,1774080,0.2134
2025-06,Customer 23,Central Indonesia,Modern Trade,Retailer,SKU 14,Frozen,792,13875,9607,12519,0%,N,10989000,7608744,3380256,0.3076
2025-06,Customer 24,East Indonesia,Modern Trade,Distributor,SKU 20,Personal Care,1324,14048,11391,13375,0%,N,18599552,15081684,3517868,0.1891
2025-06,Customer 24,East Indonesia,Online,Distributor,SKU 09,Dairy,106,25738,17873,25190,0%,Y,2728228,1894538,833690,0.3056
2025-06,Customer 24,East Indonesia,Modern Trade,Distributor,SKU 11,Dairy,998,9496,7941,9272,5%,Y,9477008,7925118,1551890,0.1638
2025-06,Customer 24,East Indonesia,Modern Trade,Distributor,SKU 15,Frozen,676,46033,38540,46952,0%,N,31118308,26053040,5065268,0.1628
2025-06,Customer 24,East Indonesia,General Trade,Distributor,SKU 14,Frozen,257,12683,7739,12290,0%,Y,3259531,1988923,1270608,0.3898
2025-06,Customer 24,East Indonesia,Modern Trade,Distributor,SKU 03,Beverage,665,48705,35009,45030,0%,N,32388825,23280985,9107840,0.2812
2025-06,Customer 24,East Indonesia,General Trade,Distributor,SKU 05,Snack,742,14060,9792,12681,0%,N,10432520,7265664,3166856,0.3036
2025-06,Customer 24,East Indonesia,General Trade,Distributor,SKU 08,Snack,1191,28709,18655,31007,3%,N,34192419,22218105,11974314,0.3502
2025-06,Customer 24,East Indonesia,Modern Trade,Distributor,SKU 06,Snack,1118,25958,19234,28382,3%,N,29021044,21503612,7517432,0.259
2025-06,Customer 24,East Indonesia,General Trade,Distributor,SKU 12,Dairy,1107,9117,7634,8953,5%,Y,10092519,8450838,1641681,0.1627
2025-06,Customer 24,East Indonesia,Modern Trade,Distributor,SKU 02,Beverage,394,8533,6397,8698,3%,N,3362002,2520418,841584,0.2503
2025-06,Customer 24,East Indonesia,General Trade,Distributor,SKU 01,Beverage,928,23621,17662,25695,8%,N,21920288,16390336,5529952,0.2523
2025-06,Customer 24,East Indonesia,Modern Trade,Distributor,SKU 10,Dairy,916,48248,33711,44936,0%,N,44195168,30879276,13315892,0.3013
2025-06,Customer 24,East Indonesia,Online,Distributor,SKU 19,Personal Care,503,38610,31443,37904,0%,N,19420830,15815829,3605001,0.1856
2025-06,Customer 25,Central Indonesia,General Trade,Key Account,SKU 06,Snack,1031,25173,18404,26428,0%,N,25953363,18974524,6978839,0.2689
2025-06,Customer 25,Central Indonesia,Modern Trade,Key Account,SKU 14,Frozen,1297,13051,10491,11960,0%,N,16927147,13606827,3320320,0.1962
2025-06,Customer 25,Central Indonesia,Modern Trade,Key Account,SKU 18,Personal Care,300,27120,21184,24414,3%,N,8136000,6355200,1780800,0.2189
2025-06,Customer 25,Central Indonesia,Modern Trade,Key Account,SKU 07,Snack,1221,45269,38330,41021,0%,Y,55273449,46800930,8472519,0.1533
2025-06,Customer 25,Central Indonesia,General Trade,Key Account,SKU 12,Dairy,737,8882,7446,9189,0%,Y,6546034,5487702,1058332,0.1617
2025-06,Customer 25,Central Indonesia,General Trade,Key Account,SKU 19,Personal Care,792,35530,27659,35012,0%,N,28139760,21905928,6233832,0.2215
2025-06,Customer 25,Central Indonesia,Modern Trade,Key Account,SKU 17,Personal Care,498,24957,16314,26852,3%,N,12428586,8124372,4304214,0.3463
2025-06,Customer 25,Central Indonesia,Modern Trade,Key Account,SKU 09,Dairy,233,23867,18036,24257,0%,N,5561011,4202388,1358623,0.2443
2025-06,Customer 25,Central Indonesia,General Trade,Key Account,SKU 03,Beverage,1220,43777,34880,44172,3%,N,53407940,42553600,10854340,0.2032
2025-06,Customer 25,Central Indonesia,Online,Key Account,SKU 13,Frozen,1255,10521,8789,11329,3%,Y,13203855,11030195,2173660,0.1646
2025-06,Customer 25,Central Indonesia,General Trade,Key Account,SKU 16,Frozen,957,44628,31343,45821,3%,N,42708996,29995251,12713745,0.2977
2025-06,Customer 25,Central Indonesia,General Trade,Key Account,SKU 08,Snack,1183,27691,19734,27946,0%,N,32758453,23345322,9413131,0.2873
2025-06,Customer 25,Central Indonesia,Modern Trade,Key Account,SKU 20,Personal Care,102,13370,9663,12460,0%,N,1363740,985626,378114,0.2773
2025-06,Customer 25,Central Indonesia,Modern Trade,Key Account,SKU 02,Beverage,1103,9451,7385,9267,0%,Y,10424453,8145655,2278798,0.2186
2025-06,Customer 26,East Indonesia,General Trade,Retailer,SKU 17,Personal Care,314,24155,16318,22536,0%,N,7584670,5123852,2460818,0.3244
2025-06,Customer 26,East Indonesia,General Trade,Retailer,SKU 19,Personal Care,1276,33796,22162,31070,0%,N,43123696,28278712,14844984,0.3442
2025-06,Customer 26,East Indonesia,Modern Trade,Retailer,SKU 07,Snack,836,41891,28951,44448,0%,N,35020876,24203036,10817840,0.3089
2025-06,Customer 26,East Indonesia,Online,Retailer,SKU 04,Beverage,360,19616,13645,20420,0%,N,7061760,4912200,2149560,0.3044
2025-06,Customer 26,East Indonesia,General Trade,Retailer,SKU 05,Snack,223,15322,10017,15633,0%,N,3416806,2233791,1183015,0.3462
2025-06,Customer 26,East Indonesia,Modern Trade,Retailer,SKU 12,Dairy,369,8553,6256,7779,0%,N,3156057,2308464,847593,0.2686
2025-06,Customer 26,East Indonesia,Online,Retailer,SKU 09,Dairy,1165,23346,14295,23724,0%,N,27198090,16653675,10544415,0.3877
2025-06,Customer 26,East Indonesia,Modern Trade,Retailer,SKU 20,Personal Care,428,14050,10529,14466,0%,N,6013400,4506412,1506988,0.2506
2025-06,Customer 26,East Indonesia,Modern Trade,Retailer,SKU 14,Frozen,1269,12732,8789,13887,5%,N,16156908,11153241,5003667,0.3097
2025-06,Customer 27,Central Indonesia,Modern Trade,Distributor,SKU 14,Frozen,1066,13209,9633,13907,3%,N,14080794,10268778,3812016,0.2707
2025-06,Customer 27,Central Indonesia,General Trade,Distributor,SKU 12,Dairy,693,8389,5364,9061,0%,N,5813577,3717252,2096325,0.3606
2025-06,Customer 27,Central Indonesia,General Trade,Distributor,SKU 02,Beverage,1224,9146,7282,9718,8%,N,11194704,8913168,2281536,0.2038
2025-06,Customer 27,Central Indonesia,Online,Distributor,SKU 13,Frozen,216,9646,6740,9889,5%,Y,2083536,1455840,627696,0.3013
2025-06,Customer 27,Central Indonesia,General Trade,Distributor,SKU 03,Beverage,1045,45382,33097,47463,3%,N,47424190,34586365,12837825,0.2707
2025-06,Customer 27,Central Indonesia,General Trade,Distributor,SKU 08,Snack,1147,31314,20160,32339,0%,N,35917158,23123520,12793638,0.3562
2025-06,Customer 27,Central Indonesia,Modern Trade,Distributor,SKU 17,Personal Care,702,23849,19386,22173,3%,N,16741998,13608972,3133026,0.1871
2025-06,Customer 27,Central Indonesia,General Trade,Distributor,SKU 07,Snack,307,46806,32458,46827,3%,Y,14369442,9964606,4404836,0.3065
2025-06,Customer 28,Central Indonesia,Modern Trade,Retailer,SKU 05,Snack,159,14982,9109,15849,3%,N,2382138,1448331,933807,0.392
2025-06,Customer 28,Central Indonesia,Online,Retailer,SKU 16,Frozen,823,45340,34439,49121,0%,N,37314820,28343297,8971523,0.2404
2025-06,Customer 28,Central Indonesia,Modern Trade,Retailer,SKU 13,Frozen,1225,10314,8754,9474,5%,Y,12634650,10723650,1911000,0.1513
2025-06,Customer 28,Central Indonesia,General Trade,Retailer,SKU 15,Frozen,1118,48329,30340,45264,3%,N,54031822,33920120,20111702,0.3722
2025-06,Customer 28,Central Indonesia,Modern Trade,Retailer,SKU 20,Personal Care,624,14960,10806,14190,0%,N,9335040,6742944,2592096,0.2777
2025-06,Customer 28,Central Indonesia,Modern Trade,Retailer,SKU 11,Dairy,179,9006,7479,9057,0%,N,1612074,1338741,273333,0.1696
2025-06,Customer 28,Central Indonesia,General Trade,Retailer,SKU 10,Dairy,1292,47053,37168,50402,3%,N,60792476,48021056,12771420,0.2101
2025-06,Customer 28,Central Indonesia,Modern Trade,Retailer,SKU 08,Snack,93,32257,20404,31693,0%,N,2999901,1897572,1102329,0.3675
2025-06,Customer 28,Central Indonesia,General Trade,Retailer,SKU 01,Beverage,777,23549,14562,23522,0%,N,18297573,11314674,6982899,0.3816
2025-06,Customer 28,Central Indonesia,General Trade,Retailer,SKU 14,Frozen,238,14072,10252,12876,0%,N,3349136,2439976,909160,0.2715
2025-06,Customer 29,Central Indonesia,Modern Trade,Key Account,SKU 15,Frozen,760,47187,38998,47988,0%,Y,35862120,29638480,6223640,0.1735
2025-06,Customer 29,Central Indonesia,Modern Trade,Key Account,SKU 03,Beverage,1331,46211,35918,42511,3%,N,61506841,47806858,13699983,0.2227
2025-06,Customer 29,Central Indonesia,General Trade,Key Account,SKU 08,Snack,740,30014,18602,27200,0%,Y,22210360,13765480,8444880,0.3802
2025-06,Customer 29,Central Indonesia,General Trade,Key Account,SKU 18,Personal Care,629,26798,22100,28787,3%,N,16855942,13900900,2955042,0.1753
2025-06,Customer 29,Central Indonesia,Online,Key Account,SKU 05,Snack,1258,13208,10749,14133,3%,N,16615664,13522242,3093422,0.1862
2025-06,Customer 29,Central Indonesia,Modern Trade,Key Account,SKU 13,Frozen,646,9733,7710,10481,8%,N,6287518,4980660,1306858,0.2078
2025-06,Customer 29,Central Indonesia,General Trade,Key Account,SKU 17,Personal Care,120,26381,22125,28986,0%,N,3165720,2655000,510720,0.1613
2025-06,Customer 29,Central Indonesia,Modern Trade,Key Account,SKU 16,Frozen,1056,46041,28790,49542,0%,N,48619296,30402240,18217056,0.3747
2025-06,Customer 29,Central Indonesia,Modern Trade,Key Account,SKU 19,Personal Care,685,36749,28636,37170,0%,Y,25173065,19615660,5557405,0.2208
2025-06,Customer 29,Central Indonesia,Online,Key Account,SKU 04,Beverage,1258,20231,14975,21486,0%,Y,25450598,18838550,6612048,0.2598
2025-06,Customer 29,Central Indonesia,General Trade,Key Account,SKU 12,Dairy,1314,8424,6116,8834,0%,N,11069136,8036424,3032712,0.274
2025-06,Customer 29,Central Indonesia,Modern Trade,Key Account,SKU 14,Frozen,152,13439,8916,13738,0%,N,2042728,1355232,687496,0.3366
2025-06,Customer 29,Central Indonesia,General Trade,Key Account,SKU 11,Dairy,655,9448,7131,9649,5%,N,6188440,4670805,1517635,0.2452
2025-06,Customer 30,West Indonesia,General Trade,Key Account,SKU 17,Personal Care,1289,23813,19569,22369,5%,N,30694957,25224441,5470516,0.1782
2025-06,Customer 30,West Indonesia,General Trade,Key Account,SKU 18,Personal Care,947,26735,16463,27386,0%,N,25318045,15590461,9727584,0.3842
2025-06,Customer 30,West Indonesia,Modern Trade,Key Account,SKU 19,Personal Care,1195,34736,24777,33061,0%,N,41509520,29608515,11901005,0.2867
2025-06,Customer 30,West Indonesia,Online,Key Account,SKU 14,Frozen,566,14317,10176,13270,3%,N,8103422,5759616,2343806,0.2892
2025-06,Customer 30,West Indonesia,Modern Trade,Key Account,SKU 12,Dairy,287,9385,5815,10245,3%,Y,2693495,1668905,1024590,0.3804
2025-06,Customer 30,West Indonesia,General Trade,Key Account,SKU 04,Beverage,1249,19656,12182,20434,0%,N,24550344,15215318,9335026,0.3802
2025-06,Customer 30,West Indonesia,General Trade,Key Account,SKU 10,Dairy,138,51660,39848,48942,0%,N,7129080,5499024,1630056,0.2286
2025-06,Customer 30,West Indonesia,General Trade,Key Account,SKU 07,Snack,630,42360,30775,38462,0%,N,26686800,19388250,7298550,0.2735
2025-06,Customer 30,West Indonesia,Modern Trade,Key Account,SKU 20,Personal Care,975,13978,11396,13028,3%,N,13628550,11111100,2517450,0.1847
2025-06,Customer 30,West Indonesia,Modern Trade,Key Account,SKU 05,Snack,689,13141,8859,14165,0%,N,9054149,6103851,2950298,0.3259
2025-06,Customer 30,West Indonesia,General Trade,Key Account,SKU 03,Beverage,1333,42704,26565,43995,0%,N,56924432,35411145,21513287,0.3779
2025-06,Customer 30,West Indonesia,General Trade,Key Account,SKU 06,Snack,902,23405,18799,25226,5%,N,21111310,16956698,4154612,0.1968
2025-07,Customer 01,West Indonesia,Online,Retailer,SKU 15,Frozen,1276,47940,32564,50841,0%,N,61171440,41551664,19619776,0.3207
2025-07,Customer 01,West Indonesia,General Trade,Retailer,SKU 08,Snack,762,31567,21329,33363,0%,Y,24054054,16252698,7801356,0.3243
2025-07,Customer 01,West Indonesia,General Trade,Retailer,SKU 13,Frozen,992,10796,8854,10537,5%,Y,10709632,8783168,1926464,0.1799
2025-07,Customer 01,West Indonesia,General Trade,Retailer,SKU 05,Snack,900,13317,9898,14420,0%,N,11985300,8908200,3077100,0.2567
2025-07,Customer 01,West Indonesia,General Trade,Retailer,SKU 12,Dairy,88,8353,5076,7658,8%,N,735064,446688,288376,0.3923
2025-07,Customer 01,West Indonesia,General Trade,Retailer,SKU 19,Personal Care,242,37030,22543,36564,8%,Y,8961260,5455406,3505854,0.3912
2025-07,Customer 01,West Indonesia,Online,Retailer,SKU 06,Snack,832,25095,18483,26337,0%,N,20879040,15377856,5501184,0.2635
2025-07,Customer 01,West Indonesia,General Trade,Retailer,SKU 17,Personal Care,591,26887,21756,26095,0%,N,15890217,12857796,3032421,0.1908
2025-07,Customer 01,West Indonesia,Online,Retailer,SKU 16,Frozen,88,48266,30202,48928,5%,N,4247408,2657776,1589632,0.3743
2025-07,Customer 01,West Indonesia,Modern Trade,Retailer,SKU 07,Snack,1038,45404,38144,47066,0%,N,47129352,39593472,7535880,0.1599
2025-07,Customer 01,West Indonesia,General Trade,Retailer,SKU 01,Beverage,574,24941,17924,24940,0%,N,14316134,10288376,4027758,0.2813
2025-07,Customer 01,West Indonesia,Modern Trade,Retailer,SKU 14,Frozen,176,13593,9353,14280,8%,N,2392368,1646128,746240,0.3119
2025-07,Customer 01,West Indonesia,General Trade,Retailer,SKU 03,Beverage,641,45072,27112,43816,3%,N,28891152,17378792,11512360,0.3985
2025-07,Customer 01,West Indonesia,General Trade,Retailer,SKU 18,Personal Care,408,25918,17434,24754,0%,N,10574544,7113072,3461472,0.3273
2025-07,Customer 02,East Indonesia,General Trade,Distributor,SKU 17,Personal Care,1191,26801,20911,29258,3%,N,31919991,24905001,7014990,0.2198
2025-07,Customer 02,East Indonesia,Modern Trade,Distributor,SKU 09,Dairy,513,24918,16409,23160,0%,N,12782934,8417817,4365117,0.3415
2025-07,Customer 02,East Indonesia,Modern Trade,Distributor,SKU 16,Frozen,790,48027,38258,51211,3%,N,37941330,30223820,7717510,0.2034
2025-07,Customer 02,East Indonesia,Modern Trade,Distributor,SKU 10,Dairy,276,45709,32304,49959,0%,N,12615684,8915904,3699780,0.2933
2025-07,Customer 02,East Indonesia,General Trade,Distributor,SKU 19,Personal Care,1053,37675,31759,35948,0%,N,39671775,33442227,6229548,0.157
2025-07,Customer 02,East Indonesia,General Trade,Distributor,SKU 14,Frozen,259,13078,9156,13887,3%,N,3387202,2371404,1015798,0.2999
2025-07,Customer 02,East Indonesia,General Trade,Distributor,SKU 18,Personal Care,475,29246,24678,29020,0%,N,13891850,11722050,2169800,0.1562
2025-07,Customer 02,East Indonesia,Modern Trade,Distributor,SKU 08,Snack,236,29032,18846,28047,0%,N,6851552,4447656,2403896,0.3509
2025-07,Customer 02,East Indonesia,Modern Trade,Distributor,SKU 05,Snack,192,13792,9295,13529,0%,N,2648064,1784640,863424,0.3261
2025-07,Customer 02,East Indonesia,General Trade,Distributor,SKU 15,Frozen,296,47948,35560,47166,0%,N,14192608,10525760,3666848,0.2584
2025-07,Customer 02,East Indonesia,General Trade,Distributor,SKU 04,Beverage,198,19328,13858,20613,0%,N,3826944,2743884,1083060,0.283
2025-07,Customer 02,East Indonesia,Modern Trade,Distributor,SKU 13,Frozen,854,9626,7584,8667,0%,N,8220604,6476736,1743868,0.2121
2025-07,Customer 02,East Indonesia,General Trade,Distributor,SKU 11,Dairy,1129,9459,5748,10259,8%,N,10679211,6489492,4189719,0.3923
2025-07,Customer 03,Central Indonesia,General Trade,Distributor,SKU 20,Personal Care,1231,13964,9165,14260,5%,Y,17189684,11282115,5907569,0.3437
2025-07,Customer 03,Central Indonesia,General Trade,Distributor,SKU 06,Snack,1058,26382,17365,24253,0%,N,27912156,18372170,9539986,0.3418
2025-07,Customer 03,Central Indonesia,General Trade,Distributor,SKU 16,Frozen,674,44908,29393,43852,5%,N,30267992,19810882,10457110,0.3455
2025-07,Customer 03,Central Indonesia,Online,Distributor,SKU 19,Personal Care,1273,38170,26592,35705,3%,N,48590410,33851616,14738794,0.3033
2025-07,Customer 03,Central Indonesia,General Trade,Distributor,SKU 04,Beverage,184,20793,13497,22219,0%,N,3825912,2483448,1342464,0.3509
2025-07,Customer 03,Central Indonesia,General Trade,Distributor,SKU 17,Personal Care,1196,25194,18364,23284,0%,N,30132024,21963344,8168680,0.2711
2025-07,Customer 03,Central Indonesia,Modern Trade,Distributor,SKU 09,Dairy,617,22523,15015,22463,0%,N,13896691,9264255,4632436,0.3333
2025-07,Customer 03,Central Indonesia,Modern Trade,Distributor,SKU 13,Frozen,348,10798,7955,11467,5%,N,3757704,2768340,989364,0.2633
2025-07,Customer 03,Central Indonesia,Modern Trade,Distributor,SKU 03,Beverage,1132,46587,31038,49524,0%,Y,52736484,35135016,17601468,0.3338
2025-07,Customer 03,Central Indonesia,General Trade,Distributor,SKU 12,Dairy,859,8674,6778,8319,5%,Y,7450966,5822302,1628664,0.2186
2025-07,Customer 04,Central Indonesia,Online,Key Account,SKU 15,Frozen,317,43010,34089,46835,0%,N,13634170,10806213,2827957,0.2074
2025-07,Customer 04,Central Indonesia,Modern Trade,Key Account,SKU 08,Snack,1325,29918,19374,31222,0%,N,39641350,25670550,13970800,0.3524
2025-07,Customer 04,Central Indonesia,Modern Trade,Key Account,SKU 03,Beverage,659,42519,28312,38386,3%,N,28020021,18657608,9362413,0.3341
2025-07,Customer 04,Central Indonesia,General Trade,Key Account,SKU 04,Beverage,989,18402,14203,17909,3%,N,18199578,14046767,4152811,0.2282
2025-07,Customer 04,Central Indonesia,General Trade,Key Account,SKU 10,Dairy,65,51297,40020,47758,0%,N,3334305,2601300,733005,0.2198
2025-07,Customer 04,Central Indonesia,General Trade,Key Account,SKU 09,Dairy,453,22976,18411,23276,8%,N,10408128,8340183,2067945,0.1987
2025-07,Customer 04,Central Indonesia,General Trade,Key Account,SKU 20,Personal Care,1288,15075,12688,16560,0%,N,19416600,16342144,3074456,0.1583
2025-07,Customer 04,Central Indonesia,Modern Trade,Key Account,SKU 13,Frozen,1122,10213,8228,10898,0%,N,11458986,9231816,2227170,0.1944
2025-07,Customer 04,Central Indonesia,General Trade,Key Account,SKU 18,Personal Care,265,29838,19709,31360,0%,N,7907070,5222885,2684185,0.3395
2025-07,Customer 05,West Indonesia,Online,Retailer,SKU 06,Snack,152,23736,17772,23494,0%,N,3607872,2701344,906528,0.2513
2025-07,Customer 05,West Indonesia,General Trade,Retailer,SKU 15,Frozen,816,47078,31682,43410,0%,N,38415648,25852512,12563136,0.327
2025-07,Customer 05,West Indonesia,General Trade,Retailer,SKU 10,Dairy,1060,48138,33549,44683,0%,N,51026280,35561940,15464340,0.3031
2025-07,Customer 05,West Indonesia,Online,Retailer,SKU 16,Frozen,1046,47452,35924,44402,8%,N,49634792,37576504,12058288,0.2429
2025-07,Customer 05,West Indonesia,Modern Trade,Retailer,SKU 13,Frozen,305,10128,7354,10547,5%,Y,3089040,2242970,846070,0.2739
2025-07,Customer 05,West Indonesia,Modern Trade,Retailer,SKU 14,Frozen,669,14367,10774,13164,0%,N,9611523,7207806,2403717,0.2501
2025-07,Customer 05,West Indonesia,General Trade,Retailer,SKU 08,Snack,662,29668,24728,30817,0%,N,19640216,16369936,3270280,0.1665
2025-07,Customer 05,West Indonesia,General Trade,Retailer,SKU 04,Beverage,1189,18724,14889,18541,0%,N,22262836,17703021,4559815,0.2048
2025-07,Customer 05,West Indonesia,Modern Trade,Retailer,SKU 05,Snack,148,14358,8969,14437,0%,N,2124984,1327412,797572,0.3753
2025-07,Customer 05,West Indonesia,General Trade,Retailer,SKU 20,Personal Care,551,13930,10595,13538,0%,Y,7675430,5837845,1837585,0.2394
2025-07,Customer 05,West Indonesia,Online,Retailer,SKU 11,Dairy,919,9563,5783,9308,0%,N,8788397,5314577,3473820,0.3953
2025-07,Customer 05,West Indonesia,Modern Trade,Retailer,SKU 09,Dairy,820,25505,18630,23987,3%,N,20914100,15276600,5637500,0.2696
2025-07,Customer 05,West Indonesia,Online,Retailer,SKU 18,Personal Care,444,26193,19586,27240,5%,Y,11629692,8696184,2933508,0.2522
2025-07,Customer 05,West Indonesia,Online,Retailer,SKU 19,Personal Care,342,36423,26644,39567,0%,N,12456666,9112248,3344418,0.2685
2025-07,Customer 06,Central Indonesia,Modern Trade,Distributor,SKU 05,Snack,1211,13518,10992,13249,0%,Y,16370298,13311312,3058986,0.1869
2025-07,Customer 06,Central Indonesia,General Trade,Distributor,SKU 17,Personal Care,756,27372,21482,29740,3%,N,20693232,16240392,4452840,0.2152
2025-07,Customer 06,Central Indonesia,General Trade,Distributor,SKU 20,Personal Care,583,13354,9129,14134,3%,Y,7785382,5322207,2463175,0.3164
2025-07,Customer 06,Central Indonesia,General Trade,Distributor,SKU 10,Dairy,1299,52105,37889,51002,8%,N,67684395,49217811,18466584,0.2728
2025-07,Customer 06,Central Indonesia,Online,Distributor,SKU 09,Dairy,434,25542,16208,27832,0%,N,11085228,7034272,4050956,0.3654
2025-07,Customer 06,Central Indonesia,Modern Trade,Distributor,SKU 12,Dairy,462,8250,6151,8234,0%,N,3811500,2841762,969738,0.2544
2025-07,Customer 06,Central Indonesia,Modern Trade,Distributor,SKU 08,Snack,538,31673,23328,29188,3%,N,17040074,12550464,4489610,0.2635
2025-07,Customer 06,Central Indonesia,Modern Trade,Distributor,SKU 13,Frozen,185,10018,6900,10400,3%,N,1853330,1276500,576830,0.3112
2025-07,Customer 06,Central Indonesia,General Trade,Distributor,SKU 14,Frozen,689,14076,11762,13092,0%,N,9698364,8104018,1594346,0.1644
2025-07,Customer 06,Central Indonesia,General Trade,Distributor,SKU 19,Personal Care,737,39200,33221,36133,5%,N,28890400,24483877,4406523,0.1525
2025-07,Customer 06,Central Indonesia,Online,Distributor,SKU 11,Dairy,570,9061,7085,9187,5%,N,5164770,4038450,1126320,0.2181
2025-07,Customer 06,Central Indonesia,Modern Trade,Distributor,SKU 07,Snack,1072,46873,31885,48300,0%,N,50247856,34180720,16067136,0.3198
2025-07,Customer 06,Central Indonesia,Modern Trade,Distributor,SKU 02,Beverage,1322,8535,6816,7952,3%,N,11283270,9010752,2272518,0.2014
2025-07,Customer 06,Central Indonesia,General Trade,Distributor,SKU 01,Beverage,72,24996,20084,23342,0%,N,1799712,1446048,353664,0.1965
2025-07,Customer 07,Central Indonesia,Online,Retailer,SKU 04,Beverage,483,18511,15420,17402,3%,N,8940813,7447860,1492953,0.167
2025-07,Customer 07,Central Indonesia,Modern Trade,Retailer,SKU 18,Personal Care,1302,28701,20412,28477,0%,N,37368702,26576424,10792278,0.2888
2025-07,Customer 07,Central Indonesia,Modern Trade,Retailer,SKU 07,Snack,542,44873,32059,41947,5%,N,24321166,17375978,6945188,0.2856
2025-07,Customer 07,Central Indonesia,Modern Trade,Retailer,SKU 06,Snack,381,24940,17114,27225,0%,N,9502140,6520434,2981706,0.3138
2025-07,Customer 07,Central Indonesia,General Trade,Retailer,SKU 14,Frozen,764,12271,7550,11736,0%,N,9375044,5768200,3606844,0.3847
2025-07,Customer 07,Central Indonesia,Modern Trade,Retailer,SKU 10,Dairy,806,49661,42070,48673,0%,Y,40026766,33908420,6118346,0.1529
2025-07,Customer 07,Central Indonesia,Modern Trade,Retailer,SKU 02,Beverage,456,8287,6747,8886,5%,N,3778872,3076632,702240,0.1858
2025-07,Customer 07,Central Indonesia,General Trade,Retailer,SKU 05,Snack,855,14863,11447,15786,5%,N,12707865,9787185,2920680,0.2298
2025-07,Customer 07,Central Indonesia,Modern Trade,Retailer,SKU 16,Frozen,608,47704,36761,48910,0%,N,29004032,22350688,6653344,0.2294
2025-07,Customer 08,West Indonesia,General Trade,Key Account,SKU 03,Beverage,1162,43387,34672,46638,0%,N,50415694,40288864,10126830,0.2009
2025-07,Customer 08,West Indonesia,Modern Trade,Key Account,SKU 09,Dairy,351,23632,19748,21990,3%,N,8294832,6931548,1363284,0.1644
2025-07,Customer 08,West Indonesia,General Trade,Key Account,SKU 11,Dairy,777,10048,8201,9624,0%,N,7807296,6372177,1435119,0.1838
2025-07,Customer 08,West Indonesia,Modern Trade,Key Account,SKU 06,Snack,1210,23900,14908,25299,0%,N,28919000,18038680,10880320,0.3762
2025-07,Customer 08,West Indonesia,Modern Trade,Key Account,SKU 10,Dairy,265,52473,33655,52907,0%,N,13905345,8918575,4986770,0.3586
2025-07,Customer 08,West Indonesia,Modern Trade,Key Account,SKU 16,Frozen,250,43980,34695,42599,3%,N,10995000,8673750,2321250,0.2111
2025-07,Customer 08,West Indonesia,Modern Trade,Key Account,SKU 19,Personal Care,257,35716,24140,32309,5%,N,9179012,6203980,2975032,0.3241
2025-07,Customer 08,West Indonesia,Modern Trade,Key Account,SKU 12,Dairy,993,8132,6885,7524,3%,N,8075076,6836805,1238271,0.1533
2025-07,Customer 08,West Indonesia,Modern Trade,Key Account,SKU 08,Snack,631,30320,21341,29290,3%,N,19131920,13466171,5665749,0.2961
2025-07,Customer 08,West Indonesia,General Trade,Key Account,SKU 01,Beverage,1136,21935,17346,23384,3%,N,24918160,19705056,5213104,0.2092
2025-07,Customer 09,East Indonesia,General Trade,Key Account,SKU 18,Personal Care,238,28847,17870,28437,0%,Y,6865586,4253060,2612526,0.3805
2025-07,Customer 09,East Indonesia,Modern Trade,Key Account,SKU 20,Personal Care,257,14914,12128,14086,5%,N,3832898,3116896,716002,0.1868
2025-07,Customer 09,East Indonesia,Online,Key Account,SKU 10,Dairy,132,48242,37675,43659,3%,N,6367944,4973100,1394844,0.219
2025-07,Customer 09,East Indonesia,Modern Trade,Key Account,SKU 01,Beverage,592,22862,16878,23461,0%,Y,13534304,9991776,3542528,0.2617
2025-07,Customer 09,East Indonesia,Modern Trade,Key Account,SKU 13,Frozen,691,9946,7725,9483,0%,N,6872686,5337975,1534711,0.2233
2025-07,Customer 09,East Indonesia,Modern Trade,Key Account,SKU 17,Personal Care,999,24623,18510,24483,5%,N,24598377,18491490,6106887,0.2483
2025-07,Customer 09,East Indonesia,General Trade,Key Account,SKU 15,Frozen,1159,44114,32132,44569,5%,N,51128126,37240988,13887138,0.2716
2025-07,Customer 09,East Indonesia,Modern Trade,Key Account,SKU 02,Beverage,969,8459,5448,8718,0%,N,8196771,5279112,2917659,0.356
2025-07,Customer 09,East Indonesia,Modern Trade,Key Account,SKU 03,Beverage,670,42676,35419,40145,0%,N,28592920,23730730,4862190,0.17
2025-07,Customer 09,East Indonesia,Modern Trade,Key Account,SKU 09,Dairy,1072,24850,20257,27168,8%,N,26639200,21715504,4923696,0.1848
2025-07,Customer 09,East Indonesia,General Trade,Key Account,SKU 12,Dairy,992,8138,6124,8753,0%,N,8072896,6075008,1997888,0.2475
2025-07,Customer 09,East Indonesia,Modern Trade,Key Account,SKU 05,Snack,1293,14970,12435,15088,0%,Y,19356210,16078455,3277755,0.1693
2025-07,Customer 09,East Indonesia,Modern Trade,Key Account,SKU 11,Dairy,79,9758,8154,9352,5%,Y,770882,644166,126716,0.1644
2025-07,Customer 09,East Indonesia,General Trade,Key Account,SKU 16,Frozen,827,50109,37280,49183,0%,N,41440143,30830560,10609583,0.256
2025-07,Customer 09,East Indonesia,Modern Trade,Key Account,SKU 07,Snack,582,42322,25475,39719,0%,N,24631404,14826450,9804954,0.3981
2025-07,Customer 10,East Indonesia,General Trade,Distributor,SKU 02,Beverage,625,8299,6788,8108,0%,Y,5186875,4242500,944375,0.1821
2025-07,Customer 10,East Indonesia,Online,Distributor,SKU 09,Dairy,188,22181,15940,21714,3%,N,4170028,2996720,1173308,0.2814
2025-07,Customer 10,East Indonesia,Modern Trade,Distributor,SKU 20,Personal Care,899,15397,10376,13966,3%,N,13841903,9328024,4513879,0.3261
2025-07,Customer 10,East Indonesia,Modern Trade,Distributor,SKU 16,Frozen,943,47315,39239,43257,5%,N,44618045,37002377,7615668,0.1707
2025-07,Customer 10,East Indonesia,Modern Trade,Distributor,SKU 03,Beverage,600,48240,30952,47231,5%,N,28944000,18571200,10372800,0.3584
2025-07,Customer 10,East Indonesia,General Trade,Distributor,SKU 04,Beverage,480,19506,12337,20625,0%,N,9362880,5921760,3441120,0.3675
2025-07,Customer 10,East Indonesia,Modern Trade,Distributor,SKU 17,Personal Care,302,27118,20639,27758,0%,N,8189636,6232978,1956658,0.2389
2025-07,Customer 10,East Indonesia,Modern Trade,Distributor,SKU 13,Frozen,1181,10943,9277,11961,5%,N,12923683,10956137,1967546,0.1522
2025-07,Customer 10,East Indonesia,Online,Distributor,SKU 07,Snack,118,46666,31735,43075,0%,N,5506588,3744730,1761858,0.32
2025-07,Customer 10,East Indonesia,General Trade,Distributor,SKU 12,Dairy,961,8137,5882,7449,8%,N,7819657,5652602,2167055,0.2771
2025-07,Customer 11,West Indonesia,General Trade,Key Account,SKU 06,Snack,797,24666,20049,22361,5%,N,19658802,15979053,3679749,0.1872
2025-07,Customer 11,West Indonesia,General Trade,Key Account,SKU 04,Beverage,852,19423,15187,20435,3%,N,16548396,12939324,3609072,0.2181
2025-07,Customer 11,West Indonesia,General Trade,Key Account,SKU 08,Snack,1211,30660,21480,31988,0%,N,37129260,26012280,11116980,0.2994
2025-07,Customer 11,West Indonesia,Modern Trade,Key Account,SKU 14,Frozen,140,13005,8257,12990,0%,N,1820700,1155980,664720,0.3651
2025-07,Customer 11,West Indonesia,Online,Key Account,SKU 11,Dairy,1301,10065,6562,10116,0%,N,13094565,8537162,4557403,0.348
2025-07,Customer 11,West Indonesia,Modern Trade,Key Account,SKU 12,Dairy,1175,8495,5301,8109,3%,N,9981625,6228675,3752950,0.376
2025-07,Customer 11,West Indonesia,General Trade,Key Account,SKU 02,Beverage,526,9334,6950,9567,0%,N,4909684,3655700,1253984,0.2554
2025-07,Customer 11,West Indonesia,Online,Key Account,SKU 20,Personal Care,1057,13827,11094,13730,3%,N,14615139,11726358,2888781,0.1977
2025-07,Customer 11,West Indonesia,Online,Key Account,SKU 18,Personal Care,1270,29076,20054,31947,0%,N,36926520,25468580,11457940,0.3103
2025-07,Customer 11,West Indonesia,Online,Key Account,SKU 01,Beverage,142,25489,20420,25858,0%,N,3619438,2899640,719798,0.1989
2025-07,Customer 11,West Indonesia,Online,Key Account,SKU 09,Dairy,1028,22605,17334,22268,0%,N,23237940,17819352,5418588,0.2332
2025-07,Customer 12,East Indonesia,Modern Trade,Key Account,SKU 15,Frozen,630,46606,32396,48262,0%,N,29361780,20409480,8952300,0.3049
2025-07,Customer 12,East Indonesia,Modern Trade,Key Account,SKU 02,Beverage,410,9475,6039,10254,5%,N,3884750,2475990,1408760,0.3626
2025-07,Customer 12,East Indonesia,Modern Trade,Key Account,SKU 18,Personal Care,411,29123,24616,31133,8%,N,11969553,10117176,1852377,0.1548
2025-07,Customer 12,East Indonesia,General Trade,Key Account,SKU 07,Snack,453,43772,29699,41150,0%,N,19828716,13453647,6375069,0.3215
2025-07,Customer 12,East Indonesia,General Trade,Key Account,SKU 10,Dairy,979,51529,35071,54110,0%,Y,50446891,34334509,16112382,0.3194
2025-07,Customer 12,East Indonesia,General Trade,Key Account,SKU 06,Snack,406,23200,14189,22030,0%,Y,9419200,5760734,3658466,0.3884
2025-07,Customer 12,East Indonesia,Modern Trade,Key Account,SKU 16,Frozen,561,49892,40221,50716,0%,N,27989412,22563981,5425431,0.1938
2025-07,Customer 12,East Indonesia,Online,Key Account,SKU 09,Dairy,80,22799,17593,22650,0%,N,1823920,1407440,416480,0.2283
2025-07,Customer 12,East Indonesia,Modern Trade,Key Account,SKU 01,Beverage,142,24674,16270,22940,0%,Y,3503708,2310340,1193368,0.3406
2025-07,Customer 12,East Indonesia,General Trade,Key Account,SKU 20,Personal Care,665,14031,9503,13482,0%,Y,9330615,6319495,3011120,0.3227
2025-07,Customer 13,West Indonesia,General Trade,Retailer,SKU 10,Dairy,676,51539,41015,50917,3%,N,34840364,27726140,7114224,0.2042
2025-07,Customer 13,West Indonesia,Online,Retailer,SKU 04,Beverage,379,18644,14419,17446,5%,Y,7066076,5464801,1601275,0.2266
2025-07,Customer 13,West Indonesia,General Trade,Retailer,SKU 11,Dairy,132,10177,8127,9316,8%,N,1343364,1072764,270600,0.2014
2025-07,Customer 13,West Indonesia,Modern Trade,Retailer,SKU 18,Personal Care,299,25716,16769,23725,5%,Y,7689084,5013931,2675153,0.3479
2025-07,Customer 13,West Indonesia,General Trade,Retailer,SKU 03,Beverage,1086,49214,34056,46511,3%,N,53446404,36984816,16461588,0.308
2025-07,Customer 13,West Indonesia,Modern Trade,Retailer,SKU 15,Frozen,1034,46789,33114,51192,0%,Y,48379826,34239876,14139950,0.2923
2025-07,Customer 13,West Indonesia,Modern Trade,Retailer,SKU 09,Dairy,1058,25907,20851,24977,3%,N,27409606,22060358,5349248,0.1952
2025-07,Customer 13,West Indonesia,General Trade,Retailer,SKU 01,Beverage,720,23281,15217,24064,0%,N,16762320,10956240,5806080,0.3464
2025-07,Customer 13,West Indonesia,Modern Trade,Retailer,SKU 19,Personal Care,1283,33872,22254,32825,3%,Y,43457776,28551882,14905894,0.343
2025-07,Customer 13,West Indonesia,Modern Trade,Retailer,SKU 14,Frozen,840,14017,11398,13978,5%,N,11774280,9574320,2199960,0.1868
2025-07,Customer 13,West Indonesia,General Trade,Retailer,SKU 06,Snack,1158,23627,17661,22772,3%,Y,27360066,20451438,6908628,0.2525
2025-07,Customer 13,West Indonesia,General Trade,Retailer,SKU 17,Personal Care,496,24126,16374,23442,0%,Y,11966496,8121504,3844992,0.3213
2025-07,Customer 13,West Indonesia,Modern Trade,Retailer,SKU 07,Snack,1091,47476,37330,43340,0%,N,51796316,40727030,11069286,0.2137
2025-07,Customer 13,West Indonesia,General Trade,Retailer,SKU 05,Snack,1157,13277,10194,14156,0%,Y,15361489,11794458,3567031,0.2322
2025-07,Customer 13,West Indonesia,General Trade,Retailer,SKU 13,Frozen,1068,10315,8044,11332,0%,N,11016420,8590992,2425428,0.2202
2025-07,Customer 14,Central Indonesia,Modern Trade,Key Account,SKU 12,Dairy,1164,9076,7607,8327,5%,N,10564464,8854548,1709916,0.1619
2025-07,Customer 14,Central Indonesia,General Trade,Key Account,SKU 01,Beverage,737,22069,18616,20442,0%,N,16264853,13719992,2544861,0.1565
2025-07,Customer 14,Central Indonesia,General Trade,Key Account,SKU 16,Frozen,867,46893,37919,42759,0%,N,40656231,32875773,7780458,0.1914
2025-07,Customer 14,Central Indonesia,General Trade,Key Account,SKU 09,Dairy,790,24221,19448,23507,0%,N,19134590,15363920,3770670,0.1971
2025-07,Customer 14,Central Indonesia,General Trade,Key Account,SKU 07,Snack,128,45223,35357,43299,5%,N,5788544,4525696,1262848,0.2182
2025-07,Customer 14,Central Indonesia,Modern Trade,Key Account,SKU 03,Beverage,1157,49367,39451,54293,0%,N,57117619,45644807,11472812,0.2009
2025-07,Customer 14,Central Indonesia,Modern Trade,Key Account,SKU 19,Personal Care,1024,35261,23117,36933,0%,N,36107264,23671808,12435456,0.3444
2025-07,Customer 14,Central Indonesia,General Trade,Key Account,SKU 14,Frozen,148,13691,10881,13318,0%,N,2026268,1610388,415880,0.2052
2025-07,Customer 14,Central Indonesia,Modern Trade,Key Account,SKU 18,Personal Care,696,26871,22694,24780,3%,N,18702216,15795024,2907192,0.1554
2025-07,Customer 14,Central Indonesia,General Trade,Key Account,SKU 20,Personal Care,1001,15110,11965,16181,5%,N,15125110,11976965,3148145,0.2081
2025-07,Customer 14,Central Indonesia,Online,Key Account,SKU 05,Snack,507,13731,9157,14478,0%,N,6961617,4642599,2319018,0.3331
2025-07,Customer 14,Central Indonesia,Modern Trade,Key Account,SKU 15,Frozen,61,46889,39238,45354,3%,N,2860229,2393518,466711,0.1632
2025-07,Customer 15,West Indonesia,General Trade,Distributor,SKU 08,Snack,1175,31548,23574,32487,0%,Y,37068900,27699450,9369450,0.2528
2025-07,Customer 15,West Indonesia,Modern Trade,Distributor,SKU 06,Snack,1030,25110,15131,26497,0%,N,25863300,15584930,10278370,0.3974
2025-07,Customer 15,West Indonesia,Modern Trade,Distributor,SKU 03,Beverage,1258,43685,36658,43315,3%,Y,54955730,46115764,8839966,0.1609
2025-07,Customer 15,West Indonesia,General Trade,Distributor,SKU 14,Frozen,198,12904,9960,12580,0%,N,2554992,1972080,582912,0.2281
2025-07,Customer 15,West Indonesia,Modern Trade,Distributor,SKU 02,Beverage,1288,8986,5516,9674,0%,N,11573968,7104608,4469360,0.3862
2025-07,Customer 15,West Indonesia,Modern Trade,Distributor,SKU 04,Beverage,179,20385,15250,21626,5%,N,3648915,2729750,919165,0.2519
2025-07,Customer 15,West Indonesia,Online,Distributor,SKU 01,Beverage,1203,25055,19473,25412,3%,Y,30141165,23426019,6715146,0.2228
2025-07,Customer 15,West Indonesia,Modern Trade,Distributor,SKU 07,Snack,218,45906,31837,42537,5%,N,10007508,6940466,3067042,0.3065
2025-07,Customer 15,West Indonesia,Modern Trade,Distributor,SKU 12,Dairy,505,9141,7175,8902,0%,N,4616205,3623375,992830,0.2151
2025-07,Customer 15,West Indonesia,Modern Trade,Distributor,SKU 10,Dairy,406,47285,37412,48928,0%,N,19197710,15189272,4008438,0.2088
2025-07,Customer 15,West Indonesia,Modern Trade,Distributor,SKU 15,Frozen,214,44565,31663,44118,3%,Y,9536910,6775882,2761028,0.2895
2025-07,Customer 15,West Indonesia,Modern Trade,Distributor,SKU 11,Dairy,902,9006,7364,8511,0%,N,8123412,6642328,1481084,0.1823
2025-07,Customer 15,West Indonesia,Modern Trade,Distributor,SKU 05,Snack,1137,14707,11985,16074,0%,N,16721859,13626945,3094914,0.1851
2025-07,Customer 15,West Indonesia,General Trade,Distributor,SKU 19,Personal Care,59,35431,22466,38475,3%,N,2090429,1325494,764935,0.3659
2025-07,Customer 16,West Indonesia,Online,Key Account,SKU 18,Personal Care,104,28986,20679,26944,3%,N,3014544,2150616,863928,0.2866
2025-07,Customer 16,West Indonesia,Modern Trade,Key Account,SKU 09,Dairy,703,25904,16292,23988,0%,N,18210512,11453276,6757236,0.3711
2025-07,Customer 16,West Indonesia,Modern Trade,Key Account,SKU 17,Personal Care,737,26566,21649,26060,0%,N,19579142,15955313,3623829,0.1851
2025-07,Customer 16,West Indonesia,General Trade,Key Account,SKU 12,Dairy,1047,8643,6365,9335,5%,N,9049221,6664155,2385066,0.2636
2025-07,Customer 16,West Indonesia,Modern Trade,Key Account,SKU 20,Personal Care,281,15546,11021,15240,5%,N,4368426,3096901,1271525,0.2911
2025-07,Customer 16,West Indonesia,Modern Trade,Key Account,SKU 08,Snack,1329,29773,24975,32169,0%,N,39568317,33191775,6376542,0.1612
2025-07,Customer 16,West Indonesia,Online,Key Account,SKU 05,Snack,903,13134,8015,12201,8%,N,11860002,7237545,4622457,0.3898
2025-07,Customer 16,West Indonesia,Online,Key Account,SKU 10,Dairy,1090,49177,31477,47140,5%,N,53602930,34309930,19293000,0.3599
2025-07,Customer 16,West Indonesia,General Trade,Key Account,SKU 19,Personal Care,302,35131,25890,33528,3%,N,10609562,7818780,2790782,0.263
2025-07,Customer 16,West Indonesia,Online,Key Account,SKU 03,Beverage,722,48783,29881,52218,0%,N,35221326,21574082,13647244,0.3875
2025-07,Customer 16,West Indonesia,Modern Trade,Key Account,SKU 13,Frozen,129,11119,8218,12135,8%,N,1434351,1060122,374229,0.2609
2025-07,Customer 17,West Indonesia,Modern Trade,Retailer,SKU 10,Dairy,915,48770,30910,47015,0%,N,44624550,28282650,16341900,0.3662
2025-07,Customer 17,West Indonesia,General Trade,Retailer,SKU 03,Beverage,666,48085,31090,49705,0%,N,32024610,20705940,11318670,0.3534
2025-07,Customer 17,West Indonesia,General Trade,Retailer,SKU 18,Personal Care,857,27173,21695,29485,0%,Y,23287261,18592615,4694646,0.2016
2025-07,Customer 17,West Indonesia,Modern Trade,Retailer,SKU 17,Personal Care,951,24663,15687,25077,0%,N,23454513,14918337,8536176,0.3639
2025-07,Customer 17,West Indonesia,Modern Trade,Retailer,SKU 14,Frozen,751,13593,10989,14764,8%,N,10208343,8252739,1955604,0.1916
2025-07,Customer 17,West Indonesia,Modern Trade,Retailer,SKU 06,Snack,1307,25527,17082,25343,0%,N,33363789,22326174,11037615,0.3308
2025-07,Customer 17,West Indonesia,General Trade,Retailer,SKU 05,Snack,1194,13225,9536,12330,5%,N,15790650,11385984,4404666,0.2789
2025-07,Customer 17,West Indonesia,Online,Retailer,SKU 12,Dairy,151,9436,7375,9065,3%,N,1424836,1113625,311211,0.2184
2025-07,Customer 17,West Indonesia,General Trade,Retailer,SKU 01,Beverage,1319,24736,19464,25515,0%,N,32626784,25673016,6953768,0.2131
2025-07,Customer 17,West Indonesia,General Trade,Retailer,SKU 15,Frozen,1249,45731,31799,45641,0%,N,57118019,39716951,17401068,0.3047
2025-07,Customer 17,West Indonesia,Modern Trade,Retailer,SKU 02,Beverage,946,9131,6245,9964,5%,N,8637926,5907770,2730156,0.3161
2025-07,Customer 17,West Indonesia,General Trade,Retailer,SKU 08,Snack,319,29504,18845,31527,0%,N,9411776,6011555,3400221,0.3613
2025-07,Customer 17,West Indonesia,General Trade,Retailer,SKU 04,Beverage,66,19609,13373,18289,5%,N,1294194,882618,411576,0.318
2025-07,Customer 17,West Indonesia,Online,Retailer,SKU 13,Frozen,618,11253,8033,10614,8%,N,6954354,4964394,1989960,0.2861
2025-07,Customer 17,West Indonesia,General Trade,Retailer,SKU 07,Snack,777,47347,30496,48464,0%,Y,36788619,23695392,13093227,0.3559
2025-07,Customer 18,West Indonesia,General Trade,Retailer,SKU 14,Frozen,262,14050,9581,12771,0%,N,3681100,2510222,1170878,0.3181
2025-07,Customer 18,West Indonesia,General Trade,Retailer,SKU 02,Beverage,1082,9415,5817,8645,0%,Y,10187030,6293994,3893036,0.3822
2025-07,Customer 18,West Indonesia,General Trade,Retailer,SKU 12,Dairy,953,8176,6363,7385,8%,N,7791728,6063939,1727789,0.2217
2025-07,Customer 18,West Indonesia,General Trade,Retailer,SKU 10,Dairy,1125,48650,38675,49411,0%,N,54731250,43509375,11221875,0.205
2025-07,Customer 18,West Indonesia,General Trade,Retailer,SKU 11,Dairy,529,9056,5929,9685,3%,N,4790624,3136441,1654183,0.3453
2025-07,Customer 18,West Indonesia,Online,Retailer,SKU 05,Snack,112,14780,10099,13504,5%,N,1655360,1131088,524272,0.3167
2025-07,Customer 18,West Indonesia,General Trade,Retailer,SKU 09,Dairy,807,24036,16397,26415,5%,Y,19397052,13232379,6164673,0.3178
2025-07,Customer 18,West Indonesia,General Trade,Retailer,SKU 17,Personal Care,1272,25359,19537,23438,8%,Y,32256648,24851064,7405584,0.2296
2025-07,Customer 18,West Indonesia,Modern Trade,Retailer,SKU 16,Frozen,543,44422,35224,41967,3%,N,24121146,19126632,4994514,0.2071
2025-07,Customer 18,West Indonesia,Modern Trade,Retailer,SKU 06,Snack,438,25797,15680,24597,0%,N,11299086,6867840,4431246,0.3922
2025-07,Customer 19,West Indonesia,Modern Trade,Key Account,SKU 09,Dairy,277,25694,21769,26181,3%,N,7117238,6030013,1087225,0.1528
2025-07,Customer 19,West Indonesia,Modern Trade,Key Account,SKU 16,Frozen,744,46963,29666,44059,0%,N,34940472,22071504,12868968,0.3683
2025-07,Customer 19,West Indonesia,Modern Trade,Key Account,SKU 18,Personal Care,852,27445,19364,29191,0%,N,23383140,16498128,6885012,0.2944
2025-07,Customer 19,West Indonesia,General Trade,Key Account,SKU 03,Beverage,1151,44040,26841,44694,5%,N,50690040,30893991,19796049,0.3905
2025-07,Customer 19,West Indonesia,Modern Trade,Key Account,SKU 02,Beverage,829,8272,5504,7815,8%,Y,6857488,4562816,2294672,0.3346
2025-07,Customer 19,West Indonesia,Modern Trade,Key Account,SKU 13,Frozen,849,10440,7455,10777,0%,N,8863560,6329295,2534265,0.2859
2025-07,Customer 19,West Indonesia,General Trade,Key Account,SKU 19,Personal Care,216,36806,24962,38451,3%,N,7950096,5391792,2558304,0.3218
2025-07,Customer 19,West Indonesia,Online,Key Account,SKU 15,Frozen,769,42447,29686,40321,8%,N,32641743,22828534,9813209,0.3006
2025-07,Customer 19,West Indonesia,Modern Trade,Key Account,SKU 10,Dairy,1248,46639,32164,49084,8%,N,58205472,40140672,18064800,0.3104
2025-07,Customer 19,West Indonesia,General Trade,Key Account,SKU 08,Snack,362,28866,22596,27382,5%,N,10449492,8179752,2269740,0.2172
2025-07,Customer 19,West Indonesia,Modern Trade,Key Account,SKU 12,Dairy,1017,8292,6998,8174,3%,N,8432964,7116966,1315998,0.1561
2025-07,Customer 19,West Indonesia,Modern Trade,Key Account,SKU 11,Dairy,733,10407,8144,10563,0%,N,7628331,5969552,1658779,0.2174
2025-07,Customer 19,West Indonesia,Modern Trade,Key Account,SKU 04,Beverage,290,19443,13623,20503,0%,N,5638470,3950670,1687800,0.2993
2025-07,Customer 20,West Indonesia,Modern Trade,Distributor,SKU 20,Personal Care,240,14391,10585,14872,3%,N,3453840,2540400,913440,0.2645
2025-07,Customer 20,West Indonesia,General Trade,Distributor,SKU 01,Beverage,409,23707,16335,25707,0%,N,9696163,6681015,3015148,0.311
2025-07,Customer 20,West Indonesia,General Trade,Distributor,SKU 04,Beverage,808,20668,13504,19620,3%,N,16699744,10911232,5788512,0.3466
2025-07,Customer 20,West Indonesia,General Trade,Distributor,SKU 10,Dairy,936,50953,39360,51624,0%,Y,47692008,36840960,10851048,0.2275
2025-07,Customer 20,West Indonesia,Modern Trade,Distributor,SKU 05,Snack,892,15394,10995,15956,0%,Y,13731448,9807540,3923908,0.2858
2025-07,Customer 20,West Indonesia,Modern Trade,Distributor,SKU 15,Frozen,1067,47574,34422,48685,8%,N,50761458,36728274,14033184,0.2765
2025-07,Customer 20,West Indonesia,General Trade,Distributor,SKU 17,Personal Care,286,25141,16947,27149,5%,N,7190326,4846842,2343484,0.3259
2025-07,Customer 20,West Indonesia,Modern Trade,Distributor,SKU 09,Dairy,915,24711,15414,26896,8%,N,22610565,14103810,8506755,0.3762
2025-07,Customer 21,Central Indonesia,Modern Trade,Key Account,SKU 09,Dairy,982,25046,16997,24578,8%,Y,24595172,16691054,7904118,0.3214
2025-07,Customer 21,Central Indonesia,Modern Trade,Key Account,SKU 14,Frozen,1291,14351,11342,14810,0%,N,18527141,14642522,3884619,0.2097
2025-07,Customer 21,Central Indonesia,Online,Key Account,SKU 03,Beverage,1041,44513,26714,47383,0%,Y,46338033,27809274,18528759,0.3999
2025-07,Customer 21,Central Indonesia,Modern Trade,Key Account,SKU 05,Snack,193,14057,10753,15365,0%,Y,2713001,2075329,637672,0.235
2025-07,Customer 21,Central Indonesia,General Trade,Key Account,SKU 18,Personal Care,277,25614,21120,27405,0%,Y,7095078,5850240,1244838,0.1755
2025-07,Customer 21,Central Indonesia,Modern Trade,Key Account,SKU 16,Frozen,675,48299,39210,48808,0%,N,32601825,26466750,6135075,0.1882
2025-07,Customer 21,Central Indonesia,General Trade,Key Account,SKU 20,Personal Care,192,14994,10663,15540,0%,Y,2878848,2047296,831552,0.2888
2025-07,Customer 21,Central Indonesia,General Trade,Key Account,SKU 01,Beverage,96,22555,17085,21567,0%,N,2165280,1640160,525120,0.2425
2025-07,Customer 21,Central Indonesia,Modern Trade,Key Account,SKU 19,Personal Care,84,35108,24746,32329,3%,N,2949072,2078664,870408,0.2951
2025-07,Customer 21,Central Indonesia,General Trade,Key Account,SKU 17,Personal Care,101,27557,16637,27645,3%,N,2783257,1680337,1102920,0.3963
2025-07,Customer 21,Central Indonesia,Modern Trade,Key Account,SKU 15,Frozen,144,48948,33453,47975,3%,N,7048512,4817232,2231280,0.3166
2025-07,Customer 22,West Indonesia,Modern Trade,Retailer,SKU 14,Frozen,1241,13811,9161,12596,3%,Y,17139451,11368801,5770650,0.3367
2025-07,Customer 22,West Indonesia,Modern Trade,Retailer,SKU 19,Personal Care,1114,36387,22273,33232,0%,Y,40535118,24812122,15722996,0.3879
2025-07,Customer 22,West Indonesia,Modern Trade,Retailer,SKU 04,Beverage,884,18255,12987,18136,3%,N,16137420,11480508,4656912,0.2886
2025-07,Customer 22,West Indonesia,Online,Retailer,SKU 02,Beverage,851,8304,5188,8314,0%,N,7066704,4414988,2651716,0.3752
2025-07,Customer 22,West Indonesia,Modern Trade,Retailer,SKU 03,Beverage,195,49288,37403,53184,5%,N,9611160,7293585,2317575,0.2411
2025-07,Customer 22,West Indonesia,Modern Trade,Retailer,SKU 08,Snack,459,31395,19919,31879,3%,N,14410305,9142821,5267484,0.3655
2025-07,Customer 22,West Indonesia,Modern Trade,Retailer,SKU 09,Dairy,389,25768,17583,27165,8%,N,10023752,6839787,3183965,0.3176
2025-07,Customer 22,West Indonesia,Modern Trade,Retailer,SKU 11,Dairy,1281,9449,7964,8940,8%,Y,12104169,10201884,1902285,0.1572
2025-07,Customer 22,West Indonesia,General Trade,Retailer,SKU 16,Frozen,998,46498,37504,44799,3%,N,46405004,37428992,8976012,0.1934
2025-07,Customer 22,West Indonesia,General Trade,Retailer,SKU 06,Snack,454,23041,14268,24531,5%,N,10460614,6477672,3982942,0.3808
2025-07,Customer 22,West Indonesia,Online,Retailer,SKU 13,Frozen,564,11149,7930,10694,3%,N,6288036,4472520,1815516,0.2887
2025-07,Customer 23,West Indonesia,General Trade,Key Account,SKU 13,Frozen,500,10515,7900,10138,0%,N,5257500,3950000,1307500,0.2487
2025-07,Customer 23,West Indonesia,General Trade,Key Account,SKU 07,Snack,531,47622,30766,43356,3%,Y,25287282,16336746,8950536,0.354
2025-07,Customer 23,West Indonesia,Modern Trade,Key Account,SKU 14,Frozen,136,13215,9758,14013,0%,N,1797240,1327088,470152,0.2616
2025-07,Customer 23,West Indonesia,Modern Trade,Key Account,SKU 15,Frozen,1076,46837,39223,49576,0%,N,50396612,42203948,8192664,0.1626
2025-07,Customer 23,West Indonesia,General Trade,Key Account,SKU 08,Snack,1008,28449,19709,25907,0%,N,28676592,19866672,8809920,0.3072
2025-07,Customer 23,West Indonesia,Modern Trade,Key Account,SKU 16,Frozen,174,50171,34926,51258,3%,N,8729754,6077124,2652630,0.3039
2025-07,Customer 23,West Indonesia,General Trade,Key Account,SKU 04,Beverage,1060,18327,14098,20106,0%,N,19426620,14943880,4482740,0.2308
2025-07,Customer 23,West Indonesia,Modern Trade,Key Account,SKU 01,Beverage,507,24038,16668,26242,3%,N,12187266,8450676,3736590,0.3066
2025-07,Customer 23,West Indonesia,Modern Trade,Key Account,SKU 02,Beverage,1273,8628,7043,8505,8%,N,10983444,8965739,2017705,0.1837
2025-07,Customer 23,West Indonesia,Modern Trade,Key Account,SKU 06,Snack,93,24539,20553,25745,0%,N,2282127,1911429,370698,0.1624
2025-07,Customer 23,West Indonesia,Modern Trade,Key Account,SKU 17,Personal Care,84,25705,17583,27748,0%,N,2159220,1476972,682248,0.316
2025-07,Customer 23,West Indonesia,Online,Key Account,SKU 10,Dairy,154,52954,41742,50791,0%,Y,8154916,6428268,1726648,0.2117
2025-07,Customer 24,East Indonesia,Online,Retailer,SKU 05,Snack,691,13182,10704,13609,3%,N,9108762,7396464,1712298,0.188
2025-07,Customer 24,East Indonesia,Modern Trade,Retailer,SKU 03,Beverage,587,46990,37602,45295,0%,N,27583130,22072374,5510756,0.1998
2025-07,Customer 24,East Indonesia,General Trade,Retailer,SKU 13,Frozen,636,10119,6178,10491,3%,N,6435684,3929208,2506476,0.3895
2025-07,Customer 24,East Indonesia,Online,Retailer,SKU 15,Frozen,1153,43220,35819,39176,3%,N,49832660,41299307,8533353,0.1712
2025-07,Customer 24,East Indonesia,Modern Trade,Retailer,SKU 14,Frozen,465,12653,10670,11972,0%,N,5883645,4961550,922095,0.1567
2025-07,Customer 24,East Indonesia,Modern Trade,Retailer,SKU 11,Dairy,275,10337,7649,10146,8%,N,2842675,2103475,739200,0.26
2025-07,Customer 24,East Indonesia,Modern Trade,Retailer,SKU 08,Snack,919,28433,21123,27986,8%,N,26129927,19412037,6717890,0.2571
2025-07,Customer 24,East Indonesia,Online,Retailer,SKU 09,Dairy,588,24915,19569,26422,8%,N,14650020,11506572,3143448,0.2146
2025-07,Customer 24,East Indonesia,General Trade,Retailer,SKU 07,Snack,216,45776,31233,48178,8%,N,9887616,6746328,3141288,0.3177
2025-07,Customer 24,East Indonesia,General Trade,Retailer,SKU 06,Snack,419,25344,17493,27690,0%,N,10619136,7329567,3289569,0.3098
2025-07,Customer 24,East Indonesia,Modern Trade,Retailer,SKU 04,Beverage,528,20286,14937,19626,8%,N,10711008,7886736,2824272,0.2637
2025-07,Customer 25,West Indonesia,General Trade,Distributor,SKU 16,Frozen,322,48971,32355,52080,0%,N,15768662,10418310,5350352,0.3393
2025-07,Customer 25,West Indonesia,General Trade,Distributor,SKU 15,Frozen,946,42207,29002,46021,0%,N,39927822,27435892,12491930,0.3129
2025-07,Customer 25,West Indonesia,Modern Trade,Distributor,SKU 13,Frozen,370,10729,9112,9851,0%,Y,3969730,3371440,598290,0.1507
2025-07,Customer 25,West Indonesia,Online,Distributor,SKU 17,Personal Care,1110,26975,21155,26019,0%,Y,29942250,23482050,6460200,0.2158
2025-07,Customer 25,West Indonesia,Modern Trade,Distributor,SKU 09,Dairy,350,24786,16976,27056,5%,Y,8675100,5941600,2733500,0.3151
2025-07,Customer 25,West Indonesia,Modern Trade,Distributor,SKU 08,Snack,381,28625,18257,28418,0%,N,10906125,6955917,3950208,0.3622
2025-07,Customer 25,West Indonesia,General Trade,Distributor,SKU 18,Personal Care,100,28129,18893,28630,8%,Y,2812900,1889300,923600,0.3283
2025-07,Customer 25,West Indonesia,Modern Trade,Distributor,SKU 05,Snack,503,15106,12397,15129,0%,N,7598318,6235691,1362627,0.1793
2025-07,Customer 25,West Indonesia,General Trade,Distributor,SKU 01,Beverage,777,24214,20557,25598,0%,N,18814278,15972789,2841489,0.151
2025-07,Customer 26,West Indonesia,Modern Trade,Distributor,SKU 18,Personal Care,521,26810,22145,27782,0%,N,13968010,11537545,2430465,0.174
2025-07,Customer 26,West Indonesia,General Trade,Distributor,SKU 19,Personal Care,1257,38294,31168,40856,0%,N,48135558,39178176,8957382,0.1861
2025-07,Customer 26,West Indonesia,General Trade,Distributor,SKU 11,Dairy,438,10452,8751,9695,0%,N,4577976,3832938,745038,0.1627
2025-07,Customer 26,West Indonesia,Modern Trade,Distributor,SKU 09,Dairy,919,22757,14904,24700,3%,N,20913683,13696776,7216907,0.3451
2025-07,Customer 26,West Indonesia,Online,Distributor,SKU 12,Dairy,371,8397,5942,8433,0%,Y,3115287,2204482,910805,0.2924
2025-07,Customer 26,West Indonesia,Modern Trade,Distributor,SKU 05,Snack,204,14546,10327,14734,0%,N,2967384,2106708,860676,0.29
2025-07,Customer 26,West Indonesia,General Trade,Distributor,SKU 17,Personal Care,1257,27065,16643,26179,3%,N,34020705,20920251,13100454,0.3851
2025-07,Customer 26,West Indonesia,Modern Trade,Distributor,SKU 06,Snack,841,26380,18460,25880,8%,Y,22185580,15524860,6660720,0.3002
2025-07,Customer 26,West Indonesia,General Trade,Distributor,SKU 02,Beverage,452,8783,6464,9184,5%,N,3969916,2921728,1048188,0.264
2025-07,Customer 26,West Indonesia,General Trade,Distributor,SKU 10,Dairy,567,47828,30175,52578,0%,N,27118476,17109225,10009251,0.3691
2025-07,Customer 27,East Indonesia,Modern Trade,Retailer,SKU 03,Beverage,1334,48901,35115,50959,0%,N,65233934,46843410,18390524,0.2819
2025-07,Customer 27,East Indonesia,General Trade,Retailer,SKU 04,Beverage,829,18572,15782,19244,5%,N,15396188,13083278,2312910,0.1502
2025-07,Customer 27,East Indonesia,Online,Retailer,SKU 07,Snack,1216,43171,33085,44771,0%,N,52495936,40231360,12264576,0.2336
2025-07,Customer 27,East Indonesia,General Trade,Retailer,SKU 12,Dairy,408,8143,6143,8568,8%,N,3322344,2506344,816000,0.2456
2025-07,Customer 27,East Indonesia,Online,Retailer,SKU 06,Snack,1104,23714,16268,21580,0%,N,26180256,17959872,8220384,0.314
2025-07,Customer 27,East Indonesia,Online,Retailer,SKU 14,Frozen,384,12846,8411,13030,0%,Y,4932864,3229824,1703040,0.3452
2025-07,Customer 27,East Indonesia,Modern Trade,Retailer,SKU 19,Personal Care,206,35960,22055,34031,3%,N,7407760,4543330,2864430,0.3867
2025-07,Customer 27,East Indonesia,Modern Trade,Retailer,SKU 11,Dairy,486,8926,7318,9696,3%,N,4338036,3556548,781488,0.1801
2025-07,Customer 27,East Indonesia,Modern Trade,Retailer,SKU 17,Personal Care,543,27525,23064,28163,5%,N,14946075,12523752,2422323,0.1621
2025-07,Customer 27,East Indonesia,Modern Trade,Retailer,SKU 20,Personal Care,1108,14000,11521,14628,3%,Y,15512000,12765268,2746732,0.1771
2025-07,Customer 27,East Indonesia,Modern Trade,Retailer,SKU 18,Personal Care,417,26454,20632,27424,0%,N,11031318,8603544,2427774,0.2201
2025-07,Customer 28,Central Indonesia,Modern Trade,Retailer,SKU 13,Frozen,361,9872,6098,9819,0%,N,3563792,2201378,1362414,0.3823
2025-07,Customer 28,Central Indonesia,General Trade,Retailer,SKU 01,Beverage,271,22676,16260,24668,0%,N,6145196,4406460,1738736,0.2829
2025-07,Customer 28,Central Indonesia,Modern Trade,Retailer,SKU 16,Frozen,221,46120,38007,47867,0%,N,10192520,8399547,1792973,0.1759
2025-07,Customer 28,Central Indonesia,Modern Trade,Retailer,SKU 02,Beverage,1087,8958,7495,8609,8%,N,9737346,8147065,1590281,0.1633
2025-07,Customer 28,Central Indonesia,General Trade,Retailer,SKU 04,Beverage,346,20200,16151,20300,5%,N,6989200,5588246,1400954,0.2004
2025-07,Customer 28,Central Indonesia,Modern Trade,Retailer,SKU 17,Personal Care,446,25989,18520,28181,3%,N,11591094,8259920,3331174,0.2874
2025-07,Customer 28,Central Indonesia,Modern Trade,Retailer,SKU 11,Dairy,955,10322,7503,10505,0%,Y,9857510,7165365,2692145,0.2731
2025-07,Customer 28,Central Indonesia,Modern Trade,Retailer,SKU 07,Snack,91,47875,32515,44078,0%,N,4356625,2958865,1397760,0.3208
2025-07,Customer 28,Central Indonesia,General Trade,Retailer,SKU 14,Frozen,1231,14272,8963,14511,0%,Y,17568832,11033453,6535379,0.372
2025-07,Customer 28,Central Indonesia,General Trade,Retailer,SKU 19,Personal Care,535,36063,30569,35106,0%,N,19293705,16354415,2939290,0.1523
2025-07,Customer 28,Central Indonesia,Online,Retailer,SKU 06,Snack,65,26318,18887,24084,0%,Y,1710670,1227655,483015,0.2824
2025-07,Customer 28,Central Indonesia,General Trade,Retailer,SKU 03,Beverage,904,46823,30910,42178,0%,N,42327992,27942640,14385352,0.3399
2025-07,Customer 28,Central Indonesia,Modern Trade,Retailer,SKU 05,Snack,880,14639,10970,14428,0%,N,12882320,9653600,3228720,0.2506
2025-07,Customer 28,Central Indonesia,Modern Trade,Retailer,SKU 15,Frozen,684,49144,39865,50288,0%,N,33614496,27267660,6346836,0.1888
2025-07,Customer 28,Central Indonesia,General Trade,Retailer,SKU 08,Snack,717,27706,19012,28416,8%,N,19865202,13631604,6233598,0.3138
2025-07,Customer 29,West Indonesia,General Trade,Distributor,SKU 10,Dairy,1327,49875,37537,48760,8%,N,66184125,49811599,16372526,0.2474
2025-07,Customer 29,West Indonesia,General Trade,Distributor,SKU 01,Beverage,1187,23632,17131,23471,0%,N,28051184,20334497,7716687,0.2751
2025-07,Customer 29,West Indonesia,Online,Distributor,SKU 16,Frozen,593,49936,34067,46665,0%,N,29612048,20201731,9410317,0.3178
2025-07,Customer 29,West Indonesia,General Trade,Distributor,SKU 09,Dairy,741,24017,17218,23714,0%,N,17796597,12758538,5038059,0.2831
2025-07,Customer 29,West Indonesia,Modern Trade,Distributor,SKU 20,Personal Care,800,14613,9684,14316,0%,Y,11690400,7747200,3943200,0.3373
2025-07,Customer 29,West Indonesia,Modern Trade,Distributor,SKU 04,Beverage,63,18108,11375,19367,8%,Y,1140804,716625,424179,0.3718
2025-07,Customer 29,West Indonesia,General Trade,Distributor,SKU 18,Personal Care,491,26250,16094,28788,0%,N,12888750,7902154,4986596,0.3869
2025-07,Customer 29,West Indonesia,General Trade,Distributor,SKU 17,Personal Care,409,26176,17768,28663,0%,N,10705984,7267112,3438872,0.3212
2025-07,Customer 30,West Indonesia,Modern Trade,Retailer,SKU 04,Beverage,71,18364,14181,18574,5%,N,1303844,1006851,296993,0.2278
2025-07,Customer 30,West Indonesia,General Trade,Retailer,SKU 01,Beverage,1192,24219,15232,24205,3%,Y,28869048,18156544,10712504,0.3711
2025-07,Customer 30,West Indonesia,General Trade,Retailer,SKU 11,Dairy,772,10065,6781,9437,0%,N,7770180,5234932,2535248,0.3263
2025-07,Customer 30,West Indonesia,General Trade,Retailer,SKU 06,Snack,1267,24877,16407,24151,0%,N,31519159,20787669,10731490,0.3405
2025-07,Customer 30,West Indonesia,General Trade,Retailer,SKU 05,Snack,1309,15372,9508,15179,3%,N,20121948,12445972,7675976,0.3815
2025-07,Customer 30,West Indonesia,Modern Trade,Retailer,SKU 03,Beverage,1094,48803,32339,50097,0%,Y,53390482,35378866,18011616,0.3374
2025-07,Customer 30,West Indonesia,General Trade,Retailer,SKU 12,Dairy,520,9022,6288,9809,0%,Y,4691440,3269760,1421680,0.303
2025-07,Customer 30,West Indonesia,General Trade,Retailer,SKU 14,Frozen,919,14006,9352,15326,0%,N,12871514,8594488,4277026,0.3323
2025-07,Customer 30,West Indonesia,Online,Retailer,SKU 15,Frozen,777,44996,28792,49412,5%,N,34961892,22371384,12590508,0.3601
2025-08,Customer 01,East Indonesia,Modern Trade,Retailer,SKU 12,Dairy,244,8232,6174,8895,5%,N,2008608,1506456,502152,0.25
2025-08,Customer 01,East Indonesia,General Trade,Retailer,SKU 04,Beverage,769,19425,14830,20221,0%,Y,14937825,11404270,3533555,0.2366
2025-08,Customer 01,East Indonesia,Modern Trade,Retailer,SKU 09,Dairy,61,22790,14876,23750,8%,N,1390190,907436,482754,0.3473
2025-08,Customer 01,East Indonesia,General Trade,Retailer,SKU 05,Snack,910,15283,12093,14283,0%,N,13907530,11004630,2902900,0.2087
2025-08,Customer 01,East Indonesia,Online,Retailer,SKU 01,Beverage,1215,23080,15405,20990,0%,N,28042200,18717075,9325125,0.3325
2025-08,Customer 01,East Indonesia,General Trade,Retailer,SKU 16,Frozen,930,44155,27767,42128,8%,N,41064150,25823310,15240840,0.3711
2025-08,Customer 01,East Indonesia,Modern Trade,Retailer,SKU 08,Snack,513,30471,22196,31929,8%,N,15631623,11386548,4245075,0.2716
2025-08,Customer 01,East Indonesia,Online,Retailer,SKU 20,Personal Care,395,13983,10859,14779,0%,N,5523285,4289305,1233980,0.2234
2025-08,Customer 01,East Indonesia,General Trade,Retailer,SKU 11,Dairy,849,9472,5886,9165,5%,N,8041728,4997214,3044514,0.3786
2025-08,Customer 01,East Indonesia,Modern Trade,Retailer,SKU 07,Snack,897,46105,32125,49979,3%,N,41356185,28816125,12540060,0.3032
2025-08,Customer 01,East Indonesia,Online,Retailer,SKU 10,Dairy,1057,47221,39061,45040,0%,N,49912597,41287477,8625120,0.1728
2025-08,Customer 01,East Indonesia,General Trade,Retailer,SKU 02,Beverage,632,8501,6622,8260,0%,Y,5372632,4185104,1187528,0.221
2025-08,Customer 01,East Indonesia,Modern Trade,Retailer,SKU 06,Snack,1038,24196,15789,23608,0%,N,25115448,16388982,8726466,0.3475
2025-08,Customer 01,East Indonesia,Online,Retailer,SKU 13,Frozen,506,10372,7576,10587,0%,N,5248232,3833456,1414776,0.2696
2025-08,Customer 01,East Indonesia,Modern Trade,Retailer,SKU 03,Beverage,1322,48173,39468,48193,0%,N,63684706,52176696,11508010,0.1807
2025-08,Customer 02,West Indonesia,General Trade,Key Account,SKU 13,Frozen,817,10046,6415,10548,5%,N,8207582,5241055,2966527,0.3614
2025-08,Customer 02,West Indonesia,General Trade,Key Account,SKU 19,Personal Care,515,39015,27562,36960,3%,N,20092725,14194430,5898295,0.2936
2025-08,Customer 02,West Indonesia,Modern Trade,Key Account,SKU 20,Personal Care,111,15194,9336,14156,0%,N,1686534,1036296,650238,0.3855
2025-08,Customer 02,West Indonesia,General Trade,Key Account,SKU 01,Beverage,1167,25687,20195,24212,0%,Y,29976729,23567565,6409164,0.2138
2025-08,Customer 02,West Indonesia,General Trade,Key Account,SKU 09,Dairy,216,24552,18604,23211,0%,N,5303232,4018464,1284768,0.2423
2025-08,Customer 02,West Indonesia,Modern Trade,Key Account,SKU 14,Frozen,545,13937,11483,13073,8%,Y,7595665,6258235,1337430,0.1761
2025-08,Customer 02,West Indonesia,Modern Trade,Key Account,SKU 15,Frozen,1293,49169,40120,45360,0%,N,63575517,51875160,11700357,0.184
2025-08,Customer 02,West Indonesia,General Trade,Key Account,SKU 17,Personal Care,241,26735,16792,26123,5%,Y,6443135,4046872,2396263,0.3719
2025-08,Customer 02,West Indonesia,General Trade,Key Account,SKU 11,Dairy,1017,9245,6948,8432,8%,N,9402165,7066116,2336049,0.2485
2025-08,Customer 02,West Indonesia,Online,Key Account,SKU 02,Beverage,1006,8561,5269,8242,0%,Y,8612366,5300614,3311752,0.3845
2025-08,Customer 02,West Indonesia,General Trade,Key Account,SKU 18,Personal Care,1203,25740,20371,25356,8%,N,30965220,24506313,6458907,0.2086
2025-08,Customer 02,West Indonesia,General Trade,Key Account,SKU 04,Beverage,659,20535,17316,19282,0%,N,13532565,11411244,2121321,0.1568
2025-08,Customer 02,West Indonesia,Modern Trade,Key Account,SKU 12,Dairy,973,8229,6891,8579,0%,N,8006817,6704943,1301874,0.1626
2025-08,Customer 02,West Indonesia,Modern Trade,Key Account,SKU 16,Frozen,195,48403,39708,46424,0%,N,9438585,7743060,1695525,0.1796
2025-08,Customer 03,East Indonesia,Modern Trade,Retailer,SKU 16,Frozen,1013,48182,35858,49118,0%,N,48808366,36324154,12484212,0.2558
2025-08,Customer 03,East Indonesia,Modern Trade,Retailer,SKU 10,Dairy,328,45582,30863,46733,5%,Y,14950896,10123064,4827832,0.3229
2025-08,Customer 03,East Indonesia,Online,Retailer,SKU 19,Personal Care,624,37135,29936,35650,3%,Y,23172240,18680064,4492176,0.1939
2025-08,Customer 03,East Indonesia,Modern Trade,Retailer,SKU 03,Beverage,658,46652,34848,46298,0%,Y,30697016,22929984,7767032,0.253
2025-08,Customer 03,East Indonesia,Modern Trade,Retailer,SKU 09,Dairy,433,23675,19577,25529,3%,N,10251275,8476841,1774434,0.1731
2025-08,Customer 03,East Indonesia,Online,Retailer,SKU 12,Dairy,584,8931,7462,9522,0%,Y,5215704,4357808,857896,0.1645
2025-08,Customer 03,East Indonesia,Online,Retailer,SKU 17,Personal Care,590,27226,19880,29860,5%,N,16063340,11729200,4334140,0.2698
2025-08,Customer 03,East Indonesia,General Trade,Retailer,SKU 11,Dairy,1143,10226,7814,9372,0%,N,11688318,8931402,2756916,0.2359
2025-08,Customer 03,East Indonesia,Modern Trade,Retailer,SKU 02,Beverage,315,8851,7266,8064,3%,N,2788065,2288790,499275,0.1791
2025-08,Customer 03,East Indonesia,Modern Trade,Retailer,SKU 20,Personal Care,265,13280,11220,13799,8%,N,3519200,2973300,545900,0.1551
2025-08,Customer 03,East Indonesia,General Trade,Retailer,SKU 06,Snack,453,26622,20463,25912,0%,N,12059766,9269739,2790027,0.2314
2025-08,Customer 03,East Indonesia,General Trade,Retailer,SKU 18,Personal Care,556,27608,18002,29037,8%,N,15350048,10009112,5340936,0.3479
2025-08,Customer 03,East Indonesia,Online,Retailer,SKU 07,Snack,1135,44357,28067,40126,0%,N,50345195,31856045,18489150,0.3672
2025-08,Customer 04,West Indonesia,General Trade,Distributor,SKU 06,Snack,1234,24983,15648,27246,0%,Y,30829022,19309632,11519390,0.3737
2025-08,Customer 04,West Indonesia,General Trade,Distributor,SKU 17,Personal Care,596,27209,20652,28564,5%,N,16216564,12308592,3907972,0.241
2025-08,Customer 04,West Indonesia,Modern Trade,Distributor,SKU 14,Frozen,1288,12655,8291,11998,5%,N,16299640,10678808,5620832,0.3448
2025-08,Customer 04,West Indonesia,General Trade,Distributor,SKU 19,Personal Care,329,35415,22861,36229,0%,Y,11651535,7521269,4130266,0.3545
2025-08,Customer 04,West Indonesia,General Trade,Distributor,SKU 04,Beverage,703,20511,14353,19221,0%,N,14419233,10090159,4329074,0.3002
2025-08,Customer 04,West Indonesia,General Trade,Distributor,SKU 01,Beverage,1048,24701,16842,26029,0%,N,25886648,17650416,8236232,0.3182
2025-08,Customer 04,West Indonesia,Online,Distributor,SKU 11,Dairy,66,10271,7764,10030,0%,Y,677886,512424,165462,0.2441
2025-08,Customer 04,West Indonesia,Modern Trade,Distributor,SKU 12,Dairy,989,9160,6882,9207,5%,N,9059240,6806298,2252942,0.2487
2025-08,Customer 04,West Indonesia,Modern Trade,Distributor,SKU 20,Personal Care,491,15357,10384,15966,3%,N,7540287,5098544,2441743,0.3238
2025-08,Customer 05,West Indonesia,Modern Trade,Distributor,SKU 04,Beverage,1164,20105,15387,19855,5%,Y,23402220,17910468,5491752,0.2347
2025-08,Customer 05,West Indonesia,Modern Trade,Distributor,SKU 08,Snack,1101,29175,23655,27600,3%,N,32121675,26044155,6077520,0.1892
2025-08,Customer 05,West Indonesia,Modern Trade,Distributor,SKU 01,Beverage,764,24704,19453,22723,5%,N,18873856,14862092,4011764,0.2126
2025-08,Customer 05,West Indonesia,Online,Distributor,SKU 18,Personal Care,149,29163,21277,28147,3%,Y,4345287,3170273,1175014,0.2704
2025-08,Customer 05,West Indonesia,Modern Trade,Distributor,SKU 16,Frozen,509,45702,30514,45887,5%,N,23262318,15531626,7730692,0.3323
2025-08,Customer 05,West Indonesia,Modern Trade,Distributor,SKU 03,Beverage,1235,47762,33060,48121,0%,N,58986070,40829100,18156970,0.3078
2025-08,Customer 05,West Indonesia,Modern Trade,Distributor,SKU 13,Frozen,1192,10438,7265,10138,5%,N,12442096,8659880,3782216,0.304
2025-08,Customer 05,West Indonesia,Modern Trade,Distributor,SKU 11,Dairy,517,9480,7148,9485,0%,N,4901160,3695516,1205644,0.246
2025-08,Customer 05,West Indonesia,Modern Trade,Distributor,SKU 07,Snack,232,44153,29700,43614,3%,N,10243496,6890400,3353096,0.3273
2025-08,Customer 05,West Indonesia,General Trade,Distributor,SKU 09,Dairy,732,25181,17304,22832,8%,N,18432492,12666528,5765964,0.3128
2025-08,Customer 05,West Indonesia,Modern Trade,Distributor,SKU 20,Personal Care,217,15353,12755,16041,3%,Y,3331601,2767835,563766,0.1692
2025-08,Customer 05,West Indonesia,Online,Distributor,SKU 10,Dairy,55,46307,27831,49356,3%,Y,2546885,1530705,1016180,0.399
2025-08,Customer 06,East Indonesia,General Trade,Distributor,SKU 19,Personal Care,1236,34499,23674,32926,0%,Y,42640764,29261064,13379700,0.3138
2025-08,Customer 06,East Indonesia,Modern Trade,Distributor,SKU 16,Frozen,447,47688,36765,47399,8%,N,21316536,16433955,4882581,0.2291
2025-08,Customer 06,East Indonesia,Modern Trade,Distributor,SKU 15,Frozen,451,42887,26177,40132,5%,N,19342037,11805827,7536210,0.3896
2025-08,Customer 06,East Indonesia,Modern Trade,Distributor,SKU 18,Personal Care,316,25753,17657,24579,0%,N,8137948,5579612,2558336,0.3144
2025-08,Customer 06,East Indonesia,General Trade,Distributor,SKU 01,Beverage,1089,22339,15731,22888,0%,N,24327171,17131059,7196112,0.2958
2025-08,Customer 06,East Indonesia,Modern Trade,Distributor,SKU 02,Beverage,1215,9501,7561,9612,0%,Y,11543715,9186615,2357100,0.2042
2025-08,Customer 06,East Indonesia,General Trade,Distributor,SKU 17,Personal Care,672,25228,16547,25772,3%,N,16953216,11119584,5833632,0.3441
2025-08,Customer 06,East Indonesia,General Trade,Distributor,SKU 03,Beverage,1279,43474,30018,42811,0%,N,55603246,38393022,17210224,0.3095
2025-08,Customer 06,East Indonesia,Online,Distributor,SKU 20,Personal Care,716,14615,10770,14720,0%,N,10464340,7711320,2753020,0.2631
2025-08,Customer 06,East Indonesia,General Trade,Distributor,SKU 12,Dairy,1209,9280,5785,8970,3%,N,11219520,6994065,4225455,0.3766
2025-08,Customer 06,East Indonesia,Modern Trade,Distributor,SKU 14,Frozen,1147,12877,10410,11726,0%,Y,14769919,11940270,2829649,0.1916
2025-08,Customer 06,East Indonesia,Modern Trade,Distributor,SKU 13,Frozen,500,10891,8712,10371,5%,N,5445500,4356000,1089500,0.2001
2025-08,Customer 07,Central Indonesia,Online,Distributor,SKU 13,Frozen,431,10198,6280,9419,5%,N,4395338,2706680,1688658,0.3842
2025-08,Customer 07,Central Indonesia,General Trade,Distributor,SKU 07,Snack,837,46560,28173,50548,5%,N,38970720,23580801,15389919,0.3949
2025-08,Customer 07,Central Indonesia,General Trade,Distributor,SKU 06,Snack,140,26069,19460,24507,5%,N,3649660,2724400,925260,0.2535
2025-08,Customer 07,Central Indonesia,Modern Trade,Distributor,SKU 14,Frozen,1034,13276,10744,12848,5%,N,13727384,11109296,2618088,0.1907
2025-08,Customer 07,Central Indonesia,Modern Trade,Distributor,SKU 11,Dairy,143,10233,8263,10826,0%,N,1463319,1181609,281710,0.1925
2025-08,Customer 07,Central Indonesia,Online,Distributor,SKU 19,Personal Care,635,39041,30211,35956,8%,Y,24791035,19183985,5607050,0.2262
2025-08,Customer 07,Central Indonesia,Modern Trade,Distributor,SKU 12,Dairy,393,9067,6903,8534,0%,N,3563331,2712879,850452,0.2387
2025-08,Customer 07,Central Indonesia,General Trade,Distributor,SKU 01,Beverage,1210,25677,19592,25214,8%,N,31069170,23706320,7362850,0.237
2025-08,Customer 07,Central Indonesia,Modern Trade,Distributor,SKU 05,Snack,546,15349,11557,16870,5%,N,8380554,6310122,2070432,0.2471
2025-08,Customer 08,West Indonesia,General Trade,Distributor,SKU 09,Dairy,55,22188,16585,23465,8%,Y,1220340,912175,308165,0.2525
2025-08,Customer 08,West Indonesia,General Trade,Distributor,SKU 20,Personal Care,1304,14354,8773,14093,0%,N,18717616,11439992,7277624,0.3888
2025-08,Customer 08,West Indonesia,Modern Trade,Distributor,SKU 07,Snack,1259,42311,26792,38465,5%,N,53269549,33731128,19538421,0.3668
2025-08,Customer 08,West Indonesia,Modern Trade,Distributor,SKU 10,Dairy,218,52275,37133,53200,3%,Y,11395950,8094994,3300956,0.2897
2025-08,Customer 08,West Indonesia,General Trade,Distributor,SKU 15,Frozen,750,43338,26143,47172,5%,N,32503500,19607250,12896250,0.3968
2025-08,Customer 08,West Indonesia,Online,Distributor,SKU 12,Dairy,935,8690,6212,8063,0%,N,8125150,5808220,2316930,0.2852
2025-08,Customer 08,West Indonesia,Modern Trade,Distributor,SKU 01,Beverage,756,23612,19391,23019,0%,N,17850672,14659596,3191076,0.1788
2025-08,Customer 08,West Indonesia,Modern Trade,Distributor,SKU 03,Beverage,717,46088,35505,43125,0%,N,33045096,25457085,7588011,0.2296
2025-08,Customer 08,West Indonesia,Modern Trade,Distributor,SKU 06,Snack,899,23788,19429,24413,3%,N,21385412,17466671,3918741,0.1832
2025-08,Customer 08,West Indonesia,General Trade,Distributor,SKU 17,Personal Care,185,24120,19475,23464,8%,N,4462200,3602875,859325,0.1926
2025-08,Customer 08,West Indonesia,General Trade,Distributor,SKU 16,Frozen,698,50274,33865,48478,3%,N,35091252,23637770,11453482,0.3264
2025-08,Customer 08,West Indonesia,General Trade,Distributor,SKU 19,Personal Care,1261,35376,23039,38442,0%,Y,44609136,29052179,15556957,0.3487
2025-08,Customer 08,West Indonesia,General Trade,Distributor,SKU 02,Beverage,1092,9496,7937,9846,3%,N,10369632,8667204,1702428,0.1642
2025-08,Customer 09,West Indonesia,Modern Trade,Retailer,SKU 07,Snack,750,46242,32073,48279,0%,N,34681500,24054750,10626750,0.3064
2025-08,Customer 09,West Indonesia,Online,Retailer,SKU 01,Beverage,749,24713,19481,23181,0%,Y,18510037,14591269,3918768,0.2117
2025-08,Customer 09,West Indonesia,General Trade,Retailer,SKU 15,Frozen,1042,48375,39666,49572,0%,N,50406750,41331972,9074778,0.18
2025-08,Customer 09,West Indonesia,General Trade,Retailer,SKU 16,Frozen,762,48296,31044,49225,0%,Y,36801552,23655528,13146024,0.3572
2025-08,Customer 09,West Indonesia,Modern Trade,Retailer,SKU 05,Snack,84,14047,8567,13768,0%,N,1179948,719628,460320,0.3901
2025-08,Customer 09,West Indonesia,General Trade,Retailer,SKU 03,Beverage,494,47343,35295,48593,0%,Y,23387442,17435730,5951712,0.2545
2025-08,Customer 09,West Indonesia,General Trade,Retailer,SKU 02,Beverage,255,9349,7905,9121,3%,N,2383995,2015775,368220,0.1545
2025-08,Customer 09,West Indonesia,Modern Trade,Retailer,SKU 08,Snack,1103,28942,18485,30633,3%,Y,31923026,20388955,11534071,0.3613
2025-08,Customer 09,West Indonesia,Modern Trade,Retailer,SKU 18,Personal Care,248,29907,23736,30092,3%,N,7416936,5886528,1530408,0.2063
2025-08,Customer 09,West Indonesia,Online,Retailer,SKU 06,Snack,336,24044,17682,23138,0%,N,8078784,5941152,2137632,0.2646
2025-08,Customer 10,Central Indonesia,General Trade,Distributor,SKU 01,Beverage,1006,23166,16990,21019,0%,N,23304996,17091940,6213056,0.2666
2025-08,Customer 10,Central Indonesia,General Trade,Distributor,SKU 17,Personal Care,765,26508,20615,28511,3%,N,20278620,15770475,4508145,0.2223
2025-08,Customer 10,Central Indonesia,Online,Distributor,SKU 18,Personal Care,793,27339,19621,27666,3%,N,21679827,15559453,6120374,0.2823
2025-08,Customer 10,Central Indonesia,Modern Trade,Distributor,SKU 11,Dairy,1098,9456,6456,8589,0%,N,10382688,7088688,3294000,0.3173
2025-08,Customer 10,Central Indonesia,General Trade,Distributor,SKU 12,Dairy,759,8189,5874,7960,8%,N,6215451,4458366,1757085,0.2827
2025-08,Customer 10,Central Indonesia,General Trade,Distributor,SKU 02,Beverage,448,8918,6412,8608,0%,Y,3995264,2872576,1122688,0.281
2025-08,Customer 10,Central Indonesia,Modern Trade,Distributor,SKU 09,Dairy,1296,25339,21493,25104,8%,N,32839344,27854928,4984416,0.1518
2025-08,Customer 10,Central Indonesia,Modern Trade,Distributor,SKU 08,Snack,1276,31906,22383,32196,0%,N,40712056,28560708,12151348,0.2985
2025-08,Customer 10,Central Indonesia,Online,Distributor,SKU 16,Frozen,1244,49308,32281,44899,3%,N,61339152,40157564,21181588,0.3453
2025-08,Customer 10,Central Indonesia,Modern Trade,Distributor,SKU 06,Snack,357,25564,18470,27672,0%,N,9126348,6593790,2532558,0.2775
2025-08,Customer 10,Central Indonesia,Modern Trade,Distributor,SKU 15,Frozen,436,48681,29247,49053,8%,Y,21224916,12751692,8473224,0.3992
2025-08,Customer 10,Central Indonesia,Modern Trade,Distributor,SKU 05,Snack,965,13922,11100,13100,0%,Y,13434730,10711500,2723230,0.2027
2025-08,Customer 10,Central Indonesia,Modern Trade,Distributor,SKU 07,Snack,413,46565,33515,46265,8%,N,19231345,13841695,5389650,0.2803
2025-08,Customer 10,Central Indonesia,General Trade,Distributor,SKU 19,Personal Care,166,38838,28267,37304,0%,N,6447108,4692322,1754786,0.2722
2025-08,Customer 11,East Indonesia,General Trade,Distributor,SKU 20,Personal Care,823,15442,12896,14579,0%,N,12708766,10613408,2095358,0.1649
2025-08,Customer 11,East Indonesia,Online,Distributor,SKU 15,Frozen,1182,46632,28455,50536,0%,N,55119024,33633810,21485214,0.3898
2025-08,Customer 11,East Indonesia,Modern Trade,Distributor,SKU 04,Beverage,688,19070,15866,20063,3%,N,13120160,10915808,2204352,0.168
2025-08,Customer 11,East Indonesia,Online,Distributor,SKU 07,Snack,663,42846,26667,46245,0%,N,28406898,17680221,10726677,0.3776
2025-08,Customer 11,East Indonesia,Modern Trade,Distributor,SKU 12,Dairy,856,8380,5620,7751,3%,N,7173280,4810720,2362560,0.3294
2025-08,Customer 11,East Indonesia,Modern Trade,Distributor,SKU 13,Frozen,487,10105,8437,9730,5%,N,4921135,4108819,812316,0.1651
2025-08,Customer 11,East Indonesia,Online,Distributor,SKU 06,Snack,908,23134,16010,20889,0%,N,21005672,14537080,6468592,0.3079
2025-08,Customer 11,East Indonesia,Modern Trade,Distributor,SKU 09,Dairy,1149,25302,19429,27417,0%,N,29071998,22323921,6748077,0.2321
2025-08,Customer 12,East Indonesia,General Trade,Retailer,SKU 20,Personal Care,315,14387,10842,15019,0%,N,4531905,3415230,1116675,0.2464
2025-08,Customer 12,East Indonesia,General Trade,Retailer,SKU 01,Beverage,61,22285,15953,20110,0%,N,1359385,973133,386252,0.2841
2025-08,Customer 12,East Indonesia,Modern Trade,Retailer,SKU 02,Beverage,1232,8205,5022,8416,3%,N,10108560,6187104,3921456,0.3879
2025-08,Customer 12,East Indonesia,General Trade,Retailer,SKU 05,Snack,984,15008,12141,13980,8%,Y,14767872,11946744,2821128,0.191
2025-08,Customer 12,East Indonesia,General Trade,Retailer,SKU 03,Beverage,1235,46633,39557,46795,3%,N,57591755,48852895,8738860,0.1517
2025-08,Customer 12,East Indonesia,Modern Trade,Retailer,SKU 04,Beverage,1015,18306,11965,20046,5%,N,18580590,12144475,6436115,0.3464
2025-08,Customer 12,East Indonesia,General Trade,Retailer,SKU 08,Snack,947,30728,20427,28544,0%,N,29099416,19344369,9755047,0.3352
2025-08,Customer 12,East Indonesia,Online,Retailer,SKU 19,Personal Care,169,38775,24717,38832,0%,N,6552975,4177173,2375802,0.3626
2025-08,Customer 12,East Indonesia,Modern Trade,Retailer,SKU 11,Dairy,1257,10117,6458,10879,8%,Y,12717069,8117706,4599363,0.3617
2025-08,Customer 12,East Indonesia,General Trade,Retailer,SKU 10,Dairy,177,48458,30787,49069,0%,N,8577066,5449299,3127767,0.3647
2025-08,Customer 12,East Indonesia,General Trade,Retailer,SKU 17,Personal Care,1099,26817,17036,29032,5%,Y,29471883,18722564,10749319,0.3647
2025-08,Customer 13,West Indonesia,Modern Trade,Retailer,SKU 08,Snack,1307,28580,23590,30876,0%,Y,37354060,30832130,6521930,0.1746
2025-08,Customer 13,West Indonesia,Modern Trade,Retailer,SKU 18,Personal Care,639,26243,19952,27951,0%,Y,16769277,12749328,4019949,0.2397
2025-08,Customer 13,West Indonesia,Modern Trade,Retailer,SKU 09,Dairy,878,24510,18904,26685,3%,N,21519780,16597712,4922068,0.2287
2025-08,Customer 13,West Indonesia,Online,Retailer,SKU 13,Frozen,680,9660,7954,8900,5%,N,6568800,5408720,1160080,0.1766
2025-08,Customer 13,West Indonesia,General Trade,Retailer,SKU 03,Beverage,813,47560,32210,44871,0%,Y,38666280,26186730,12479550,0.3228
2025-08,Customer 13,West Indonesia,Online,Retailer,SKU 11,Dairy,299,9935,6241,9896,5%,N,2970565,1866059,1104506,0.3718
2025-08,Customer 13,West Indonesia,General Trade,Retailer,SKU 16,Frozen,1177,50962,41655,49804,8%,N,59982274,49027935,10954339,0.1826
2025-08,Customer 13,West Indonesia,Modern Trade,Retailer,SKU 12,Dairy,828,8145,6756,8341,5%,N,6744060,5593968,1150092,0.1705
2025-08,Customer 13,West Indonesia,Modern Trade,Retailer,SKU 07,Snack,959,44716,37722,42593,8%,Y,42882644,36175398,6707246,0.1564
2025-08,Customer 13,West Indonesia,General Trade,Retailer,SKU 19,Personal Care,1028,37271,27768,36166,3%,N,38314588,28545504,9769084,0.255
2025-08,Customer 13,West Indonesia,Modern Trade,Retailer,SKU 04,Beverage,720,17778,14601,18359,3%,N,12800160,10512720,2287440,0.1787
2025-08,Customer 13,West Indonesia,Modern Trade,Retailer,SKU 15,Frozen,1277,46955,28890,50834,0%,N,59961535,36892530,23069005,0.3847
2025-08,Customer 13,West Indonesia,Online,Retailer,SKU 06,Snack,494,23150,19643,22992,3%,N,11436100,9703642,1732458,0.1515
2025-08,Customer 13,West Indonesia,General Trade,Retailer,SKU 01,Beverage,952,22010,13847,23135,0%,N,20953520,13182344,7771176,0.3709
2025-08,Customer 13,West Indonesia,Modern Trade,Retailer,SKU 20,Personal Care,627,14713,11353,14473,0%,N,9225051,7118331,2106720,0.2284
2025-08,Customer 14,West Indonesia,Modern Trade,Retailer,SKU 02,Beverage,945,9165,6208,9139,0%,N,8660925,5866560,2794365,0.3226
2025-08,Customer 14,West Indonesia,Online,Retailer,SKU 01,Beverage,905,22699,17809,20491,3%,N,20542595,16117145,4425450,0.2154
2025-08,Customer 14,West Indonesia,Modern Trade,Retailer,SKU 03,Beverage,1093,46012,37310,48829,5%,Y,50291116,40779830,9511286,0.1891
2025-08,Customer 14,West Indonesia,General Trade,Retailer,SKU 06,Snack,1216,23422,17419,24297,5%,N,28481152,21181504,7299648,0.2563
2025-08,Customer 14,West Indonesia,General Trade,Retailer,SKU 08,Snack,263,29951,20460,27217,0%,Y,7877113,5380980,2496133,0.3169
2025-08,Customer 14,West Indonesia,General Trade,Retailer,SKU 07,Snack,530,45448,33660,49963,0%,Y,24087440,17839800,6247640,0.2594
2025-08,Customer 14,West Indonesia,General Trade,Retailer,SKU 15,Frozen,401,43740,30426,42720,0%,Y,17539740,12200826,5338914,0.3044
2025-08,Customer 14,West Indonesia,Online,Retailer,SKU 12,Dairy,207,9282,6929,9420,0%,Y,1921374,1434303,487071,0.2535
2025-08,Customer 14,West Indonesia,Online,Retailer,SKU 13,Frozen,1122,11154,7533,11165,3%,N,12514788,8452026,4062762,0.3246
2025-08,Customer 14,West Indonesia,Modern Trade,Retailer,SKU 14,Frozen,826,14034,8644,13490,0%,Y,11592084,7139944,4452140,0.3841
2025-08,Customer 14,West Indonesia,General Trade,Retailer,SKU 17,Personal Care,450,27540,22458,26294,3%,N,12393000,10106100,2286900,0.1845
2025-08,Customer 14,West Indonesia,General Trade,Retailer,SKU 04,Beverage,272,18328,14991,19144,0%,Y,4985216,4077552,907664,0.1821
2025-08,Customer 15,West Indonesia,General Trade,Distributor,SKU 11,Dairy,57,10397,7424,10299,5%,N,592629,423168,169461,0.2859
2025-08,Customer 15,West Indonesia,General Trade,Distributor,SKU 19,Personal Care,1183,35228,29537,32619,3%,Y,41674724,34942271,6732453,0.1615
2025-08,Customer 15,West Indonesia,General Trade,Distributor,SKU 10,Dairy,393,45904,36038,47973,3%,N,18040272,14162934,3877338,0.2149
2025-08,Customer 15,West Indonesia,General Trade,Distributor,SKU 08,Snack,851,28726,18476,30440,0%,N,24445826,15723076,8722750,0.3568
2025-08,Customer 15,West Indonesia,Online,Distributor,SKU 05,Snack,468,14262,11940,13351,0%,Y,6674616,5587920,1086696,0.1628
2025-08,Customer 15,West Indonesia,General Trade,Distributor,SKU 18,Personal Care,551,27049,20125,27130,8%,Y,14903999,11088875,3815124,0.256
2025-08,Customer 15,West Indonesia,Online,Distributor,SKU 16,Frozen,546,45483,33101,42065,8%,N,24833718,18073146,6760572,0.2722
2025-08,Customer 15,West Indonesia,Modern Trade,Distributor,SKU 04,Beverage,190,19722,14322,20715,0%,N,3747180,2721180,1026000,0.2738
2025-08,Customer 15,West Indonesia,General Trade,Distributor,SKU 14,Frozen,912,12645,9590,13029,0%,Y,11532240,8746080,2786160,0.2416
2025-08,Customer 15,West Indonesia,Modern Trade,Distributor,SKU 12,Dairy,619,8441,6752,7614,5%,N,5224979,4179488,1045491,0.2001
2025-08,Customer 16,West Indonesia,General Trade,Key Account,SKU 04,Beverage,1250,20204,12633,18669,8%,Y,25255000,15791250,9463750,0.3747
2025-08,Customer 16,West Indonesia,General Trade,Key Account,SKU 02,Beverage,855,9391,7957,9603,0%,N,8029305,6803235,1226070,0.1527
2025-08,Customer 16,West Indonesia,Online,Key Account,SKU 19,Personal Care,625,34963,25344,33868,3%,N,21851875,15840000,6011875,0.2751
2025-08,Customer 16,West Indonesia,Online,Key Account,SKU 05,Snack,768,14716,10782,15902,8%,N,11301888,8280576,3021312,0.2673
2025-08,Customer 16,West Indonesia,Modern Trade,Key Account,SKU 07,Snack,793,46097,29829,49874,0%,Y,36554921,23654397,12900524,0.3529
2025-08,Customer 16,West Indonesia,General Trade,Key Account,SKU 13,Frozen,408,9635,5911,9039,3%,N,3931080,2411688,1519392,0.3865
2025-08,Customer 16,West Indonesia,General Trade,Key Account,SKU 10,Dairy,1229,48720,40221,44449,3%,Y,59876880,49431609,10445271,0.1744
2025-08,Customer 16,West Indonesia,General Trade,Key Account,SKU 06,Snack,636,24147,15983,24640,0%,N,15357492,10165188,5192304,0.3381
2025-08,Customer 16,West Indonesia,Online,Key Account,SKU 08,Snack,693,28915,18844,26131,0%,N,20038095,13058892,6979203,0.3483
2025-08,Customer 16,West Indonesia,Online,Key Account,SKU 17,Personal Care,386,27153,20841,25353,0%,Y,10481058,8044626,2436432,0.2325
2025-08,Customer 16,West Indonesia,Modern Trade,Key Account,SKU 20,Personal Care,243,15179,9366,15349,0%,N,3688497,2275938,1412559,0.383
2025-08,Customer 16,West Indonesia,Modern Trade,Key Account,SKU 11,Dairy,438,9911,8234,10409,3%,Y,4341018,3606492,734526,0.1692
2025-08,Customer 17,West Indonesia,Online,Retailer,SKU 15,Frozen,302,49338,32643,51200,3%,N,14900076,9858186,5041890,0.3384
2025-08,Customer 17,West Indonesia,Modern Trade,Retailer,SKU 17,Personal Care,1032,24941,20581,26102,0%,N,25739112,21239592,4499520,0.1748
2025-08,Customer 17,West Indonesia,Modern Trade,Retailer,SKU 08,Snack,198,29364,18643,30783,0%,Y,5814072,3691314,2122758,0.3651
2025-08,Customer 17,West Indonesia,Modern Trade,Retailer,SKU 04,Beverage,1085,19237,14463,20308,0%,N,20872145,15692355,5179790,0.2482
2025-08,Customer 17,West Indonesia,General Trade,Retailer,SKU 11,Dairy,885,9088,7428,9723,3%,N,8042880,6573780,1469100,0.1827
2025-08,Customer 17,West Indonesia,General Trade,Retailer,SKU 16,Frozen,374,45433,33444,43713,0%,Y,16991942,12508056,4483886,0.2639
2025-08,Customer 17,West Indonesia,Modern Trade,Retailer,SKU 07,Snack,559,45326,32820,48994,5%,Y,25337234,18346380,6990854,0.2759
2025-08,Customer 17,West Indonesia,Modern Trade,Retailer,SKU 14,Frozen,225,13085,9609,12448,3%,Y,2944125,2162025,782100,0.2656
2025-08,Customer 17,West Indonesia,General Trade,Retailer,SKU 01,Beverage,855,22400,16999,23504,3%,N,19152000,14534145,4617855,0.2411
2025-08,Customer 17,West Indonesia,Modern Trade,Retailer,SKU 12,Dairy,1055,8765,7121,8195,0%,N,9247075,7512655,1734420,0.1876
2025-08,Customer 17,West Indonesia,Modern Trade,Retailer,SKU 10,Dairy,210,48517,29411,49959,3%,N,10188570,6176310,4012260,0.3938
2025-08,Customer 17,West Indonesia,Modern Trade,Retailer,SKU 05,Snack,426,15363,12526,15588,8%,Y,6544638,5336076,1208562,0.1847
2025-08,Customer 18,Central Indonesia,Modern Trade,Distributor,SKU 13,Frozen,1229,9630,6775,9049,3%,N,11835270,8326475,3508795,0.2965
2025-08,Customer 18,Central Indonesia,General Trade,Distributor,SKU 12,Dairy,876,9308,7193,9057,5%,Y,8153808,6301068,1852740,0.2272
2025-08,Customer 18,Central Indonesia,Online,Distributor,SKU 01,Beverage,624,22253,14150,20513,8%,Y,13885872,8829600,5056272,0.3641
2025-08,Customer 18,Central Indonesia,Modern Trade,Distributor,SKU 18,Personal Care,434,25687,21686,23685,0%,N,11148158,9411724,1736434,0.1558
2025-08,Customer 18,Central Indonesia,General Trade,Distributor,SKU 20,Personal Care,208,13723,10440,14541,0%,N,2854384,2171520,682864,0.2392
2025-08,Customer 18,Central Indonesia,Online,Distributor,SKU 14,Frozen,1290,14202,8913,14327,0%,Y,18320580,11497770,6822810,0.3724
2025-08,Customer 18,Central Indonesia,Modern Trade,Distributor,SKU 07,Snack,681,45112,36766,48810,3%,N,30721272,25037646,5683626,0.185
2025-08,Customer 18,Central Indonesia,Modern Trade,Distributor,SKU 03,Beverage,98,47451,35120,48104,0%,N,4650198,3441760,1208438,0.2599
2025-08,Customer 18,Central Indonesia,General Trade,Distributor,SKU 06,Snack,879,26442,16489,24961,8%,N,23242518,14493831,8748687,0.3764
2025-08,Customer 18,Central Indonesia,General Trade,Distributor,SKU 02,Beverage,393,8314,5276,8492,0%,N,3267402,2073468,1193934,0.3654
2025-08,Customer 18,Central Indonesia,Modern Trade,Distributor,SKU 09,Dairy,633,23254,18072,23007,0%,N,14719782,11439576,3280206,0.2228
2025-08,Customer 19,East Indonesia,General Trade,Retailer,SKU 17,Personal Care,1187,26014,19211,28071,8%,N,30878618,22803457,8075161,0.2615
2025-08,Customer 19,East Indonesia,Online,Retailer,SKU 07,Snack,596,47163,39574,49309,0%,Y,28109148,23586104,4523044,0.1609
2025-08,Customer 19,East Indonesia,Modern Trade,Retailer,SKU 13,Frozen,596,10415,8370,10201,8%,N,6207340,4988520,1218820,0.1964
2025-08,Customer 19,East Indonesia,Modern Trade,Retailer,SKU 10,Dairy,404,50743,34181,45791,8%,N,20500172,13809124,6691048,0.3264
2025-08,Customer 19,East Indonesia,General Trade,Retailer,SKU 05,Snack,842,14314,9134,14787,0%,N,12052388,7690828,4361560,0.3619
2025-08,Customer 19,East Indonesia,General Trade,Retailer,SKU 11,Dairy,225,10194,8328,11035,3%,N,2293650,1873800,419850,0.183
2025-08,Customer 19,East Indonesia,Online,Retailer,SKU 20,Personal Care,366,14671,11150,13728,0%,N,5369586,4080900,1288686,0.24
2025-08,Customer 19,East Indonesia,Modern Trade,Retailer,SKU 03,Beverage,402,49630,37188,49601,8%,N,19951260,14949576,5001684,0.2507
2025-08,Customer 19,East Indonesia,General Trade,Retailer,SKU 06,Snack,1118,23473,17697,23201,3%,N,26242814,19785246,6457568,0.2461
2025-08,Customer 19,East Indonesia,General Trade,Retailer,SKU 18,Personal Care,644,27210,22340,25606,5%,N,17523240,14386960,3136280,0.179
2025-08,Customer 19,East Indonesia,General Trade,Retailer,SKU 12,Dairy,1297,8546,5470,7792,8%,N,11084162,7094590,3989572,0.3599
2025-08,Customer 19,East Indonesia,General Trade,Retailer,SKU 02,Beverage,872,8453,5832,8629,3%,N,7371016,5085504,2285512,0.3101
2025-08,Customer 20,Central Indonesia,Modern Trade,Key Account,SKU 16,Frozen,1099,49004,32889,46058,0%,N,53855396,36145011,17710385,0.3289
2025-08,Customer 20,Central Indonesia,Modern Trade,Key Account,SKU 03,Beverage,200,48042,29046,46744,3%,Y,9608400,5809200,3799200,0.3954
2025-08,Customer 20,Central Indonesia,Modern Trade,Key Account,SKU 05,Snack,367,15086,11922,15037,3%,N,5536562,4375374,1161188,0.2097
2025-08,Customer 20,Central Indonesia,Modern Trade,Key Account,SKU 15,Frozen,502,45038,36545,47578,0%,N,22609076,18345590,4263486,0.1886
2025-08,Customer 20,Central Indonesia,Modern Trade,Key Account,SKU 06,Snack,1173,25737,21469,26874,3%,N,30189501,25183137,5006364,0.1658
2025-08,Customer 20,Central Indonesia,Online,Key Account,SKU 11,Dairy,523,9694,7378,10096,5%,Y,5069962,3858694,1211268,0.2389
2025-08,Customer 20,Central Indonesia,General Trade,Key Account,SKU 02,Beverage,450,8820,7429,8748,3%,N,3969000,3343050,625950,0.1577
2025-08,Customer 20,Central Indonesia,Modern Trade,Key Account,SKU 10,Dairy,866,50589,35392,49992,5%,N,43810074,30649472,13160602,0.3004
2025-08,Customer 20,Central Indonesia,Modern Trade,Key Account,SKU 19,Personal Care,626,39534,26603,36397,0%,N,24748284,16653478,8094806,0.3271
2025-08,Customer 20,Central Indonesia,Modern Trade,Key Account,SKU 09,Dairy,1059,22853,15813,24404,0%,N,24201327,16745967,7455360,0.3081
2025-08,Customer 20,Central Indonesia,General Trade,Key Account,SKU 12,Dairy,1257,9407,6566,9134,8%,N,11824599,8253462,3571137,0.302
2025-08,Customer 21,West Indonesia,General Trade,Key Account,SKU 18,Personal Care,939,29975,25069,30323,0%,N,28146525,23539791,4606734,0.1637
2025-08,Customer 21,West Indonesia,Modern Trade,Key Account,SKU 17,Personal Care,1265,23987,18990,23843,0%,Y,30343555,24022350,6321205,0.2083
2025-08,Customer 21,West Indonesia,Modern Trade,Key Account,SKU 02,Beverage,966,9465,7340,9651,0%,N,9143190,7090440,2052750,0.2245
2025-08,Customer 21,West Indonesia,General Trade,Key Account,SKU 13,Frozen,235,10160,7716,10950,5%,Y,2387600,1813260,574340,0.2406
2025-08,Customer 21,West Indonesia,Modern Trade,Key Account,SKU 10,Dairy,1102,46947,32073,47960,0%,N,51735594,35344446,16391148,0.3168
2025-08,Customer 21,West Indonesia,Modern Trade,Key Account,SKU 07,Snack,1285,48799,40801,51681,0%,N,62706715,52429285,10277430,0.1639
2025-08,Customer 21,West Indonesia,Modern Trade,Key Account,SKU 08,Snack,945,28687,24306,28206,5%,N,27109215,22969170,4140045,0.1527
2025-08,Customer 21,West Indonesia,General Trade,Key Account,SKU 09,Dairy,828,23495,19968,25726,0%,N,19453860,16533504,2920356,0.1501
2025-08,Customer 21,West Indonesia,General Trade,Key Account,SKU 11,Dairy,1003,9667,6807,9599,5%,N,9696001,6827421,2868580,0.2959
2025-08,Customer 21,West Indonesia,Modern Trade,Key Account,SKU 16,Frozen,1157,44198,29597,48039,0%,N,51137086,34243729,16893357,0.3304
2025-08,Customer 21,West Indonesia,Online,Key Account,SKU 05,Snack,705,13816,10854,12819,0%,N,9740280,7652070,2088210,0.2144
2025-08,Customer 21,West Indonesia,General Trade,Key Account,SKU 03,Beverage,318,42627,27957,46073,8%,Y,13555386,8890326,4665060,0.3441
2025-08,Customer 21,West Indonesia,General Trade,Key Account,SKU 15,Frozen,823,45886,28860,42970,3%,N,37764178,23751780,14012398,0.371
2025-08,Customer 22,West Indonesia,Online,Distributor,SKU 02,Beverage,1326,8235,6966,8498,0%,N,10919610,9236916,1682694,0.1541
2025-08,Customer 22,West Indonesia,General Trade,Distributor,SKU 10,Dairy,549,45962,28581,43346,0%,N,25233138,15690969,9542169,0.3782
2025-08,Customer 22,West Indonesia,Modern Trade,Distributor,SKU 13,Frozen,458,11184,7299,10606,8%,N,5122272,3342942,1779330,0.3474
2025-08,Customer 22,West Indonesia,Modern Trade,Distributor,SKU 19,Personal Care,309,35187,24986,31996,0%,N,10872783,7720674,3152109,0.2899
2025-08,Customer 22,West Indonesia,Online,Distributor,SKU 09,Dairy,1218,24211,19638,26357,8%,Y,29488998,23919084,5569914,0.1889
2025-08,Customer 22,West Indonesia,General Trade,Distributor,SKU 05,Snack,646,13235,10927,12655,5%,N,8549810,7058842,1490968,0.1744
2025-08,Customer 22,West Indonesia,General Trade,Distributor,SKU 20,Personal Care,214,15011,9794,13777,5%,N,3212354,2095916,1116438,0.3475
2025-08,Customer 22,West Indonesia,General Trade,Distributor,SKU 08,Snack,639,28610,19132,27865,0%,Y,18281790,12225348,6056442,0.3313
2025-08,Customer 22,West Indonesia,Online,Distributor,SKU 11,Dairy,313,9940,7359,10158,3%,N,3111220,2303367,807853,0.2597
2025-08,Customer 22,West Indonesia,General Trade,Distributor,SKU 06,Snack,172,26494,20411,29066,0%,Y,4556968,3510692,1046276,0.2296
2025-08,Customer 22,West Indonesia,Modern Trade,Distributor,SKU 15,Frozen,936,45246,35800,48771,3%,N,42350256,33508800,8841456,0.2088
2025-08,Customer 22,West Indonesia,Modern Trade,Distributor,SKU 17,Personal Care,760,23684,18363,21917,0%,Y,17999840,13955880,4043960,0.2247
2025-08,Customer 22,West Indonesia,Online,Distributor,SKU 07,Snack,480,43027,28463,39888,0%,Y,20652960,13662240,6990720,0.3385
2025-08,Customer 23,West Indonesia,Online,Retailer,SKU 10,Dairy,1031,48838,34852,44804,5%,N,50351978,35932412,14419566,0.2864
2025-08,Customer 23,West Indonesia,Online,Retailer,SKU 16,Frozen,1038,46830,33952,46440,0%,N,48609540,35242176,13367364,0.275
2025-08,Customer 23,West Indonesia,General Trade,Retailer,SKU 06,Snack,666,24583,18775,22156,0%,N,16372278,12504150,3868128,0.2363
2025-08,Customer 23,West Indonesia,Modern Trade,Retailer,SKU 17,Personal Care,459,24634,19365,24564,0%,N,11307006,8888535,2418471,0.2139
2025-08,Customer 23,West Indonesia,Modern Trade,Retailer,SKU 04,Beverage,136,19426,13476,20744,5%,N,2641936,1832736,809200,0.3063
2025-08,Customer 23,West Indonesia,General Trade,Retailer,SKU 09,Dairy,691,25890,21634,26002,0%,Y,17889990,14949094,2940896,0.1644
2025-08,Customer 23,West Indonesia,Online,Retailer,SKU 02,Beverage,1106,8252,6139,9034,5%,Y,9126712,6789734,2336978,0.2561
2025-08,Customer 23,West Indonesia,General Trade,Retailer,SKU 15,Frozen,527,44856,34299,42414,0%,N,23639112,18075573,5563539,0.2354
2025-08,Customer 23,West Indonesia,General Trade,Retailer,SKU 03,Beverage,548,43868,34209,43371,0%,N,24039664,18746532,5293132,0.2202
2025-08,Customer 23,West Indonesia,Modern Trade,Retailer,SKU 20,Personal Care,560,14303,9934,14835,0%,N,8009680,5563040,2446640,0.3055
2025-08,Customer 23,West Indonesia,Modern Trade,Retailer,SKU 13,Frozen,1061,11024,9151,10591,0%,N,11696464,9709211,1987253,0.1699
2025-08,Customer 23,West Indonesia,Modern Trade,Retailer,SKU 08,Snack,609,27863,19355,29876,8%,N,16968567,11787195,5181372,0.3054
2025-08,Customer 23,West Indonesia,Modern Trade,Retailer,SKU 07,Snack,115,46039,33692,43679,0%,N,5294485,3874580,1419905,0.2682
2025-08,Customer 23,West Indonesia,Online,Retailer,SKU 18,Personal Care,1125,26261,18866,28880,8%,N,29543625,21224250,8319375,0.2816
2025-08,Customer 24,East Indonesia,Online,Retailer,SKU 16,Frozen,452,44707,30977,44191,8%,N,20207564,14001604,6205960,0.3071
2025-08,Customer 24,East Indonesia,Modern Trade,Retailer,SKU 01,Beverage,732,25373,18365,26971,5%,N,18573036,13443180,5129856,0.2762
2025-08,Customer 24,East Indonesia,General Trade,Retailer,SKU 02,Beverage,846,9503,7550,8707,8%,N,8039538,6387300,1652238,0.2055
2025-08,Customer 24,East Indonesia,Modern Trade,Retailer,SKU 07,Snack,1041,47652,29631,46467,0%,N,49605732,30845871,18759861,0.3782
2025-08,Customer 24,East Indonesia,Modern Trade,Retailer,SKU 08,Snack,306,29530,18633,30840,0%,N,9036180,5701698,3334482,0.369
2025-08,Customer 24,East Indonesia,Modern Trade,Retailer,SKU 14,Frozen,227,14014,11812,13428,5%,N,3181178,2681324,499854,0.1571
2025-08,Customer 24,East Indonesia,Online,Retailer,SKU 05,Snack,558,14561,11345,13585,0%,N,8125038,6330510,1794528,0.2209
2025-08,Customer 24,East Indonesia,Modern Trade,Retailer,SKU 06,Snack,176,24796,19204,22941,0%,N,4364096,3379904,984192,0.2255
2025-08,Customer 24,East Indonesia,General Trade,Retailer,SKU 12,Dairy,1228,8499,5692,9200,0%,N,10436772,6989776,3446996,0.3303
2025-08,Customer 24,East Indonesia,General Trade,Retailer,SKU 11,Dairy,575,9258,5679,9519,0%,N,5323350,3265425,2057925,0.3866
2025-08,Customer 24,East Indonesia,Online,Retailer,SKU 19,Personal Care,1125,35687,28444,34591,3%,N,40147875,31999500,8148375,0.203
2025-08,Customer 24,East Indonesia,Modern Trade,Retailer,SKU 17,Personal Care,885,25039,17573,27153,0%,N,22159515,15552105,6607410,0.2982
2025-08,Customer 24,East Indonesia,Modern Trade,Retailer,SKU 18,Personal Care,1196,25900,18062,24501,0%,N,30976400,21602152,9374248,0.3026
2025-08,Customer 25,West Indonesia,General Trade,Distributor,SKU 02,Beverage,522,9489,5832,9918,0%,N,4953258,3044304,1908954,0.3854
2025-08,Customer 25,West Indonesia,General Trade,Distributor,SKU 11,Dairy,644,9358,6474,9953,5%,Y,6026552,4169256,1857296,0.3082
2025-08,Customer 25,West Indonesia,Modern Trade,Distributor,SKU 01,Beverage,823,22338,15731,20922,0%,N,18384174,12946613,5437561,0.2958
2025-08,Customer 25,West Indonesia,General Trade,Distributor,SKU 14,Frozen,214,12603,8203,12028,0%,N,2697042,1755442,941600,0.3491
2025-08,Customer 25,West Indonesia,Modern Trade,Distributor,SKU 19,Personal Care,1260,37920,30196,38547,5%,N,47779200,38046960,9732240,0.2037
2025-08,Customer 25,West Indonesia,Modern Trade,Distributor,SKU 20,Personal Care,161,14069,9931,15474,0%,N,2265109,1598891,666218,0.2941
2025-08,Customer 25,West Indonesia,Modern Trade,Distributor,SKU 07,Snack,282,41939,28189,42226,8%,N,11826798,7949298,3877500,0.3279
2025-08,Customer 25,West Indonesia,General Trade,Distributor,SKU 04,Beverage,925,17788,13789,18324,0%,N,16453900,12754825,3699075,0.2248
2025-08,Customer 25,West Indonesia,Modern Trade,Distributor,SKU 18,Personal Care,1315,29472,22957,31192,0%,N,38755680,30188455,8567225,0.2211
2025-08,Customer 25,West Indonesia,General Trade,Distributor,SKU 09,Dairy,843,24718,17354,24301,0%,N,20837274,14629422,6207852,0.2979
2025-08,Customer 25,West Indonesia,General Trade,Distributor,SKU 16,Frozen,482,47699,38317,50121,0%,N,22990918,18468794,4522124,0.1967
2025-08,Customer 26,Central Indonesia,Online,Distributor,SKU 20,Personal Care,766,15182,9243,15631,3%,N,11629412,7080138,4549274,0.3912
2025-08,Customer 26,Central Indonesia,Modern Trade,Distributor,SKU 16,Frozen,991,50708,38313,49852,5%,N,50251628,37968183,12283445,0.2444
2025-08,Customer 26,Central Indonesia,Online,Distributor,SKU 17,Personal Care,1168,24360,17481,22875,3%,N,28452480,20417808,8034672,0.2824
2025-08,Customer 26,Central Indonesia,General Trade,Distributor,SKU 09,Dairy,204,22542,15649,24042,0%,Y,4598568,3192396,1406172,0.3058
2025-08,Customer 26,Central Indonesia,Modern Trade,Distributor,SKU 13,Frozen,804,10435,6964,10302,0%,N,8389740,5599056,2790684,0.3326
2025-08,Customer 26,Central Indonesia,General Trade,Distributor,SKU 06,Snack,812,24360,17018,25120,0%,N,19780320,13818616,5961704,0.3014
2025-08,Customer 26,Central Indonesia,Online,Distributor,SKU 05,Snack,649,13485,10925,12387,0%,N,8751765,7090325,1661440,0.1898
2025-08,Customer 26,Central Indonesia,General Trade,Distributor,SKU 18,Personal Care,527,25852,17971,26368,0%,N,13624004,9470717,4153287,0.3049
2025-08,Customer 26,Central Indonesia,General Trade,Distributor,SKU 02,Beverage,925,9456,7459,9391,0%,N,8746800,6899575,1847225,0.2112
2025-08,Customer 26,Central Indonesia,Online,Distributor,SKU 08,Snack,622,30171,18405,30106,5%,N,18766362,11447910,7318452,0.39
2025-08,Customer 26,Central Indonesia,General Trade,Distributor,SKU 07,Snack,224,46502,36529,43689,8%,Y,10416448,8182496,2233952,0.2145
2025-08,Customer 26,Central Indonesia,Modern Trade,Distributor,SKU 14,Frozen,1141,12619,10626,11838,0%,N,14398279,12124266,2274013,0.1579
2025-08,Customer 26,Central Indonesia,General Trade,Distributor,SKU 12,Dairy,941,8082,4860,8062,0%,Y,7605162,4573260,3031902,0.3987
2025-08,Customer 26,Central Indonesia,Modern Trade,Distributor,SKU 15,Frozen,862,42613,27129,40085,5%,N,36732406,23385198,13347208,0.3634
2025-08,Customer 26,Central Indonesia,Modern Trade,Distributor,SKU 03,Beverage,120,44200,29847,45527,0%,N,5304000,3581640,1722360,0.3247
2025-08,Customer 27,East Indonesia,General Trade,Retailer,SKU 13,Frozen,748,9633,5902,9852,0%,N,7205484,4414696,2790788,0.3873
2025-08,Customer 27,East Indonesia,Modern Trade,Retailer,SKU 19,Personal Care,837,35623,24582,34372,3%,N,29816451,20575134,9241317,0.3099
2025-08,Customer 27,East Indonesia,Online,Retailer,SKU 14,Frozen,751,14367,9705,14663,0%,N,10789617,7288455,3501162,0.3245
2025-08,Customer 27,East Indonesia,General Trade,Retailer,SKU 08,Snack,1151,30292,20245,28583,0%,N,34866092,23301995,11564097,0.3317
2025-08,Customer 27,East Indonesia,Modern Trade,Retailer,SKU 05,Snack,1171,15090,10421,15698,0%,Y,17670390,12202991,5467399,0.3094
2025-08,Customer 27,East Indonesia,General Trade,Retailer,SKU 17,Personal Care,1328,27492,20482,29213,8%,N,36509376,27200096,9309280,0.255
2025-08,Customer 27,East Indonesia,General Trade,Retailer,SKU 04,Beverage,363,20720,14187,20977,5%,N,7521360,5149881,2371479,0.3153
2025-08,Customer 27,East Indonesia,General Trade,Retailer,SKU 15,Frozen,314,49294,40037,50965,3%,N,15478316,12571618,2906698,0.1878
2025-08,Customer 28,West Indonesia,Modern Trade,Retailer,SKU 01,Beverage,1102,24579,17166,25874,0%,Y,27086058,18916932,8169126,0.3016
2025-08,Customer 28,West Indonesia,General Trade,Retailer,SKU 19,Personal Care,1122,38938,26875,40230,0%,N,43688436,30153750,13534686,0.3098
2025-08,Customer 28,West Indonesia,Modern Trade,Retailer,SKU 12,Dairy,1154,8618,5451,8090,0%,N,9945172,6290454,3654718,0.3675
2025-08,Customer 28,West Indonesia,Modern Trade,Retailer,SKU 13,Frozen,206,10178,8106,10732,0%,N,2096668,1669836,426832,0.2036
2025-08,Customer 28,West Indonesia,Modern Trade,Retailer,SKU 20,Personal Care,625,14170,11156,14622,3%,N,8856250,6972500,1883750,0.2127
2025-08,Customer 28,West Indonesia,General Trade,Retailer,SKU 04,Beverage,584,19552,16331,19987,0%,N,11418368,9537304,1881064,0.1647
2025-08,Customer 28,West Indonesia,General Trade,Retailer,SKU 03,Beverage,1027,49807,35164,49615,8%,N,51151789,36113428,15038361,0.294
2025-08,Customer 28,West Indonesia,General Trade,Retailer,SKU 18,Personal Care,1170,28457,19067,28042,8%,Y,33294690,22308390,10986300,0.33
2025-08,Customer 28,West Indonesia,General Trade,Retailer,SKU 17,Personal Care,181,26562,19267,27864,3%,Y,4807722,3487327,1320395,0.2746
2025-08,Customer 28,West Indonesia,Online,Retailer,SKU 10,Dairy,76,47368,33901,49517,0%,Y,3599968,2576476,1023492,0.2843
2025-08,Customer 28,West Indonesia,Modern Trade,Retailer,SKU 09,Dairy,1076,22248,13499,21970,8%,N,23938848,14524924,9413924,0.3932
2025-08,Customer 28,West Indonesia,Online,Retailer,SKU 11,Dairy,1230,9577,6243,10432,8%,N,11779710,7678890,4100820,0.3481
2025-08,Customer 29,Central Indonesia,General Trade,Distributor,SKU 15,Frozen,794,42443,35066,44359,3%,N,33699742,27842404,5857338,0.1738
2025-08,Customer 29,Central Indonesia,Online,Distributor,SKU 14,Frozen,478,13906,10364,14817,3%,N,6647068,4953992,1693076,0.2547
2025-08,Customer 29,Central Indonesia,General Trade,Distributor,SKU 20,Personal Care,82,14404,11203,12965,0%,N,1181128,918646,262482,0.2222
2025-08,Customer 29,Central Indonesia,General Trade,Distributor,SKU 17,Personal Care,297,25403,17142,26379,0%,N,7544691,5091174,2453517,0.3252
2025-08,Customer 29,Central Indonesia,General Trade,Distributor,SKU 19,Personal Care,204,34315,21183,35287,3%,N,7000260,4321332,2678928,0.3827
2025-08,Customer 29,Central Indonesia,General Trade,Distributor,SKU 10,Dairy,209,46554,35503,49322,5%,Y,9729786,7420127,2309659,0.2374
2025-08,Customer 29,Central Indonesia,Modern Trade,Distributor,SKU 09,Dairy,477,22616,15345,22411,0%,N,10787832,7319565,3468267,0.3215
2025-08,Customer 29,Central Indonesia,Online,Distributor,SKU 06,Snack,508,25722,15561,24289,0%,N,13066776,7904988,5161788,0.395
2025-08,Customer 29,Central Indonesia,Modern Trade,Distributor,SKU 03,Beverage,409,49521,40623,48035,8%,N,20254089,16614807,3639282,0.1797
2025-08,Customer 29,Central Indonesia,General Trade,Distributor,SKU 08,Snack,394,29060,18281,31874,3%,N,11449640,7202714,4246926,0.3709
2025-08,Customer 29,Central Indonesia,General Trade,Distributor,SKU 01,Beverage,877,24071,19372,22391,5%,N,21110267,16989244,4121023,0.1952
2025-08,Customer 29,Central Indonesia,Modern Trade,Distributor,SKU 07,Snack,441,48593,38641,49214,0%,N,21429513,17040681,4388832,0.2048
2025-08,Customer 29,Central Indonesia,Modern Trade,Distributor,SKU 18,Personal Care,1173,26750,20511,27145,0%,N,31377750,24059403,7318347,0.2332
2025-08,Customer 29,Central Indonesia,Modern Trade,Distributor,SKU 05,Snack,187,14844,10188,15413,3%,N,2775828,1905156,870672,0.3137
2025-08,Customer 30,Central Indonesia,General Trade,Distributor,SKU 20,Personal Care,139,13513,8845,13519,3%,N,1878307,1229455,648852,0.3454
2025-08,Customer 30,Central Indonesia,Modern Trade,Distributor,SKU 06,Snack,863,23079,14308,21948,0%,Y,19917177,12347804,7569373,0.38
2025-08,Customer 30,Central Indonesia,Modern Trade,Distributor,SKU 04,Beverage,1150,20502,17323,19664,5%,Y,23577300,19921450,3655850,0.1551
2025-08,Customer 30,Central Indonesia,Modern Trade,Distributor,SKU 15,Frozen,167,42780,28837,42500,0%,Y,7144260,4815779,2328481,0.3259
2025-08,Customer 30,Central Indonesia,General Trade,Distributor,SKU 14,Frozen,996,13477,10276,12620,8%,N,13423092,10234896,3188196,0.2375
2025-08,Customer 30,Central Indonesia,General Trade,Distributor,SKU 03,Beverage,188,43196,33088,42965,5%,N,8120848,6220544,1900304,0.234
2025-08,Customer 30,Central Indonesia,General Trade,Distributor,SKU 12,Dairy,1334,8626,5885,9344,5%,N,11507084,7850590,3656494,0.3178
2025-08,Customer 30,Central Indonesia,General Trade,Distributor,SKU 08,Snack,1231,29998,22825,32708,0%,N,36927538,28097575,8829963,0.2391
2025-08,Customer 30,Central Indonesia,Online,Distributor,SKU 19,Personal Care,1139,38946,31565,39237,0%,Y,44359494,35952535,8406959,0.1895
2025-08,Customer 30,Central Indonesia,Modern Trade,Distributor,SKU 09,Dairy,762,23774,16946,25760,5%,N,18115788,12912852,5202936,0.2872
2025-08,Customer 30,Central Indonesia,General Trade,Distributor,SKU 18,Personal Care,907,27766,19762,28920,0%,N,25183762,17924134,7259628,0.2883
2025-08,Customer 30,Central Indonesia,Modern Trade,Distributor,SKU 16,Frozen,123,44402,29912,45624,3%,N,5461446,3679176,1782270,0.3263
2025-08,Customer 30,Central Indonesia,Online,Distributor,SKU 17,Personal Care,1288,24348,18848,23087,3%,Y,31360224,24276224,7084000,0.2259
2025-09,Customer 01,East Indonesia,Modern Trade,Retailer,SKU 02,Beverage,502,9077,6515,9091,0%,N,4556654,3270530,1286124,0.2823
2025-09,Customer 01,East Indonesia,General Trade,Retailer,SKU 12,Dairy,732,9175,6182,9240,0%,N,6716100,4525224,2190876,0.3262
2025-09,Customer 01,East Indonesia,Modern Trade,Retailer,SKU 06,Snack,552,23135,17547,21301,5%,Y,12770520,9685944,3084576,0.2415
2025-09,Customer 01,East Indonesia,General Trade,Retailer,SKU 19,Personal Care,1063,34009,22025,31276,5%,N,36151567,23412575,12738992,0.3524
2025-09,Customer 01,East Indonesia,General Trade,Retailer,SKU 14,Frozen,475,12452,9965,11597,0%,N,5914700,4733375,1181325,0.1997
2025-09,Customer 01,East Indonesia,Modern Trade,Retailer,SKU 05,Snack,716,13900,8699,13471,0%,N,9952400,6228484,3723916,0.3742
2025-09,Customer 01,East Indonesia,Modern Trade,Retailer,SKU 04,Beverage,1210,19751,13008,20260,0%,N,23898710,15739680,8159030,0.3414
2025-09,Customer 01,East Indonesia,General Trade,Retailer,SKU 10,Dairy,738,47641,29026,52295,0%,N,35159058,21421188,13737870,0.3907
2025-09,Customer 01,East Indonesia,General Trade,Retailer,SKU 15,Frozen,966,43088,30545,44604,3%,N,41623008,29506470,12116538,0.2911
2025-09,Customer 01,East Indonesia,Modern Trade,Retailer,SKU 20,Personal Care,791,14037,8462,13997,8%,N,11103267,6693442,4409825,0.3972
2025-09,Customer 01,East Indonesia,General Trade,Retailer,SKU 08,Snack,612,31733,26511,29290,0%,N,19420596,16224732,3195864,0.1646
2025-09,Customer 01,East Indonesia,General Trade,Retailer,SKU 01,Beverage,918,24844,15680,23828,0%,N,22806792,14394240,8412552,0.3689
2025-09,Customer 01,East Indonesia,General Trade,Retailer,SKU 17,Personal Care,625,23535,14828,25680,3%,N,14709375,9267500,5441875,0.37
2025-09,Customer 01,East Indonesia,General Trade,Retailer,SKU 07,Snack,322,48587,32017,47163,5%,N,15645014,10309474,5335540,0.341
2025-09,Customer 01,East Indonesia,Modern Trade,Retailer,SKU 03,Beverage,218,48802,32977,50463,0%,N,10638836,7188986,3449850,0.3243
2025-09,Customer 02,West Indonesia,Online,Distributor,SKU 11,Dairy,1125,9013,7381,9225,0%,N,10139625,8303625,1836000,0.1811
2025-09,Customer 02,West Indonesia,Modern Trade,Distributor,SKU 14,Frozen,472,12499,8774,12712,3%,N,5899528,4141328,1758200,0.298
2025-09,Customer 02,West Indonesia,Modern Trade,Distributor,SKU 15,Frozen,897,48463,36757,46874,0%,N,43471311,32971029,10500282,0.2415
2025-09,Customer 02,West Indonesia,Online,Distributor,SKU 08,Snack,236,28738,19020,31042,5%,N,6782168,4488720,2293448,0.3382
2025-09,Customer 02,West Indonesia,Modern Trade,Distributor,SKU 18,Personal Care,608,25823,17456,28208,5%,N,15700384,10613248,5087136,0.324
2025-09,Customer 02,West Indonesia,General Trade,Distributor,SKU 09,Dairy,436,25246,16586,23143,0%,N,11007256,7231496,3775760,0.343
2025-09,Customer 02,West Indonesia,General Trade,Distributor,SKU 19,Personal Care,733,35458,24806,35020,0%,N,25990714,18182798,7807916,0.3004
2025-09,Customer 02,West Indonesia,Modern Trade,Distributor,SKU 01,Beverage,518,25013,20659,23035,0%,N,12956734,10701362,2255372,0.1741
2025-09,Customer 03,West Indonesia,Online,Distributor,SKU 07,Snack,1180,48459,34166,50016,3%,Y,57181620,40315880,16865740,0.295
2025-09,Customer 03,West Indonesia,Modern Trade,Distributor,SKU 08,Snack,1101,32317,23645,34196,0%,Y,35581017,26033145,9547872,0.2683
2025-09,Customer 03,West Indonesia,Modern Trade,Distributor,SKU 14,Frozen,1084,12684,10064,11744,3%,Y,13749456,10909376,2840080,0.2066
2025-09,Customer 03,West Indonesia,General Trade,Distributor,SKU 11,Dairy,185,9253,6430,9648,0%,N,1711805,1189550,522255,0.3051
2025-09,Customer 03,West Indonesia,General Trade,Distributor,SKU 09,Dairy,326,24300,18883,25461,0%,Y,7921800,6155858,1765942,0.2229
2025-09,Customer 03,West Indonesia,General Trade,Distributor,SKU 01,Beverage,549,23297,15983,24450,0%,Y,12790053,8774667,4015386,0.3139
2025-09,Customer 03,West Indonesia,Modern Trade,Distributor,SKU 19,Personal Care,1040,38700,28442,38534,0%,N,40248000,29579680,10668320,0.2651
2025-09,Customer 03,West Indonesia,Modern Trade,Distributor,SKU 16,Frozen,120,50157,30699,48112,0%,Y,6018840,3683880,2334960,0.3879
2025-09,Customer 03,West Indonesia,General Trade,Distributor,SKU 06,Snack,878,26643,21911,27370,0%,N,23392554,19237858,4154696,0.1776
2025-09,Customer 03,West Indonesia,Modern Trade,Distributor,SKU 15,Frozen,737,46775,28868,47207,5%,Y,34473175,21275716,13197459,0.3828
2025-09,Customer 04,Central Indonesia,General Trade,Retailer,SKU 02,Beverage,732,8284,5554,7817,8%,N,6063888,4065528,1998360,0.3296
2025-09,Customer 04,Central Indonesia,General Trade,Retailer,SKU 18,Personal Care,702,28396,17368,26831,0%,N,19933992,12192336,7741656,0.3884
2025-09,Customer 04,Central Indonesia,General Trade,Retailer,SKU 03,Beverage,158,45029,28917,48418,0%,N,7114582,4568886,2545696,0.3578
2025-09,Customer 04,Central Indonesia,General Trade,Retailer,SKU 17,Personal Care,961,26206,21150,27367,0%,N,25183966,20325150,4858816,0.1929
2025-09,Customer 04,Central Indonesia,General Trade,Retailer,SKU 04,Beverage,757,17899,13827,18548,5%,N,13549543,10467039,3082504,0.2275
2025-09,Customer 04,Central Indonesia,Modern Trade,Retailer,SKU 13,Frozen,1213,10493,7727,9968,0%,Y,12728009,9372851,3355158,0.2636
2025-09,Customer 04,Central Indonesia,Online,Retailer,SKU 15,Frozen,507,47599,29352,45351,0%,N,24132693,14881464,9251229,0.3833
2025-09,Customer 04,Central Indonesia,Online,Retailer,SKU 01,Beverage,787,22401,14521,22622,5%,Y,17629587,11428027,6201560,0.3518
2025-09,Customer 04,Central Indonesia,General Trade,Retailer,SKU 20,Personal Care,275,15402,10031,14067,0%,N,4235550,2758525,1477025,0.3487
2025-09,Customer 04,Central Indonesia,Modern Trade,Retailer,SKU 16,Frozen,931,47749,31296,52291,5%,N,44454319,29136576,15317743,0.3446
2025-09,Customer 05,East Indonesia,Modern Trade,Key Account,SKU 07,Snack,1229,41968,26809,39590,8%,N,51578672,32948261,18630411,0.3612
2025-09,Customer 05,East Indonesia,General Trade,Key Account,SKU 15,Frozen,979,47150,31876,46800,0%,N,46159850,31206604,14953246,0.3239
2025-09,Customer 05,East Indonesia,General Trade,Key Account,SKU 14,Frozen,512,12625,7819,13505,0%,Y,6464000,4003328,2460672,0.3807
2025-09,Customer 05,East Indonesia,Modern Trade,Key Account,SKU 08,Snack,1210,31101,19886,29434,0%,N,37632210,24062060,13570150,0.3606
2025-09,Customer 05,East Indonesia,Modern Trade,Key Account,SKU 11,Dairy,93,9731,6674,8860,0%,N,904983,620682,284301,0.3142
2025-09,Customer 05,East Indonesia,Modern Trade,Key Account,SKU 09,Dairy,349,22648,13599,22998,0%,N,7904152,4746051,3158101,0.3995
2025-09,Customer 05,East Indonesia,General Trade,Key Account,SKU 02,Beverage,379,8357,5552,8054,0%,N,3167303,2104208,1063095,0.3356
2025-09,Customer 05,East Indonesia,Modern Trade,Key Account,SKU 03,Beverage,648,42499,32402,41153,0%,Y,27539352,20996496,6542856,0.2376
2025-09,Customer 05,East Indonesia,General Trade,Key Account,SKU 18,Personal Care,1154,28059,17190,27720,0%,N,32380086,19837260,12542826,0.3874
2025-09,Customer 05,East Indonesia,Modern Trade,Key Account,SKU 13,Frozen,70,9909,7180,10511,0%,N,693630,502600,191030,0.2754
2025-09,Customer 05,East Indonesia,Modern Trade,Key Account,SKU 20,Personal Care,966,14561,10266,15863,0%,N,14065926,9916956,4148970,0.295
2025-09,Customer 05,East Indonesia,Modern Trade,Key Account,SKU 17,Personal Care,992,26229,21671,26141,0%,N,26019168,21497632,4521536,0.1738
2025-09,Customer 06,West Indonesia,General Trade,Retailer,SKU 18,Personal Care,747,26613,17274,28599,0%,N,19879911,12903678,6976233,0.3509
2025-09,Customer 06,West Indonesia,General Trade,Retailer,SKU 03,Beverage,541,44275,32771,48609,0%,N,23952775,17729111,6223664,0.2598
2025-09,Customer 06,West Indonesia,Modern Trade,Retailer,SKU 09,Dairy,737,24179,16015,26431,8%,N,17819923,11803055,6016868,0.3376
2025-09,Customer 06,West Indonesia,Online,Retailer,SKU 15,Frozen,1186,43057,30864,42355,0%,N,51065602,36604704,14460898,0.2832
2025-09,Customer 06,West Indonesia,General Trade,Retailer,SKU 17,Personal Care,1217,23847,14427,24077,0%,N,29021799,17557659,11464140,0.395
2025-09,Customer 06,West Indonesia,Modern Trade,Retailer,SKU 01,Beverage,1157,22247,14903,24332,0%,N,25739779,17242771,8497008,0.3301
2025-09,Customer 06,West Indonesia,General Trade,Retailer,SKU 20,Personal Care,882,15213,12467,14619,3%,N,13417866,10995894,2421972,0.1805
2025-09,Customer 06,West Indonesia,Modern Trade,Retailer,SKU 02,Beverage,753,9198,6779,9303,0%,Y,6926094,5104587,1821507,0.263
2025-09,Customer 06,West Indonesia,Modern Trade,Retailer,SKU 04,Beverage,1006,19656,13809,20401,0%,Y,19773936,13891854,5882082,0.2975
2025-09,Customer 07,Central Indonesia,General Trade,Key Account,SKU 17,Personal Care,510,25848,20207,26618,0%,Y,13182480,10305570,2876910,0.2182
2025-09,Customer 07,Central Indonesia,General Trade,Key Account,SKU 06,Snack,858,24657,20775,22953,0%,N,21155706,17824950,3330756,0.1574
2025-09,Customer 07,Central Indonesia,General Trade,Key Account,SKU 19,Personal Care,254,33824,20308,37184,0%,N,8591296,5158232,3433064,0.3996
2025-09,Customer 07,Central Indonesia,General Trade,Key Account,SKU 08,Snack,375,32223,25847,30527,0%,Y,12083625,9692625,2391000,0.1979
2025-09,Customer 07,Central Indonesia,General Trade,Key Account,SKU 10,Dairy,544,52967,34208,49312,0%,N,28814048,18609152,10204896,0.3542
2025-09,Customer 07,Central Indonesia,General Trade,Key Account,SKU 20,Personal Care,361,14591,9068,14728,8%,N,5267351,3273548,1993803,0.3785
2025-09,Customer 07,Central Indonesia,Online,Key Account,SKU 03,Beverage,527,43039,27124,42932,5%,N,22681553,14294348,8387205,0.3698
2025-09,Customer 07,Central Indonesia,General Trade,Key Account,SKU 18,Personal Care,634,29702,20879,30617,0%,Y,18831068,13237286,5593782,0.2971
2025-09,Customer 07,Central Indonesia,General Trade,Key Account,SKU 15,Frozen,551,43380,30935,43655,0%,N,23902380,17045185,6857195,0.2869
2025-09,Customer 07,Central Indonesia,General Trade,Key Account,SKU 13,Frozen,679,10929,7430,10157,8%,N,7420791,5044970,2375821,0.3202
2025-09,Customer 08,East Indonesia,General Trade,Key Account,SKU 08,Snack,696,29090,22562,30007,5%,N,20246640,15703152,4543488,0.2244
2025-09,Customer 08,East Indonesia,General Trade,Key Account,SKU 14,Frozen,1224,12942,9696,12878,0%,N,15841008,11867904,3973104,0.2508
2025-09,Customer 08,East Indonesia,General Trade,Key Account,SKU 16,Frozen,984,49657,41893,53184,0%,N,48862488,41222712,7639776,0.1564
2025-09,Customer 08,East Indonesia,Modern Trade,Key Account,SKU 02,Beverage,982,9310,6009,10143,8%,Y,9142420,5900838,3241582,0.3546
2025-09,Customer 08,East Indonesia,Online,Key Account,SKU 05,Snack,718,13921,10622,13600,0%,N,9995278,7626596,2368682,0.237
2025-09,Customer 08,East Indonesia,Modern Trade,Key Account,SKU 06,Snack,1148,23853,14561,22424,3%,Y,27383244,16716028,10667216,0.3896
2025-09,Customer 08,East Indonesia,Online,Key Account,SKU 15,Frozen,441,42577,26294,42204,8%,N,18776457,11595654,7180803,0.3824
2025-09,Customer 08,East Indonesia,Modern Trade,Key Account,SKU 17,Personal Care,529,25050,20459,22942,5%,N,13251450,10822811,2428639,0.1833
2025-09,Customer 08,East Indonesia,Online,Key Account,SKU 12,Dairy,244,8493,6790,9071,3%,N,2072292,1656760,415532,0.2005
2025-09,Customer 09,West Indonesia,General Trade,Retailer,SKU 16,Frozen,447,47465,35939,49951,0%,N,21216855,16064733,5152122,0.2428
2025-09,Customer 09,West Indonesia,Modern Trade,Retailer,SKU 08,Snack,640,30256,20929,29464,0%,N,19363840,13394560,5969280,0.3083
2025-09,Customer 09,West Indonesia,Modern Trade,Retailer,SKU 10,Dairy,393,51116,35791,55973,0%,N,20088588,14065863,6022725,0.2998
2025-09,Customer 09,West Indonesia,General Trade,Retailer,SKU 03,Beverage,1136,46686,34133,47037,8%,N,53035296,38775088,14260208,0.2689
2025-09,Customer 09,West Indonesia,Online,Retailer,SKU 18,Personal Care,889,28395,17051,26873,0%,N,25243155,15158339,10084816,0.3995
2025-09,Customer 09,West Indonesia,General Trade,Retailer,SKU 02,Beverage,72,9058,6628,9592,8%,Y,652176,477216,174960,0.2683
2025-09,Customer 09,West Indonesia,Online,Retailer,SKU 09,Dairy,919,23495,19725,23184,8%,N,21591905,18127275,3464630,0.1605
2025-09,Customer 09,West Indonesia,General Trade,Retailer,SKU 05,Snack,967,14038,8662,15337,3%,Y,13574746,8376154,5198592,0.383
2025-09,Customer 09,West Indonesia,Modern Trade,Retailer,SKU 19,Personal Care,570,37613,27370,36882,8%,N,21439410,15600900,5838510,0.2723
2025-09,Customer 09,West Indonesia,General Trade,Retailer,SKU 06,Snack,723,24328,19506,25771,0%,N,17589144,14102838,3486306,0.1982
2025-09,Customer 09,West Indonesia,Modern Trade,Retailer,SKU 11,Dairy,176,9963,6714,10110,0%,N,1753488,1181664,571824,0.3261
2025-09,Customer 09,West Indonesia,Modern Trade,Retailer,SKU 01,Beverage,567,25107,16654,27041,3%,Y,14235669,9442818,4792851,0.3367
2025-09,Customer 10,Central Indonesia,Modern Trade,Key Account,SKU 11,Dairy,225,9668,6329,10363,0%,N,2175300,1424025,751275,0.3454
2025-09,Customer 10,Central Indonesia,Online,Key Account,SKU 09,Dairy,694,22658,16401,23224,0%,N,15724652,11382294,4342358,0.2761
2025-09,Customer 10,Central Indonesia,General Trade,Key Account,SKU 20,Personal Care,645,13984,10049,13496,0%,Y,9019680,6481605,2538075,0.2814
2025-09,Customer 10,Central Indonesia,Modern Trade,Key Account,SKU 12,Dairy,137,8354,6848,9079,0%,N,1144498,938176,206322,0.1803
2025-09,Customer 10,Central Indonesia,General Trade,Key Account,SKU 03,Beverage,493,47655,40089,48917,0%,N,23493915,19763877,3730038,0.1588
2025-09,Customer 10,Central Indonesia,Modern Trade,Key Account,SKU 10,Dairy,333,49850,30157,53179,8%,N,16600050,10042281,6557769,0.395
2025-09,Customer 10,Central Indonesia,Modern Trade,Key Account,SKU 02,Beverage,202,8793,5323,9651,5%,N,1776186,1075246,700940,0.3946
2025-09,Customer 10,Central Indonesia,Modern Trade,Key Account,SKU 04,Beverage,927,18240,14336,19396,8%,N,16908480,13289472,3619008,0.214
2025-09,Customer 10,Central Indonesia,General Trade,Key Account,SKU 05,Snack,713,14060,8474,13802,0%,N,10024780,6041962,3982818,0.3973
2025-09,Customer 10,Central Indonesia,General Trade,Key Account,SKU 16,Frozen,991,46702,38759,43166,8%,N,46281682,38410169,7871513,0.1701
2025-09,Customer 10,Central Indonesia,Modern Trade,Key Account,SKU 17,Personal Care,687,25232,21163,24601,0%,N,17334384,14538981,2795403,0.1613
2025-09,Customer 10,Central Indonesia,Modern Trade,Key Account,SKU 07,Snack,1037,46848,35650,48062,3%,N,48581376,36969050,11612326,0.239
2025-09,Customer 10,Central Indonesia,Modern Trade,Key Account,SKU 01,Beverage,1145,24167,16503,23086,0%,Y,27671215,18895935,8775280,0.3171
2025-09,Customer 10,Central Indonesia,General Trade,Key Account,SKU 06,Snack,960,24340,15817,26646,0%,N,23366400,15184320,8182080,0.3502
2025-09,Customer 11,Central Indonesia,Online,Retailer,SKU 12,Dairy,505,8839,6837,9339,0%,N,4463695,3452685,1011010,0.2265
2025-09,Customer 11,Central Indonesia,Modern Trade,Retailer,SKU 04,Beverage,597,19311,12177,18568,0%,Y,11528667,7269669,4258998,0.3694
2025-09,Customer 11,Central Indonesia,General Trade,Retailer,SKU 08,Snack,824,29625,19230,27139,3%,N,24411000,15845520,8565480,0.3509
2025-09,Customer 11,Central Indonesia,General Trade,Retailer,SKU 14,Frozen,437,13913,10987,15175,0%,N,6079981,4801319,1278662,0.2103
2025-09,Customer 11,Central Indonesia,General Trade,Retailer,SKU 07,Snack,550,46428,32619,47885,0%,N,25535400,17940450,7594950,0.2974
2025-09,Customer 11,Central Indonesia,Online,Retailer,SKU 11,Dairy,1137,9732,8178,10112,0%,N,11065284,9298386,1766898,0.1597
2025-09,Customer 11,Central Indonesia,General Trade,Retailer,SKU 17,Personal Care,465,26421,19178,26275,3%,N,12285765,8917770,3367995,0.2741
2025-09,Customer 11,Central Indonesia,Modern Trade,Retailer,SKU 20,Personal Care,911,13856,11758,13133,5%,N,12622816,10711538,1911278,0.1514
2025-09,Customer 11,Central Indonesia,Modern Trade,Retailer,SKU 19,Personal Care,138,34283,22560,35941,0%,Y,4731054,3113280,1617774,0.3419
2025-09,Customer 11,Central Indonesia,General Trade,Retailer,SKU 18,Personal Care,142,28662,19686,28993,0%,N,4070004,2795412,1274592,0.3132
2025-09,Customer 11,Central Indonesia,General Trade,Retailer,SKU 05,Snack,71,13658,11523,13528,0%,Y,969718,818133,151585,0.1563
2025-09,Customer 11,Central Indonesia,Modern Trade,Retailer,SKU 02,Beverage,223,8376,5674,8143,8%,N,1867848,1265302,602546,0.3226
2025-09,Customer 11,Central Indonesia,General Trade,Retailer,SKU 16,Frozen,757,46765,37088,44969,0%,N,35401105,28075616,7325489,0.2069
2025-09,Customer 11,Central Indonesia,General Trade,Retailer,SKU 15,Frozen,999,46069,29070,42832,0%,N,46022931,29040930,16982001,0.369
2025-09,Customer 11,Central Indonesia,General Trade,Retailer,SKU 06,Snack,1003,24413,17796,25655,8%,Y,24486239,17849388,6636851,0.271
2025-09,Customer 12,West Indonesia,Modern Trade,Distributor,SKU 14,Frozen,928,13227,8089,13456,3%,N,12274656,7506592,4768064,0.3884
2025-09,Customer 12,West Indonesia,General Trade,Distributor,SKU 01,Beverage,628,23220,16283,25411,0%,Y,14582160,10225724,4356436,0.2988
2025-09,Customer 12,West Indonesia,General Trade,Distributor,SKU 12,Dairy,1207,8486,5738,9048,3%,N,10242602,6925766,3316836,0.3238
2025-09,Customer 12,West Indonesia,Modern Trade,Distributor,SKU 19,Personal Care,280,36101,23346,36264,0%,N,10108280,6536880,3571400,0.3533
2025-09,Customer 12,West Indonesia,General Trade,Distributor,SKU 20,Personal Care,635,13736,8299,14131,5%,Y,8722360,5269865,3452495,0.3958
2025-09,Customer 12,West Indonesia,General Trade,Distributor,SKU 04,Beverage,1060,17928,13471,17470,3%,N,19003680,14279260,4724420,0.2486
2025-09,Customer 12,West Indonesia,General Trade,Distributor,SKU 10,Dairy,1246,51387,36520,52092,3%,N,64028202,45503920,18524282,0.2893
2025-09,Customer 12,West Indonesia,Modern Trade,Distributor,SKU 18,Personal Care,379,27540,16795,24893,0%,N,10437660,6365305,4072355,0.3902
2025-09,Customer 12,West Indonesia,General Trade,Distributor,SKU 06,Snack,664,24222,15290,23621,0%,N,16083408,10152560,5930848,0.3688
2025-09,Customer 12,West Indonesia,Online,Distributor,SKU 11,Dairy,561,9230,7820,8835,5%,N,5178030,4387020,791010,0.1528
2025-09,Customer 12,West Indonesia,Modern Trade,Distributor,SKU 03,Beverage,101,47569,36562,47327,0%,N,4804469,3692762,1111707,0.2314
2025-09,Customer 12,West Indonesia,General Trade,Distributor,SKU 16,Frozen,404,47383,34577,49706,5%,N,19142732,13969108,5173624,0.2703
2025-09,Customer 13,Central Indonesia,Modern Trade,Retailer,SKU 04,Beverage,113,18457,11380,19767,3%,Y,2085641,1285940,799701,0.3834
2025-09,Customer 13,Central Indonesia,Modern Trade,Retailer,SKU 08,Snack,1147,30313,21291,28950,8%,N,34769011,24420777,10348234,0.2976
2025-09,Customer 13,Central Indonesia,General Trade,Retailer,SKU 16,Frozen,88,48896,40314,50428,0%,N,4302848,3547632,755216,0.1755
2025-09,Customer 13,Central Indonesia,Modern Trade,Retailer,SKU 07,Snack,441,47012,39495,45746,0%,N,20732292,17417295,3314997,0.1599
2025-09,Customer 13,Central Indonesia,General Trade,Retailer,SKU 10,Dairy,366,46624,35616,47744,0%,N,17064384,13035456,4028928,0.2361
2025-09,Customer 13,Central Indonesia,General Trade,Retailer,SKU 02,Beverage,1091,9310,6611,8921,0%,N,10157210,7212601,2944609,0.2899
2025-09,Customer 13,Central Indonesia,General Trade,Retailer,SKU 19,Personal Care,441,37618,25159,36175,3%,N,16589538,11095119,5494419,0.3312
2025-09,Customer 13,Central Indonesia,General Trade,Retailer,SKU 05,Snack,1170,15198,12500,14087,0%,Y,17781660,14625000,3156660,0.1775
2025-09,Customer 13,Central Indonesia,Modern Trade,Retailer,SKU 14,Frozen,119,12807,9648,12317,0%,N,1524033,1148112,375921,0.2467
2025-09,Customer 13,Central Indonesia,Modern Trade,Retailer,SKU 11,Dairy,509,10062,8240,10586,0%,N,5121558,4194160,927398,0.1811
2025-09,Customer 13,Central Indonesia,Modern Trade,Retailer,SKU 13,Frozen,1195,11131,9406,11384,0%,N,13301545,11240170,2061375,0.155
2025-09,Customer 13,Central Indonesia,General Trade,Retailer,SKU 03,Beverage,593,47702,35633,43043,0%,N,28287286,21130369,7156917,0.253
2025-09,Customer 13,Central Indonesia,Modern Trade,Retailer,SKU 18,Personal Care,922,29107,18113,27382,0%,N,26836654,16700186,10136468,0.3777
2025-09,Customer 13,Central Indonesia,Modern Trade,Retailer,SKU 17,Personal Care,288,27425,17231,29961,0%,N,7898400,4962528,2935872,0.3717
2025-09,Customer 14,West Indonesia,Modern Trade,Retailer,SKU 16,Frozen,157,46726,31198,44961,0%,N,7335982,4898086,2437896,0.3323
2025-09,Customer 14,West Indonesia,Modern Trade,Retailer,SKU 01,Beverage,1033,25499,18759,26483,3%,Y,26340467,19378047,6962420,0.2643
2025-09,Customer 14,West Indonesia,General Trade,Retailer,SKU 07,Snack,538,44543,29724,46480,0%,N,23964134,15991512,7972622,0.3327
2025-09,Customer 14,West Indonesia,General Trade,Retailer,SKU 11,Dairy,1103,10409,6476,9498,0%,N,11481127,7143028,4338099,0.3778
2025-09,Customer 14,West Indonesia,Modern Trade,Retailer,SKU 13,Frozen,1158,9857,7452,10142,5%,N,11414406,8629416,2784990,0.244
2025-09,Customer 14,West Indonesia,Modern Trade,Retailer,SKU 05,Snack,992,13389,9555,12951,5%,Y,13281888,9478560,3803328,0.2864
2025-09,Customer 14,West Indonesia,Modern Trade,Retailer,SKU 18,Personal Care,461,28448,17986,30862,3%,N,13114528,8291546,4822982,0.3678
2025-09,Customer 14,West Indonesia,General Trade,Retailer,SKU 15,Frozen,533,43915,33087,39932,0%,N,23406695,17635371,5771324,0.2466
2025-09,Customer 14,West Indonesia,Modern Trade,Retailer,SKU 02,Beverage,686,9296,6860,9549,0%,N,6377056,4705960,1671096,0.262
2025-09,Customer 14,West Indonesia,Modern Trade,Retailer,SKU 14,Frozen,691,13518,9001,13114,0%,N,9340938,6219691,3121247,0.3341
2025-09,Customer 14,West Indonesia,General Trade,Retailer,SKU 06,Snack,179,24068,18283,24534,3%,Y,4308172,3272657,1035515,0.2404
2025-09,Customer 14,West Indonesia,Modern Trade,Retailer,SKU 20,Personal Care,569,14356,11726,15588,0%,N,8168564,6672094,1496470,0.1832
2025-09,Customer 15,West Indonesia,Modern Trade,Retailer,SKU 16,Frozen,914,44214,32997,41262,5%,N,40411596,30159258,10252338,0.2537
2025-09,Customer 15,West Indonesia,General Trade,Retailer,SKU 14,Frozen,812,12736,9211,12364,5%,N,10341632,7479332,2862300,0.2768
2025-09,Customer 15,West Indonesia,General Trade,Retailer,SKU 01,Beverage,1205,24856,15038,22802,5%,N,29951480,18120790,11830690,0.395
2025-09,Customer 15,West Indonesia,General Trade,Retailer,SKU 07,Snack,797,45977,33588,44932,3%,N,36643669,26769636,9874033,0.2695
2025-09,Customer 15,West Indonesia,Online,Retailer,SKU 17,Personal Care,845,25960,21138,26057,3%,N,21936200,17861610,4074590,0.1857
2025-09,Customer 15,West Indonesia,Modern Trade,Retailer,SKU 08,Snack,1257,31392,20234,33508,0%,N,39459744,25434138,14025606,0.3554
2025-09,Customer 15,West Indonesia,General Trade,Retailer,SKU 05,Snack,428,14604,10842,14397,8%,Y,6250512,4640376,1610136,0.2576
2025-09,Customer 15,West Indonesia,General Trade,Retailer,SKU 19,Personal Care,982,34696,26441,34721,5%,Y,34071472,25965062,8106410,0.2379
2025-09,Customer 15,West Indonesia,General Trade,Retailer,SKU 13,Frozen,1229,10828,7775,9976,0%,N,13307612,9555475,3752137,0.282
2025-09,Customer 15,West Indonesia,Modern Trade,Retailer,SKU 06,Snack,676,25642,19366,24903,0%,Y,17333992,13091416,4242576,0.2448
2025-09,Customer 15,West Indonesia,General Trade,Retailer,SKU 18,Personal Care,969,29358,24447,31945,5%,N,28447902,23689143,4758759,0.1673
2025-09,Customer 15,West Indonesia,Online,Retailer,SKU 09,Dairy,552,25444,18823,25000,0%,N,14045088,10390296,3654792,0.2602
2025-09,Customer 15,West Indonesia,Modern Trade,Retailer,SKU 02,Beverage,881,8717,5595,8527,5%,N,7679677,4929195,2750482,0.3582
2025-09,Customer 15,West Indonesia,General Trade,Retailer,SKU 04,Beverage,874,18006,13267,18818,8%,N,15737244,11595358,4141886,0.2632
2025-09,Customer 16,East Indonesia,General Trade,Retailer,SKU 06,Snack,907,24174,17102,26150,8%,N,21925818,15511514,6414304,0.2925
2025-09,Customer 16,East Indonesia,Online,Retailer,SKU 05,Snack,75,14361,10063,13477,0%,N,1077075,754725,322350,0.2993
2025-09,Customer 16,East Indonesia,General Trade,Retailer,SKU 07,Snack,56,44711,35208,41701,0%,N,2503816,1971648,532168,0.2125
2025-09,Customer 16,East Indonesia,Modern Trade,Retailer,SKU 16,Frozen,888,43447,35840,43017,0%,N,38580936,31825920,6755016,0.1751
2025-09,Customer 16,East Indonesia,Modern Trade,Retailer,SKU 14,Frozen,52,13870,9363,14047,5%,N,721240,486876,234364,0.3249
2025-09,Customer 16,East Indonesia,General Trade,Retailer,SKU 13,Frozen,1069,10812,7977,11174,8%,N,11558028,8527413,3030615,0.2622
2025-09,Customer 16,East Indonesia,Modern Trade,Retailer,SKU 15,Frozen,886,46254,29056,50714,3%,N,40981044,25743616,15237428,0.3718
2025-09,Customer 16,East Indonesia,General Trade,Retailer,SKU 02,Beverage,389,8552,5915,9184,0%,N,3326728,2300935,1025793,0.3083
2025-09,Customer 16,East Indonesia,General Trade,Retailer,SKU 11,Dairy,413,9089,5663,9173,0%,N,3753757,2338819,1414938,0.3769
2025-09,Customer 16,East Indonesia,Modern Trade,Retailer,SKU 19,Personal Care,771,34353,20631,37559,0%,Y,26486163,15906501,10579662,0.3994
2025-09,Customer 17,West Indonesia,Online,Key Account,SKU 10,Dairy,461,50426,36000,47191,3%,N,23246386,16596000,6650386,0.2861
2025-09,Customer 17,West Indonesia,Modern Trade,Key Account,SKU 17,Personal Care,581,27086,19137,25853,0%,N,15736966,11118597,4618369,0.2935
2025-09,Customer 17,West Indonesia,General Trade,Key Account,SKU 14,Frozen,819,13383,10855,14270,3%,N,10960677,8890245,2070432,0.1889
2025-09,Customer 17,West Indonesia,Modern Trade,Key Account,SKU 02,Beverage,460,8987,6171,9336,8%,N,4134020,2838660,1295360,0.3133
2025-09,Customer 17,West Indonesia,Online,Key Account,SKU 16,Frozen,322,43751,34058,45651,0%,N,14087822,10966676,3121146,0.2215
2025-09,Customer 17,West Indonesia,Modern Trade,Key Account,SKU 07,Snack,89,43934,27513,46445,0%,N,3910126,2448657,1461469,0.3738
2025-09,Customer 17,West Indonesia,Online,Key Account,SKU 11,Dairy,181,10118,7696,11093,5%,N,1831358,1392976,438382,0.2394
2025-09,Customer 17,West Indonesia,Modern Trade,Key Account,SKU 09,Dairy,771,25486,18913,24046,3%,N,19649706,14581923,5067783,0.2579
2025-09,Customer 17,West Indonesia,Modern Trade,Key Account,SKU 18,Personal Care,953,29616,24719,27474,0%,N,28224048,23557207,4666841,0.1653
2025-09,Customer 18,West Indonesia,General Trade,Key Account,SKU 05,Snack,168,15261,12227,16136,0%,N,2563848,2054136,509712,0.1988
2025-09,Customer 18,West Indonesia,Modern Trade,Key Account,SKU 12,Dairy,148,9282,7251,9495,0%,N,1373736,1073148,300588,0.2188
2025-09,Customer 18,West Indonesia,General Trade,Key Account,SKU 04,Beverage,460,20328,17174,21960,5%,Y,9350880,7900040,1450840,0.1552
2025-09,Customer 18,West Indonesia,Online,Key Account,SKU 13,Frozen,522,10387,7911,11240,0%,Y,5422014,4129542,1292472,0.2384
2025-09,Customer 18,West Indonesia,Modern Trade,Key Account,SKU 02,Beverage,228,8573,6854,7989,3%,N,1954644,1562712,391932,0.2005
2025-09,Customer 18,West Indonesia,Modern Trade,Key Account,SKU 10,Dairy,1183,52330,39079,56128,8%,Y,61906390,46230457,15675933,0.2532
2025-09,Customer 18,West Indonesia,Modern Trade,Key Account,SKU 20,Personal Care,295,14031,10276,14593,0%,N,4139145,3031420,1107725,0.2676
2025-09,Customer 18,West Indonesia,Online,Key Account,SKU 11,Dairy,512,9975,6909,10659,8%,Y,5107200,3537408,1569792,0.3074
2025-09,Customer 19,East Indonesia,General Trade,Distributor,SKU 19,Personal Care,901,37047,23907,33907,5%,N,33379347,21540207,11839140,0.3547
2025-09,Customer 19,East Indonesia,Online,Distributor,SKU 14,Frozen,1265,13721,8979,14181,8%,N,17357065,11358435,5998630,0.3456
2025-09,Customer 19,East Indonesia,Modern Trade,Distributor,SKU 09,Dairy,532,23989,17994,25491,8%,N,12762148,9572808,3189340,0.2499
2025-09,Customer 19,East Indonesia,General Trade,Distributor,SKU 08,Snack,1155,29030,19148,27381,8%,N,33529650,22115940,11413710,0.3404
2025-09,Customer 19,East Indonesia,General Trade,Distributor,SKU 17,Personal Care,410,26099,15819,28456,5%,N,10700590,6485790,4214800,0.3939
2025-09,Customer 19,East Indonesia,Online,Distributor,SKU 12,Dairy,1194,8123,5172,8061,0%,N,9698862,6175368,3523494,0.3633
2025-09,Customer 19,East Indonesia,Modern Trade,Distributor,SKU 05,Snack,703,13178,8729,13522,5%,Y,9264134,6136487,3127647,0.3376
2025-09,Customer 19,East Indonesia,General Trade,Distributor,SKU 07,Snack,179,46857,35419,49591,0%,N,8387403,6340001,2047402,0.2441
2025-09,Customer 19,East Indonesia,Modern Trade,Distributor,SKU 20,Personal Care,270,14776,12316,13331,3%,N,3989520,3325320,664200,0.1665
2025-09,Customer 20,West Indonesia,General Trade,Distributor,SKU 01,Beverage,1227,23405,16623,25275,5%,N,28717935,20396421,8321514,0.2898
2025-09,Customer 20,West Indonesia,Modern Trade,Distributor,SKU 07,Snack,1154,44345,37215,40468,0%,N,51174130,42946110,8228020,0.1608
2025-09,Customer 20,West Indonesia,Modern Trade,Distributor,SKU 20,Personal Care,199,14870,10046,15038,0%,N,2959130,1999154,959976,0.3244
2025-09,Customer 20,West Indonesia,General Trade,Distributor,SKU 03,Beverage,667,45596,30932,48127,0%,N,30412532,20631644,9780888,0.3216
2025-09,Customer 20,West Indonesia,Online,Distributor,SKU 14,Frozen,1023,13294,9697,14343,0%,N,13599762,9920031,3679731,0.2706
2025-09,Customer 20,West Indonesia,Modern Trade,Distributor,SKU 09,Dairy,830,22543,15955,21612,0%,N,18710690,13242650,5468040,0.2922
2025-09,Customer 20,West Indonesia,Online,Distributor,SKU 13,Frozen,1227,10989,8099,11020,0%,N,13483503,9937473,3546030,0.263
2025-09,Customer 20,West Indonesia,Modern Trade,Distributor,SKU 16,Frozen,878,47212,39170,50562,3%,N,41452136,34391260,7060876,0.1703
2025-09,Customer 20,West Indonesia,Online,Distributor,SKU 15,Frozen,671,42229,29693,41252,0%,Y,28335659,19924003,8411656,0.2969
2025-09,Customer 20,West Indonesia,Modern Trade,Distributor,SKU 02,Beverage,1114,8974,7202,9093,5%,N,9997036,8023028,1974008,0.1975
2025-09,Customer 21,East Indonesia,Modern Trade,Key Account,SKU 12,Dairy,584,9456,6670,8738,8%,N,5522304,3895280,1627024,0.2946
2025-09,Customer 21,East Indonesia,Modern Trade,Key Account,SKU 04,Beverage,920,18933,15000,19694,0%,N,17418360,13800000,3618360,0.2077
2025-09,Customer 21,East Indonesia,Modern Trade,Key Account,SKU 10,Dairy,446,51948,31549,52062,0%,N,23168808,14070854,9097954,0.3927
2025-09,Customer 21,East Indonesia,General Trade,Key Account,SKU 05,Snack,1078,14199,11941,15570,0%,N,15306522,12872398,2434124,0.159
2025-09,Customer 21,East Indonesia,Online,Key Account,SKU 20,Personal Care,375,15502,10736,16422,0%,N,5813250,4026000,1787250,0.3074
2025-09,Customer 21,East Indonesia,General Trade,Key Account,SKU 19,Personal Care,208,38755,25887,37074,3%,Y,8061040,5384496,2676544,0.332
2025-09,Customer 21,East Indonesia,Modern Trade,Key Account,SKU 03,Beverage,519,47250,37921,49928,5%,N,24522750,19680999,4841751,0.1974
2025-09,Customer 21,East Indonesia,General Trade,Key Account,SKU 02,Beverage,480,9239,6623,9863,3%,N,4434720,3179040,1255680,0.2831
2025-09,Customer 21,East Indonesia,General Trade,Key Account,SKU 08,Snack,508,29716,18730,28319,0%,N,15095728,9514840,5580888,0.3697
2025-09,Customer 21,East Indonesia,Modern Trade,Key Account,SKU 09,Dairy,159,22140,18096,21955,8%,Y,3520260,2877264,642996,0.1827
2025-09,Customer 21,East Indonesia,Modern Trade,Key Account,SKU 11,Dairy,631,9537,7944,9887,8%,N,6017847,5012664,1005183,0.167
2025-09,Customer 21,East Indonesia,Modern Trade,Key Account,SKU 07,Snack,405,46909,32782,46978,8%,N,18998145,13276710,5721435,0.3012
2025-09,Customer 22,Central Indonesia,General Trade,Retailer,SKU 08,Snack,295,31154,21289,34056,0%,Y,9190430,6280255,2910175,0.3167
2025-09,Customer 22,Central Indonesia,Modern Trade,Retailer,SKU 03,Beverage,476,48888,31522,49316,5%,N,23270688,15004472,8266216,0.3552
2025-09,Customer 22,Central Indonesia,General Trade,Retailer,SKU 09,Dairy,885,25447,16429,24696,0%,N,22520595,14539665,7980930,0.3544
2025-09,Customer 22,Central Indonesia,Modern Trade,Retailer,SKU 11,Dairy,391,9709,6191,10093,0%,N,3796219,2420681,1375538,0.3623
2025-09,Customer 22,Central Indonesia,General Trade,Retailer,SKU 19,Personal Care,844,37455,28060,35204,0%,N,31612020,23682640,7929380,0.2508
2025-09,Customer 22,Central Indonesia,Modern Trade,Retailer,SKU 17,Personal Care,562,26882,19259,28680,5%,N,15107684,10823558,4284126,0.2836
2025-09,Customer 22,Central Indonesia,Online,Retailer,SKU 20,Personal Care,529,14876,10473,16314,5%,N,7869404,5540217,2329187,0.296
2025-09,Customer 22,Central Indonesia,General Trade,Retailer,SKU 02,Beverage,636,8286,6491,8421,0%,N,5269896,4128276,1141620,0.2166
2025-09,Customer 22,Central Indonesia,General Trade,Retailer,SKU 13,Frozen,576,10724,6609,10249,3%,N,6177024,3806784,2370240,0.3837
2025-09,Customer 22,Central Indonesia,General Trade,Retailer,SKU 07,Snack,620,47974,39024,45795,0%,N,29743880,24194880,5549000,0.1866
2025-09,Customer 22,Central Indonesia,Modern Trade,Retailer,SKU 14,Frozen,1063,12465,9171,12865,0%,N,13250295,9748773,3501522,0.2643
2025-09,Customer 22,Central Indonesia,Modern Trade,Retailer,SKU 12,Dairy,259,9460,6876,9538,5%,N,2450140,1780884,669256,0.2732
2025-09,Customer 22,Central Indonesia,General Trade,Retailer,SKU 10,Dairy,577,46258,35361,46927,0%,N,26690866,20403297,6287569,0.2356
2025-09,Customer 22,Central Indonesia,Modern Trade,Retailer,SKU 18,Personal Care,590,27530,19985,28357,0%,N,16242700,11791150,4451550,0.2741
2025-09,Customer 22,Central Indonesia,Online,Retailer,SKU 01,Beverage,461,21903,14681,23661,3%,N,10097283,6767941,3329342,0.3297
2025-09,Customer 23,West Indonesia,Modern Trade,Retailer,SKU 06,Snack,364,26146,16273,23833,8%,N,9517144,5923372,3593772,0.3776
2025-09,Customer 23,West Indonesia,Modern Trade,Retailer,SKU 07,Snack,506,42582,27695,39587,0%,Y,21546492,14013670,7532822,0.3496
2025-09,Customer 23,West Indonesia,Online,Retailer,SKU 11,Dairy,565,9266,5579,9436,3%,N,5235290,3152135,2083155,0.3979
2025-09,Customer 23,West Indonesia,General Trade,Retailer,SKU 16,Frozen,976,44131,36498,41851,0%,N,43071856,35622048,7449808,0.173
2025-09,Customer 23,West Indonesia,General Trade,Retailer,SKU 18,Personal Care,183,25700,20548,23550,5%,Y,4703100,3760284,942816,0.2005
2025-09,Customer 23,West Indonesia,Modern Trade,Retailer,SKU 14,Frozen,507,13768,10608,14807,3%,Y,6980376,5378256,1602120,0.2295
2025-09,Customer 23,West Indonesia,Modern Trade,Retailer,SKU 01,Beverage,626,23981,17117,25468,3%,N,15012106,10715242,4296864,0.2862
2025-09,Customer 23,West Indonesia,Modern Trade,Retailer,SKU 12,Dairy,362,8126,5496,8732,0%,N,2941612,1989552,952060,0.3237
2025-09,Customer 23,West Indonesia,Modern Trade,Retailer,SKU 05,Snack,538,13644,10366,14191,3%,Y,7340472,5576908,1763564,0.2403
2025-09,Customer 24,East Indonesia,Online,Key Account,SKU 16,Frozen,895,50302,30888,47291,0%,N,45020290,27644760,17375530,0.3859
2025-09,Customer 24,East Indonesia,General Trade,Key Account,SKU 01,Beverage,1256,24486,17207,25929,3%,N,30754416,21611992,9142424,0.2973
2025-09,Customer 24,East Indonesia,Modern Trade,Key Account,SKU 13,Frozen,359,10355,8506,10726,0%,N,3717445,3053654,663791,0.1786
2025-09,Customer 24,East Indonesia,Modern Trade,Key Account,SKU 05,Snack,689,13817,9167,14747,5%,Y,9519913,6316063,3203850,0.3365
2025-09,Customer 24,East Indonesia,General Trade,Key Account,SKU 03,Beverage,314,46176,33376,44209,0%,N,14499264,10480064,4019200,0.2772
2025-09,Customer 24,East Indonesia,Modern Trade,Key Account,SKU 11,Dairy,880,10190,7967,10898,0%,N,8967200,7010960,1956240,0.2182
2025-09,Customer 24,East Indonesia,Modern Trade,Key Account,SKU 18,Personal Care,811,28088,17635,26854,0%,Y,22779368,14301985,8477383,0.3722
2025-09,Customer 24,East Indonesia,General Trade,Key Account,SKU 19,Personal Care,290,34912,22527,37737,8%,N,10124480,6532830,3591650,0.3547
2025-09,Customer 25,East Indonesia,General Trade,Distributor,SKU 06,Snack,546,26588,16599,25868,8%,N,14517048,9063054,5453994,0.3757
2025-09,Customer 25,East Indonesia,Online,Distributor,SKU 19,Personal Care,96,36215,25759,33342,0%,N,3476640,2472864,1003776,0.2887
2025-09,Customer 25,East Indonesia,General Trade,Distributor,SKU 03,Beverage,797,47122,39366,47659,0%,N,37556234,31374702,6181532,0.1646
2025-09,Customer 25,East Indonesia,General Trade,Distributor,SKU 11,Dairy,184,9307,6797,8969,0%,N,1712488,1250648,461840,0.2697
2025-09,Customer 25,East Indonesia,Modern Trade,Distributor,SKU 13,Frozen,596,9689,6784,9955,3%,N,5774644,4043264,1731380,0.2998
2025-09,Customer 25,East Indonesia,Modern Trade,Distributor,SKU 04,Beverage,92,17926,15026,18958,0%,N,1649192,1382392,266800,0.1618
2025-09,Customer 25,East Indonesia,General Trade,Distributor,SKU 20,Personal Care,634,13407,9483,12788,0%,N,8500038,6012222,2487816,0.2927
2025-09,Customer 25,East Indonesia,General Trade,Distributor,SKU 08,Snack,965,31910,25973,30238,8%,Y,30793150,25063945,5729205,0.1861
2025-09,Customer 25,East Indonesia,Modern Trade,Distributor,SKU 17,Personal Care,1197,23569,17277,22720,3%,Y,28212093,20680569,7531524,0.267
2025-09,Customer 25,East Indonesia,General Trade,Distributor,SKU 14,Frozen,561,14293,12064,15020,5%,N,8018373,6767904,1250469,0.156
2025-09,Customer 25,East Indonesia,General Trade,Distributor,SKU 07,Snack,873,45093,34043,45656,0%,N,39366189,29719539,9646650,0.245
2025-09,Customer 26,East Indonesia,General Trade,Key Account,SKU 01,Beverage,138,23761,14908,24027,8%,N,3279018,2057304,1221714,0.3726
2025-09,Customer 26,East Indonesia,Modern Trade,Key Account,SKU 06,Snack,1226,23071,18186,22180,0%,N,28285046,22296036,5989010,0.2117
2025-09,Customer 26,East Indonesia,Online,Key Account,SKU 17,Personal Care,1171,26921,22444,27041,8%,N,31524491,26281924,5242567,0.1663
2025-09,Customer 26,East Indonesia,General Trade,Key Account,SKU 05,Snack,300,15091,10087,14023,0%,N,4527300,3026100,1501200,0.3316
2025-09,Customer 26,East Indonesia,General Trade,Key Account,SKU 19,Personal Care,591,34420,21886,37526,5%,N,20342220,12934626,7407594,0.3641
2025-09,Customer 26,East Indonesia,Modern Trade,Key Account,SKU 02,Beverage,1041,9163,6990,8831,5%,N,9538683,7276590,2262093,0.2371
2025-09,Customer 26,East Indonesia,General Trade,Key Account,SKU 15,Frozen,661,42304,29111,42538,0%,N,27962944,19242371,8720573,0.3119
2025-09,Customer 26,East Indonesia,General Trade,Key Account,SKU 10,Dairy,182,49392,41118,47066,3%,N,8989344,7483476,1505868,0.1675
2025-09,Customer 26,East Indonesia,Online,Key Account,SKU 12,Dairy,312,8441,5220,9139,8%,N,2633592,1628640,1004952,0.3816
2025-09,Customer 26,East Indonesia,Online,Key Account,SKU 11,Dairy,677,9154,5570,9616,8%,N,6197258,3770890,2426368,0.3915
2025-09,Customer 27,West Indonesia,General Trade,Distributor,SKU 20,Personal Care,829,13767,8923,13532,0%,Y,11412843,7397167,4015676,0.3519
2025-09,Customer 27,West Indonesia,General Trade,Distributor,SKU 13,Frozen,797,10507,8516,10976,0%,N,8374079,6787252,1586827,0.1895
2025-09,Customer 27,West Indonesia,General Trade,Distributor,SKU 05,Snack,1172,13890,10677,13558,0%,Y,16279080,12513444,3765636,0.2313
2025-09,Customer 27,West Indonesia,General Trade,Distributor,SKU 16,Frozen,1172,43959,27558,46207,0%,N,51519948,32297976,19221972,0.3731
2025-09,Customer 27,West Indonesia,General Trade,Distributor,SKU 01,Beverage,1078,24753,18814,23724,0%,N,26683734,20281492,6402242,0.2399
2025-09,Customer 27,West Indonesia,General Trade,Distributor,SKU 18,Personal Care,442,28989,22960,30703,0%,N,12813138,10148320,2664818,0.208
2025-09,Customer 27,West Indonesia,General Trade,Distributor,SKU 09,Dairy,1034,25728,18657,26366,0%,Y,26602752,19291338,7311414,0.2748
2025-09,Customer 27,West Indonesia,Modern Trade,Distributor,SKU 06,Snack,1083,25964,19927,28546,3%,N,28119012,21580941,6538071,0.2325
2025-09,Customer 27,West Indonesia,Modern Trade,Distributor,SKU 19,Personal Care,470,36931,24287,38983,0%,N,17357570,11414890,5942680,0.3424
2025-09,Customer 27,West Indonesia,General Trade,Distributor,SKU 11,Dairy,666,9310,7745,9873,3%,Y,6200460,5158170,1042290,0.1681
2025-09,Customer 27,West Indonesia,Modern Trade,Distributor,SKU 15,Frozen,601,44937,28722,41797,0%,N,27007137,17261922,9745215,0.3608
2025-09,Customer 27,West Indonesia,General Trade,Distributor,SKU 12,Dairy,236,8306,5275,7991,0%,N,1960216,1244900,715316,0.3649
2025-09,Customer 27,West Indonesia,Modern Trade,Distributor,SKU 07,Snack,138,44977,37819,47138,0%,N,6206826,5219022,987804,0.1591
2025-09,Customer 27,West Indonesia,Modern Trade,Distributor,SKU 02,Beverage,733,8617,6186,7765,3%,N,6316261,4534338,1781923,0.2821
2025-09,Customer 28,Central Indonesia,Modern Trade,Distributor,SKU 14,Frozen,576,12509,8273,11715,0%,N,7205184,4765248,2439936,0.3386
2025-09,Customer 28,Central Indonesia,General Trade,Distributor,SKU 03,Beverage,925,48524,30764,52598,0%,N,44884700,28456700,16428000,0.366
2025-09,Customer 28,Central Indonesia,General Trade,Distributor,SKU 17,Personal Care,1059,24585,15387,22469,0%,N,26035515,16294833,9740682,0.3741
2025-09,Customer 28,Central Indonesia,Modern Trade,Distributor,SKU 06,Snack,638,23119,14397,24101,0%,Y,14749922,9185286,5564636,0.3773
2025-09,Customer 28,Central Indonesia,Modern Trade,Distributor,SKU 08,Snack,902,27765,21837,30203,0%,N,25044030,19696974,5347056,0.2135
2025-09,Customer 28,Central Indonesia,General Trade,Distributor,SKU 11,Dairy,643,10370,7342,9871,0%,N,6667910,4720906,1947004,0.292
2025-09,Customer 28,Central Indonesia,Modern Trade,Distributor,SKU 15,Frozen,713,47158,30339,49386,0%,Y,33623654,21631707,11991947,0.3567
2025-09,Customer 28,Central Indonesia,General Trade,Distributor,SKU 02,Beverage,289,9113,7494,9710,0%,N,2633657,2165766,467891,0.1777
2025-09,Customer 28,Central Indonesia,Modern Trade,Distributor,SKU 13,Frozen,226,10523,7176,10451,0%,N,2378198,1621776,756422,0.3181
2025-09,Customer 28,Central Indonesia,General Trade,Distributor,SKU 09,Dairy,279,23560,15490,24961,0%,N,6573240,4321710,2251530,0.3425
2025-09,Customer 28,Central Indonesia,General Trade,Distributor,SKU 18,Personal Care,457,29055,20443,26472,5%,N,13278135,9342451,3935684,0.2964
2025-09,Customer 28,Central Indonesia,Online,Distributor,SKU 05,Snack,1080,13548,8233,13267,3%,N,14631840,8891640,5740200,0.3923
2025-09,Customer 29,Central Indonesia,Modern Trade,Retailer,SKU 01,Beverage,590,24511,20657,25848,0%,N,14461490,12187630,2273860,0.1572
2025-09,Customer 29,Central Indonesia,General Trade,Retailer,SKU 06,Snack,928,26500,18726,24026,5%,N,24592000,17377728,7214272,0.2934
2025-09,Customer 29,Central Indonesia,Modern Trade,Retailer,SKU 09,Dairy,1091,24419,15932,26507,8%,N,26641129,17381812,9259317,0.3476
2025-09,Customer 29,Central Indonesia,Modern Trade,Retailer,SKU 14,Frozen,1017,14256,11744,15493,0%,Y,14498352,11943648,2554704,0.1762
2025-09,Customer 29,Central Indonesia,Online,Retailer,SKU 17,Personal Care,448,24620,20797,25830,3%,Y,11029760,9317056,1712704,0.1553
2025-09,Customer 29,Central Indonesia,Modern Trade,Retailer,SKU 07,Snack,715,47051,31519,44754,3%,N,33641465,22536085,11105380,0.3301
2025-09,Customer 29,Central Indonesia,Online,Retailer,SKU 20,Personal Care,313,13506,11085,12846,8%,N,4227378,3469605,757773,0.1793
2025-09,Customer 29,Central Indonesia,General Trade,Retailer,SKU 12,Dairy,329,8075,6849,8369,3%,N,2656675,2253321,403354,0.1518
2025-09,Customer 29,Central Indonesia,Online,Retailer,SKU 08,Snack,419,27735,22437,25862,3%,N,11620965,9401103,2219862,0.191
2025-09,Customer 29,Central Indonesia,General Trade,Retailer,SKU 13,Frozen,1121,10419,7518,9608,0%,N,11679699,8427678,3252021,0.2784
2025-09,Customer 29,Central Indonesia,Modern Trade,Retailer,SKU 15,Frozen,846,47737,38024,47980,0%,N,40385502,32168304,8217198,0.2035
2025-09,Customer 29,Central Indonesia,Online,Retailer,SKU 11,Dairy,931,10156,6320,9772,0%,Y,9455236,5883920,3571316,0.3777
2025-09,Customer 29,Central Indonesia,Modern Trade,Retailer,SKU 10,Dairy,1012,50468,34299,51631,3%,N,51073616,34710588,16363028,0.3204
2025-09,Customer 30,West Indonesia,Modern Trade,Key Account,SKU 16,Frozen,849,44653,35715,46862,3%,N,37910397,30322035,7588362,0.2002
2025-09,Customer 30,West Indonesia,Modern Trade,Key Account,SKU 10,Dairy,775,52394,41487,49447,8%,N,40605350,32152425,8452925,0.2082
2025-09,Customer 30,West Indonesia,General Trade,Key Account,SKU 02,Beverage,686,8987,6268,9032,0%,N,6165082,4299848,1865234,0.3025
2025-09,Customer 30,West Indonesia,General Trade,Key Account,SKU 06,Snack,501,23025,17733,22243,0%,N,11535525,8884233,2651292,0.2298
2025-09,Customer 30,West Indonesia,General Trade,Key Account,SKU 19,Personal Care,834,36006,22518,37324,3%,N,30029004,18780012,11248992,0.3746
2025-09,Customer 30,West Indonesia,Modern Trade,Key Account,SKU 07,Snack,904,45819,31993,43659,0%,Y,41420376,28921672,12498704,0.3018
2025-09,Customer 30,West Indonesia,Online,Key Account,SKU 20,Personal Care,1164,13729,9130,14441,0%,N,15980556,10627320,5353236,0.335
2025-09,Customer 30,West Indonesia,General Trade,Key Account,SKU 14,Frozen,869,12894,8800,12517,0%,N,11204886,7647200,3557686,0.3175
2025-10,Customer 01,East Indonesia,Modern Trade,Key Account,SKU 13,Frozen,589,9779,6515,9979,0%,N,5759831,3837335,1922496,0.3338
2025-10,Customer 01,East Indonesia,General Trade,Key Account,SKU 08,Snack,1130,28134,21592,30400,0%,Y,31791420,24398960,7392460,0.2325
2025-10,Customer 01,East Indonesia,General Trade,Key Account,SKU 05,Snack,315,14053,11634,14679,5%,N,4426695,3664710,761985,0.1721
2025-10,Customer 01,East Indonesia,Modern Trade,Key Account,SKU 10,Dairy,664,46338,37505,42201,3%,Y,30768432,24903320,5865112,0.1906
2025-10,Customer 01,East Indonesia,Modern Trade,Key Account,SKU 15,Frozen,390,48804,30337,53169,0%,Y,19033560,11831430,7202130,0.3784
2025-10,Customer 01,East Indonesia,Modern Trade,Key Account,SKU 18,Personal Care,574,28893,19198,28768,0%,Y,16584582,11019652,5564930,0.3355
2025-10,Customer 01,East Indonesia,General Trade,Key Account,SKU 20,Personal Care,963,14622,9793,13735,0%,N,14080986,9430659,4650327,0.3303
2025-10,Customer 01,East Indonesia,General Trade,Key Account,SKU 12,Dairy,630,8338,5308,8279,3%,N,5252940,3344040,1908900,0.3634
2025-10,Customer 01,East Indonesia,Modern Trade,Key Account,SKU 19,Personal Care,508,34327,25610,37395,0%,N,17438116,13009880,4428236,0.2539
2025-10,Customer 01,East Indonesia,Modern Trade,Key Account,SKU 11,Dairy,879,10310,6262,9453,0%,N,9062490,5504298,3558192,0.3926
2025-10,Customer 02,Central Indonesia,General Trade,Distributor,SKU 09,Dairy,630,24488,17432,26655,0%,N,15427440,10982160,4445280,0.2881
2025-10,Customer 02,Central Indonesia,General Trade,Distributor,SKU 11,Dairy,457,9633,7694,9215,0%,N,4402281,3516158,886123,0.2013
2025-10,Customer 02,Central Indonesia,General Trade,Distributor,SKU 01,Beverage,73,22769,13937,24944,0%,N,1662137,1017401,644736,0.3879
2025-10,Customer 02,Central Indonesia,Modern Trade,Distributor,SKU 08,Snack,299,27590,17601,30309,0%,N,8249410,5262699,2986711,0.3621
2025-10,Customer 02,Central Indonesia,Online,Distributor,SKU 14,Frozen,609,14068,10193,14078,0%,N,8567412,6207537,2359875,0.2754
2025-10,Customer 02,Central Indonesia,Online,Distributor,SKU 20,Personal Care,995,15545,11343,14041,3%,N,15467275,11286285,4180990,0.2703
2025-10,Customer 02,Central Indonesia,Online,Distributor,SKU 18,Personal Care,776,25743,16408,24367,3%,N,19976568,12732608,7243960,0.3626
2025-10,Customer 02,Central Indonesia,Modern Trade,Distributor,SKU 05,Snack,592,15223,12159,13909,5%,N,9012016,7198128,1813888,0.2013
2025-10,Customer 02,Central Indonesia,Modern Trade,Distributor,SKU 15,Frozen,374,44437,35409,41740,8%,N,16619438,13242966,3376472,0.2032
2025-10,Customer 02,Central Indonesia,General Trade,Distributor,SKU 13,Frozen,1012,9901,6516,9839,5%,N,10019812,6594192,3425620,0.3419
2025-10,Customer 02,Central Indonesia,General Trade,Distributor,SKU 07,Snack,533,43440,29409,40402,5%,N,23153520,15674997,7478523,0.323
2025-10,Customer 02,Central Indonesia,Modern Trade,Distributor,SKU 10,Dairy,177,52211,32363,53364,0%,N,9241347,5728251,3513096,0.3801
2025-10,Customer 02,Central Indonesia,Modern Trade,Distributor,SKU 03,Beverage,807,44307,26602,40151,0%,N,35755749,21467814,14287935,0.3996
2025-10,Customer 02,Central Indonesia,Online,Distributor,SKU 16,Frozen,887,49392,30373,51112,0%,N,43810704,26940851,16869853,0.3851
2025-10,Customer 03,West Indonesia,General Trade,Retailer,SKU 10,Dairy,286,51131,31040,51103,0%,N,14623466,8877440,5746026,0.3929
2025-10,Customer 03,West Indonesia,Online,Retailer,SKU 14,Frozen,1177,12787,7742,11550,0%,N,15050299,9112334,5937965,0.3945
2025-10,Customer 03,West Indonesia,Modern Trade,Retailer,SKU 04,Beverage,985,20698,12791,22461,5%,N,20387530,12599135,7788395,0.382
2025-10,Customer 03,West Indonesia,General Trade,Retailer,SKU 19,Personal Care,351,38729,28130,36705,0%,N,13593879,9873630,3720249,0.2737
2025-10,Customer 03,West Indonesia,General Trade,Retailer,SKU 17,Personal Care,1202,25558,18699,25605,8%,N,30720716,22476198,8244518,0.2684
2025-10,Customer 03,West Indonesia,General Trade,Retailer,SKU 09,Dairy,970,25127,19445,25000,0%,N,24373190,18861650,5511540,0.2261
2025-10,Customer 03,West Indonesia,Modern Trade,Retailer,SKU 01,Beverage,1113,23391,18184,24587,0%,N,26034183,20238792,5795391,0.2226
2025-10,Customer 03,West Indonesia,Online,Retailer,SKU 11,Dairy,759,9388,7429,10281,0%,N,7125492,5638611,1486881,0.2087
2025-10,Customer 04,East Indonesia,Modern Trade,Retailer,SKU 05,Snack,1192,14873,11155,16278,0%,N,17728616,13296760,4431856,0.25
2025-10,Customer 04,East Indonesia,Modern Trade,Retailer,SKU 19,Personal Care,238,36940,29240,36496,0%,N,8791720,6959120,1832600,0.2084
2025-10,Customer 04,East Indonesia,General Trade,Retailer,SKU 07,Snack,782,43919,36421,48136,0%,Y,34344658,28481222,5863436,0.1707
2025-10,Customer 04,East Indonesia,General Trade,Retailer,SKU 14,Frozen,968,12570,8107,12769,0%,N,12167760,7847576,4320184,0.3551
2025-10,Customer 04,East Indonesia,General Trade,Retailer,SKU 09,Dairy,540,22127,18702,20076,5%,Y,11948580,10099080,1849500,0.1548
2025-10,Customer 04,East Indonesia,General Trade,Retailer,SKU 08,Snack,603,30108,22649,31472,0%,N,18155124,13657347,4497777,0.2477
2025-10,Customer 04,East Indonesia,General Trade,Retailer,SKU 20,Personal Care,535,14926,10436,14309,0%,N,7985410,5583260,2402150,0.3008
2025-10,Customer 04,East Indonesia,General Trade,Retailer,SKU 02,Beverage,198,8555,6269,7722,0%,N,1693890,1241262,452628,0.2672
2025-10,Customer 04,East Indonesia,Online,Retailer,SKU 03,Beverage,797,43239,29061,44043,0%,N,34461483,23161617,11299866,0.3279
2025-10,Customer 04,East Indonesia,General Trade,Retailer,SKU 15,Frozen,842,43116,34743,43115,3%,N,36303672,29253606,7050066,0.1942
2025-10,Customer 05,West Indonesia,Modern Trade,Distributor,SKU 11,Dairy,411,9413,6478,10044,0%,N,3868743,2662458,1206285,0.3118
2025-10,Customer 05,West Indonesia,Modern Trade,Distributor,SKU 16,Frozen,779,48906,35237,50088,0%,N,38097774,27449623,10648151,0.2795
2025-10,Customer 05,West Indonesia,General Trade,Distributor,SKU 02,Beverage,1039,9386,6578,9783,8%,Y,9752054,6834542,2917512,0.2992
2025-10,Customer 05,West Indonesia,General Trade,Distributor,SKU 15,Frozen,580,42553,30383,43261,0%,Y,24680740,17622140,7058600,0.286
2025-10,Customer 05,West Indonesia,Modern Trade,Distributor,SKU 01,Beverage,406,24300,20092,24934,0%,N,9865800,8157352,1708448,0.1732
2025-10,Customer 05,West Indonesia,General Trade,Distributor,SKU 19,Personal Care,860,34036,26578,33146,8%,N,29270960,22857080,6413880,0.2191
2025-10,Customer 05,West Indonesia,Modern Trade,Distributor,SKU 08,Snack,501,29377,24594,31237,0%,N,14717877,12321594,2396283,0.1628
2025-10,Customer 05,West Indonesia,Online,Distributor,SKU 12,Dairy,634,9021,5450,9179,0%,Y,5719314,3455300,2264014,0.3959
2025-10,Customer 05,West Indonesia,Online,Distributor,SKU 10,Dairy,521,45442,36126,49633,5%,N,23675282,18821646,4853636,0.205
2025-10,Customer 05,West Indonesia,Modern Trade,Distributor,SKU 17,Personal Care,901,23794,19294,23407,0%,N,21438394,17383894,4054500,0.1891
2025-10,Customer 05,West Indonesia,Modern Trade,Distributor,SKU 09,Dairy,1110,24155,17382,26314,0%,N,26812050,19294020,7518030,0.2804
2025-10,Customer 06,West Indonesia,Modern Trade,Retailer,SKU 05,Snack,543,14536,9844,14075,5%,N,7893048,5345292,2547756,0.3228
2025-10,Customer 06,West Indonesia,Modern Trade,Retailer,SKU 17,Personal Care,473,27072,17718,28464,5%,N,12805056,8380614,4424442,0.3455
2025-10,Customer 06,West Indonesia,Modern Trade,Retailer,SKU 12,Dairy,287,8944,5937,8501,8%,N,2566928,1703919,863009,0.3362
2025-10,Customer 06,West Indonesia,General Trade,Retailer,SKU 09,Dairy,924,23584,17879,23815,0%,N,21791616,16520196,5271420,0.2419
2025-10,Customer 06,West Indonesia,Modern Trade,Retailer,SKU 13,Frozen,771,10319,7668,9816,0%,N,7955949,5912028,2043921,0.2569
2025-10,Customer 06,West Indonesia,General Trade,Retailer,SKU 19,Personal Care,160,39504,27197,40713,8%,N,6320640,4351520,1969120,0.3115
2025-10,Customer 06,West Indonesia,Modern Trade,Retailer,SKU 11,Dairy,813,9744,6741,10212,0%,Y,7921872,5480433,2441439,0.3082
2025-10,Customer 06,West Indonesia,Modern Trade,Retailer,SKU 14,Frozen,1011,14327,8955,15694,3%,N,14484597,9053505,5431092,0.375
2025-10,Customer 07,Central Indonesia,Modern Trade,Distributor,SKU 20,Personal Care,1117,13898,9490,13656,0%,N,15524066,10600330,4923736,0.3172
2025-10,Customer 07,Central Indonesia,Modern Trade,Distributor,SKU 15,Frozen,576,48405,35068,48833,0%,Y,27881280,20199168,7682112,0.2755
2025-10,Customer 07,Central Indonesia,General Trade,Distributor,SKU 04,Beverage,263,19607,15252,21280,3%,N,5156641,4011276,1145365,0.2221
2025-10,Customer 07,Central Indonesia,Online,Distributor,SKU 03,Beverage,1136,42718,33395,39829,5%,N,48527648,37936720,10590928,0.2182
2025-10,Customer 07,Central Indonesia,Modern Trade,Distributor,SKU 13,Frozen,451,10196,7538,9520,0%,Y,4598396,3399638,1198758,0.2607
2025-10,Customer 07,Central Indonesia,Modern Trade,Distributor,SKU 01,Beverage,719,24823,18607,23994,0%,Y,17847737,13378433,4469304,0.2504
2025-10,Customer 07,Central Indonesia,General Trade,Distributor,SKU 07,Snack,850,46251,34684,42150,0%,N,39313350,29481400,9831950,0.2501
2025-10,Customer 07,Central Indonesia,Modern Trade,Distributor,SKU 17,Personal Care,85,27092,18160,25755,0%,Y,2302820,1543600,759220,0.3297
2025-10,Customer 07,Central Indonesia,Modern Trade,Distributor,SKU 10,Dairy,543,48266,34946,49704,0%,N,26208438,18975678,7232760,0.276
2025-10,Customer 07,Central Indonesia,Online,Distributor,SKU 12,Dairy,1247,9136,5620,9177,0%,N,11392592,7008140,4384452,0.3849
2025-10,Customer 07,Central Indonesia,Modern Trade,Distributor,SKU 14,Frozen,970,12416,10318,11549,3%,N,12043520,10008460,2035060,0.169
2025-10,Customer 08,East Indonesia,Online,Retailer,SKU 16,Frozen,1198,50568,39272,53076,3%,N,60580464,47047856,13532608,0.2234
2025-10,Customer 08,East Indonesia,Modern Trade,Retailer,SKU 09,Dairy,455,25542,19999,27353,3%,N,11621610,9099545,2522065,0.217
2025-10,Customer 08,East Indonesia,General Trade,Retailer,SKU 01,Beverage,475,24370,14964,26492,3%,N,11575750,7107900,4467850,0.386
2025-10,Customer 08,East Indonesia,General Trade,Retailer,SKU 02,Beverage,701,8792,6616,8230,5%,N,6163192,4637816,1525376,0.2475
2025-10,Customer 08,East Indonesia,General Trade,Retailer,SKU 11,Dairy,824,9411,5678,9087,0%,N,7754664,4678672,3075992,0.3967
2025-10,Customer 08,East Indonesia,General Trade,Retailer,SKU 12,Dairy,444,9254,7029,8646,3%,N,4108776,3120876,987900,0.2404
2025-10,Customer 08,East Indonesia,General Trade,Retailer,SKU 20,Personal Care,275,13466,11091,13864,5%,Y,3703150,3050025,653125,0.1764
2025-10,Customer 08,East Indonesia,General Trade,Retailer,SKU 05,Snack,1173,13349,10939,12114,0%,N,15658377,12831447,2826930,0.1805
2025-10,Customer 08,East Indonesia,General Trade,Retailer,SKU 13,Frozen,1104,11019,7383,10000,0%,N,12164976,8150832,4014144,0.33
2025-10,Customer 08,East Indonesia,General Trade,Retailer,SKU 18,Personal Care,1194,26963,17490,24500,0%,N,32193822,20883060,11310762,0.3513
2025-10,Customer 09,Central Indonesia,Online,Distributor,SKU 10,Dairy,947,51676,40101,54683,3%,Y,48937172,37975647,10961525,0.224
2025-10,Customer 09,Central Indonesia,General Trade,Distributor,SKU 01,Beverage,278,23194,14601,22728,8%,N,6447932,4059078,2388854,0.3705
2025-10,Customer 09,Central Indonesia,Modern Trade,Distributor,SKU 09,Dairy,908,22790,19004,22672,0%,N,20693320,17255632,3437688,0.1661
2025-10,Customer 09,Central Indonesia,Modern Trade,Distributor,SKU 06,Snack,1079,24182,18007,25620,0%,N,26092378,19429553,6662825,0.2554
2025-10,Customer 09,Central Indonesia,Modern Trade,Distributor,SKU 20,Personal Care,1121,13719,9642,13194,0%,N,15378999,10808682,4570317,0.2972
2025-10,Customer 09,Central Indonesia,Online,Distributor,SKU 16,Frozen,1077,46959,33322,42481,0%,N,50574843,35887794,14687049,0.2904
2025-10,Customer 09,Central Indonesia,General Trade,Distributor,SKU 03,Beverage,1218,47728,32096,49324,0%,Y,58132704,39092928,19039776,0.3275
2025-10,Customer 09,Central Indonesia,Modern Trade,Distributor,SKU 04,Beverage,714,20594,14127,19319,3%,N,14704116,10086678,4617438,0.314
2025-10,Customer 09,Central Indonesia,General Trade,Distributor,SKU 17,Personal Care,287,26591,17966,25305,5%,N,7631617,5156242,2475375,0.3244
2025-10,Customer 09,Central Indonesia,Online,Distributor,SKU 15,Frozen,792,47243,34706,45935,0%,N,37416456,27487152,9929304,0.2654
2025-10,Customer 10,West Indonesia,Modern Trade,Retailer,SKU 14,Frozen,1209,14263,9164,12931,0%,N,17243967,11079276,6164691,0.3575
2025-10,Customer 10,West Indonesia,General Trade,Retailer,SKU 07,Snack,840,46801,37726,45730,3%,N,39312840,31689840,7623000,0.1939
2025-10,Customer 10,West Indonesia,Modern Trade,Retailer,SKU 19,Personal Care,513,38601,23926,38202,0%,Y,19802313,12274038,7528275,0.3802
2025-10,Customer 10,West Indonesia,General Trade,Retailer,SKU 02,Beverage,737,8349,6304,8011,3%,Y,6153213,4646048,1507165,0.2449
2025-10,Customer 10,West Indonesia,Modern Trade,Retailer,SKU 03,Beverage,909,46457,31679,44417,0%,N,42229413,28796211,13433202,0.3181
2025-10,Customer 10,West Indonesia,Modern Trade,Retailer,SKU 06,Snack,940,23165,17334,21151,0%,N,21775100,16293960,5481140,0.2517
2025-10,Customer 10,West Indonesia,General Trade,Retailer,SKU 11,Dairy,242,9745,7288,10022,0%,N,2358290,1763696,594594,0.2521
2025-10,Customer 10,West Indonesia,General Trade,Retailer,SKU 13,Frozen,692,10430,7390,11239,3%,N,7217560,5113880,2103680,0.2915
2025-10,Customer 10,West Indonesia,Modern Trade,Retailer,SKU 15,Frozen,299,46867,34896,51549,0%,Y,14013233,10433904,3579329,0.2554
2025-10,Customer 10,West Indonesia,General Trade,Retailer,SKU 20,Personal Care,1264,14438,10094,14155,0%,N,18249632,12758816,5490816,0.3009
2025-10,Customer 10,West Indonesia,Modern Trade,Retailer,SKU 05,Snack,929,13738,8564,13010,5%,N,12762602,7955956,4806646,0.3766
2025-10,Customer 11,East Indonesia,Modern Trade,Retailer,SKU 02,Beverage,81,8316,6712,8356,0%,N,673596,543672,129924,0.1929
2025-10,Customer 11,East Indonesia,General Trade,Retailer,SKU 07,Snack,563,42334,33121,38843,0%,N,23834042,18647123,5186919,0.2176
2025-10,Customer 11,East Indonesia,General Trade,Retailer,SKU 18,Personal Care,980,28519,17902,27904,8%,N,27948620,17543960,10404660,0.3723
2025-10,Customer 11,East Indonesia,Modern Trade,Retailer,SKU 06,Snack,203,25862,17653,24676,0%,N,5249986,3583559,1666427,0.3174
2025-10,Customer 11,East Indonesia,Modern Trade,Retailer,SKU 09,Dairy,654,24666,15093,23581,0%,N,16131564,9870822,6260742,0.3881
2025-10,Customer 11,East Indonesia,Modern Trade,Retailer,SKU 04,Beverage,413,18267,12650,17487,0%,N,7544271,5224450,2319821,0.3075
2025-10,Customer 11,East Indonesia,General Trade,Retailer,SKU 10,Dairy,983,48754,37803,47604,3%,Y,47925182,37160349,10764833,0.2246
2025-10,Customer 11,East Indonesia,General Trade,Retailer,SKU 12,Dairy,485,8897,7297,8363,0%,N,4315045,3539045,776000,0.1798
2025-10,Customer 11,East Indonesia,General Trade,Retailer,SKU 15,Frozen,920,47495,33374,50691,0%,Y,43695400,30704080,12991320,0.2973
2025-10,Customer 11,East Indonesia,General Trade,Retailer,SKU 05,Snack,779,14605,12287,15016,0%,N,11377295,9571573,1805722,0.1587
2025-10,Customer 11,East Indonesia,General Trade,Retailer,SKU 16,Frozen,1239,44481,34871,48673,0%,N,55111959,43205169,11906790,0.216
2025-10,Customer 11,East Indonesia,General Trade,Retailer,SKU 19,Personal Care,70,35682,23862,32296,0%,N,2497740,1670340,827400,0.3313
2025-10,Customer 11,East Indonesia,Modern Trade,Retailer,SKU 03,Beverage,241,49160,31357,44668,5%,N,11847560,7557037,4290523,0.3621
2025-10,Customer 11,East Indonesia,Modern Trade,Retailer,SKU 11,Dairy,619,9683,6041,10519,0%,N,5993777,3739379,2254398,0.3761
2025-10,Customer 12,West Indonesia,General Trade,Retailer,SKU 01,Beverage,423,23307,19042,21077,0%,N,9858861,8054766,1804095,0.183
2025-10,Customer 12,West Indonesia,General Trade,Retailer,SKU 19,Personal Care,353,36435,29225,35812,3%,N,12861555,10316425,2545130,0.1979
2025-10,Customer 12,West Indonesia,Online,Retailer,SKU 10,Dairy,84,46176,28128,50137,0%,Y,3878784,2362752,1516032,0.3909
2025-10,Customer 12,West Indonesia,General Trade,Retailer,SKU 12,Dairy,1198,8522,6739,8925,0%,Y,10209356,8073322,2136034,0.2092
2025-10,Customer 12,West Indonesia,General Trade,Retailer,SKU 16,Frozen,134,45856,34179,47344,3%,N,6144704,4579986,1564718,0.2546
2025-10,Customer 12,West Indonesia,General Trade,Retailer,SKU 06,Snack,160,24635,18899,24310,3%,N,3941600,3023840,917760,0.2328
2025-10,Customer 12,West Indonesia,Modern Trade,Retailer,SKU 08,Snack,516,29823,19186,28577,0%,N,15388668,9899976,5488692,0.3567
2025-10,Customer 12,West Indonesia,Modern Trade,Retailer,SKU 11,Dairy,1202,9072,6772,8704,3%,N,10904544,8139944,2764600,0.2535
2025-10,Customer 12,West Indonesia,General Trade,Retailer,SKU 15,Frozen,820,43590,29209,45114,8%,N,35743800,23951380,11792420,0.3299
2025-10,Customer 12,West Indonesia,General Trade,Retailer,SKU 09,Dairy,1257,25023,18619,23612,0%,N,31453911,23404083,8049828,0.2559
2025-10,Customer 12,West Indonesia,General Trade,Retailer,SKU 05,Snack,609,13935,10064,13004,0%,Y,8486415,6128976,2357439,0.2778
2025-10,Customer 12,West Indonesia,Modern Trade,Retailer,SKU 03,Beverage,1096,42904,35678,40132,5%,N,47022784,39103088,7919696,0.1684
2025-10,Customer 12,West Indonesia,General Trade,Retailer,SKU 04,Beverage,1238,18848,13726,19237,5%,N,23333824,16992788,6341036,0.2718
2025-10,Customer 12,West Indonesia,General Trade,Retailer,SKU 17,Personal Care,1222,24610,19891,23504,3%,N,30073420,24306802,5766618,0.1918
2025-10,Customer 13,Central Indonesia,General Trade,Retailer,SKU 16,Frozen,378,43734,30920,42740,0%,N,16531452,11687760,4843692,0.293
2025-10,Customer 13,Central Indonesia,Modern Trade,Retailer,SKU 14,Frozen,438,12322,9488,13017,0%,N,5397036,4155744,1241292,0.23
2025-10,Customer 13,Central Indonesia,Online,Retailer,SKU 02,Beverage,387,9085,6256,9718,8%,N,3515895,2421072,1094823,0.3114
2025-10,Customer 13,Central Indonesia,Modern Trade,Retailer,SKU 01,Beverage,648,24893,17635,23250,0%,N,16130664,11427480,4703184,0.2916
2025-10,Customer 13,Central Indonesia,Modern Trade,Retailer,SKU 20,Personal Care,223,13479,8349,12279,0%,N,3005817,1861827,1143990,0.3806
2025-10,Customer 13,Central Indonesia,Online,Retailer,SKU 10,Dairy,238,45168,31230,45871,5%,N,10749984,7432740,3317244,0.3086
2025-10,Customer 13,Central Indonesia,Online,Retailer,SKU 05,Snack,407,14650,11047,14701,0%,N,5962550,4496129,1466421,0.2459
2025-10,Customer 13,Central Indonesia,General Trade,Retailer,SKU 07,Snack,897,44202,35813,41757,5%,N,39649194,32124261,7524933,0.1898
2025-10,Customer 13,Central Indonesia,General Trade,Retailer,SKU 12,Dairy,404,8434,6771,8354,3%,N,3407336,2735484,671852,0.1972
2025-10,Customer 13,Central Indonesia,General Trade,Retailer,SKU 13,Frozen,940,10376,7633,10609,8%,N,9753440,7175020,2578420,0.2644
2025-10,Customer 13,Central Indonesia,General Trade,Retailer,SKU 17,Personal Care,757,27306,16543,29875,0%,Y,20670642,12523051,8147591,0.3942
2025-10,Customer 14,West Indonesia,General Trade,Distributor,SKU 03,Beverage,1134,48085,33362,47600,5%,N,54528390,37832508,16695882,0.3062
2025-10,Customer 14,West Indonesia,Modern Trade,Distributor,SKU 12,Dairy,834,8452,6818,7608,0%,N,7048968,5686212,1362756,0.1933
2025-10,Customer 14,West Indonesia,General Trade,Distributor,SKU 16,Frozen,317,45511,28028,48567,0%,N,14426987,8884876,5542111,0.3841
2025-10,Customer 14,West Indonesia,General Trade,Distributor,SKU 11,Dairy,548,10226,6836,10076,5%,N,5603848,3746128,1857720,0.3315
2025-10,Customer 14,West Indonesia,Modern Trade,Distributor,SKU 15,Frozen,591,44464,34033,42764,3%,N,26278224,20113503,6164721,0.2346
2025-10,Customer 14,West Indonesia,Modern Trade,Distributor,SKU 04,Beverage,95,19466,14806,18650,0%,N,1849270,1406570,442700,0.2394
2025-10,Customer 14,West Indonesia,General Trade,Distributor,SKU 06,Snack,1259,23519,18705,25844,5%,N,29610421,23549595,6060826,0.2047
2025-10,Customer 14,West Indonesia,General Trade,Distributor,SKU 14,Frozen,733,12911,9666,13192,0%,N,9463763,7085178,2378585,0.2513
2025-10,Customer 14,West Indonesia,Modern Trade,Distributor,SKU 02,Beverage,740,8204,6575,8461,0%,Y,6070960,4865500,1205460,0.1986
2025-10,Customer 14,West Indonesia,General Trade,Distributor,SKU 07,Snack,102,45609,28802,43701,0%,N,4652118,2937804,1714314,0.3685
2025-10,Customer 14,West Indonesia,Online,Distributor,SKU 20,Personal Care,175,15384,9349,15068,0%,N,2692200,1636075,1056125,0.3923
2025-10,Customer 15,West Indonesia,Modern Trade,Key Account,SKU 20,Personal Care,811,13414,9660,13191,0%,N,10878754,7834260,3044494,0.2799
2025-10,Customer 15,West Indonesia,Modern Trade,Key Account,SKU 14,Frozen,1136,13236,8919,13219,0%,N,15036096,10131984,4904112,0.3262
2025-10,Customer 15,West Indonesia,General Trade,Key Account,SKU 19,Personal Care,625,33759,27031,35093,3%,Y,21099375,16894375,4205000,0.1993
2025-10,Customer 15,West Indonesia,General Trade,Key Account,SKU 04,Beverage,385,18170,13620,19065,5%,Y,6995450,5243700,1751750,0.2504
2025-10,Customer 15,West Indonesia,Modern Trade,Key Account,SKU 12,Dairy,502,8796,6252,8447,0%,Y,4415592,3138504,1277088,0.2892
2025-10,Customer 15,West Indonesia,Online,Key Account,SKU 02,Beverage,584,9411,6031,10095,0%,N,5496024,3522104,1973920,0.3592
2025-10,Customer 15,West Indonesia,General Trade,Key Account,SKU 05,Snack,1257,15199,10740,13786,0%,Y,19105143,13500180,5604963,0.2934
2025-10,Customer 15,West Indonesia,General Trade,Key Account,SKU 16,Frozen,437,44401,33709,45787,3%,N,19403237,14730833,4672404,0.2408
2025-10,Customer 15,West Indonesia,Modern Trade,Key Account,SKU 07,Snack,1182,43975,32820,43033,5%,N,51978450,38793240,13185210,0.2537
2025-10,Customer 15,West Indonesia,General Trade,Key Account,SKU 18,Personal Care,448,27640,22745,29530,5%,N,12382720,10189760,2192960,0.1771
2025-10,Customer 15,West Indonesia,General Trade,Key Account,SKU 13,Frozen,665,10959,7675,10248,3%,N,7287735,5103875,2183860,0.2997
2025-10,Customer 16,East Indonesia,Modern Trade,Distributor,SKU 06,Snack,830,23525,15583,24924,0%,N,19525750,12933890,6591860,0.3376
2025-10,Customer 16,East Indonesia,Modern Trade,Distributor,SKU 08,Snack,99,27780,17409,28874,0%,N,2750220,1723491,1026729,0.3733
2025-10,Customer 16,East Indonesia,General Trade,Distributor,SKU 10,Dairy,999,51532,37384,51045,8%,N,51480468,37346616,14133852,0.2745
2025-10,Customer 16,East Indonesia,Modern Trade,Distributor,SKU 13,Frozen,752,9817,6886,9255,5%,N,7382384,5178272,2204112,0.2986
2025-10,Customer 16,East Indonesia,Modern Trade,Distributor,SKU 19,Personal Care,243,35824,28321,36480,3%,N,8705232,6882003,1823229,0.2094
2025-10,Customer 16,East Indonesia,General Trade,Distributor,SKU 18,Personal Care,686,28823,18864,30010,0%,N,19772578,12940704,6831874,0.3455
2025-10,Customer 16,East Indonesia,Modern Trade,Distributor,SKU 14,Frozen,506,12349,9419,13202,0%,N,6248594,4766014,1482580,0.2373
2025-10,Customer 16,East Indonesia,Online,Distributor,SKU 04,Beverage,740,17980,13401,18343,0%,N,13305200,9916740,3388460,0.2547
2025-10,Customer 16,East Indonesia,Modern Trade,Distributor,SKU 03,Beverage,420,49523,36264,49770,0%,N,20799660,15230880,5568780,0.2677
2025-10,Customer 16,East Indonesia,Modern Trade,Distributor,SKU 12,Dairy,611,8542,6741,8157,8%,Y,5219162,4118751,1100411,0.2108
2025-10,Customer 17,East Indonesia,Online,Retailer,SKU 14,Frozen,1078,13978,8714,14271,0%,N,15068284,9393692,5674592,0.3766
2025-10,Customer 17,East Indonesia,Online,Retailer,SKU 20,Personal Care,738,14036,9082,13241,0%,N,10358568,6702516,3656052,0.3529
2025-10,Customer 17,East Indonesia,Modern Trade,Retailer,SKU 11,Dairy,1243,10408,6995,10483,3%,N,12937144,8694785,4242359,0.3279
2025-10,Customer 17,East Indonesia,General Trade,Retailer,SKU 18,Personal Care,834,25711,17957,27792,0%,N,21442974,14976138,6466836,0.3016
2025-10,Customer 17,East Indonesia,Modern Trade,Retailer,SKU 10,Dairy,1221,52095,42299,55247,0%,N,63607995,51647079,11960916,0.188
2025-10,Customer 17,East Indonesia,Modern Trade,Retailer,SKU 06,Snack,523,23141,16804,21466,8%,N,12102743,8788492,3314251,0.2738
2025-10,Customer 17,East Indonesia,General Trade,Retailer,SKU 01,Beverage,1217,24644,18239,24365,3%,N,29991748,22196863,7794885,0.2599
2025-10,Customer 17,East Indonesia,Modern Trade,Retailer,SKU 15,Frozen,448,46205,34827,43931,5%,Y,20699840,15602496,5097344,0.2463
2025-10,Customer 17,East Indonesia,General Trade,Retailer,SKU 07,Snack,142,43882,27187,47611,0%,N,6231244,3860554,2370690,0.3805
2025-10,Customer 17,East Indonesia,General Trade,Retailer,SKU 03,Beverage,417,44368,37092,46868,3%,N,18501456,15467364,3034092,0.164
2025-10,Customer 17,East Indonesia,Modern Trade,Retailer,SKU 19,Personal Care,798,36790,26159,39247,0%,N,29358420,20874882,8483538,0.289
2025-10,Customer 17,East Indonesia,General Trade,Retailer,SKU 02,Beverage,1070,8475,6965,8577,3%,N,9068250,7452550,1615700,0.1782
2025-10,Customer 18,West Indonesia,General Trade,Distributor,SKU 09,Dairy,733,22996,16547,23473,3%,N,16856068,12128951,4727117,0.2804
2025-10,Customer 18,West Indonesia,General Trade,Distributor,SKU 02,Beverage,339,9034,7286,8315,0%,N,3062526,2469954,592572,0.1935
2025-10,Customer 18,West Indonesia,Modern Trade,Distributor,SKU 14,Frozen,972,13676,9803,13828,0%,Y,13293072,9528516,3764556,0.2832
2025-10,Customer 18,West Indonesia,Modern Trade,Distributor,SKU 18,Personal Care,682,28648,21964,26099,0%,N,19537936,14979448,4558488,0.2333
2025-10,Customer 18,West Indonesia,Modern Trade,Distributor,SKU 12,Dairy,203,8104,5220,8591,0%,N,1645112,1059660,585452,0.3559
2025-10,Customer 18,West Indonesia,Modern Trade,Distributor,SKU 06,Snack,784,26369,22231,25814,0%,N,20673296,17429104,3244192,0.1569
2025-10,Customer 18,West Indonesia,General Trade,Distributor,SKU 17,Personal Care,926,26269,20973,23846,0%,N,24325094,19420998,4904096,0.2016
2025-10,Customer 18,West Indonesia,Modern Trade,Distributor,SKU 05,Snack,223,14180,10290,15325,3%,N,3162140,2294670,867470,0.2743
2025-10,Customer 18,West Indonesia,General Trade,Distributor,SKU 13,Frozen,168,10223,6352,9212,3%,N,1717464,1067136,650328,0.3787
2025-10,Customer 18,West Indonesia,General Trade,Distributor,SKU 04,Beverage,240,20149,12460,19252,0%,N,4835760,2990400,1845360,0.3816
2025-10,Customer 19,West Indonesia,Modern Trade,Retailer,SKU 01,Beverage,758,25219,18397,26603,0%,N,19116002,13944926,5171076,0.2705
2025-10,Customer 19,West Indonesia,General Trade,Retailer,SKU 09,Dairy,776,25142,16095,25929,0%,N,19510192,12489720,7020472,0.3598
2025-10,Customer 19,West Indonesia,Modern Trade,Retailer,SKU 04,Beverage,1133,20803,14840,21748,5%,N,23569799,16813720,6756079,0.2866
2025-10,Customer 19,West Indonesia,General Trade,Retailer,SKU 12,Dairy,996,8523,5271,9370,0%,Y,8488908,5249916,3238992,0.3816
2025-10,Customer 19,West Indonesia,Modern Trade,Retailer,SKU 10,Dairy,429,45817,38144,47413,0%,N,19655493,16363776,3291717,0.1675
2025-10,Customer 19,West Indonesia,Online,Retailer,SKU 02,Beverage,411,8499,5099,7787,0%,N,3493089,2095689,1397400,0.4
2025-10,Customer 19,West Indonesia,General Trade,Retailer,SKU 19,Personal Care,311,36120,25656,37289,5%,N,11233320,7979016,3254304,0.2897
2025-10,Customer 19,West Indonesia,Modern Trade,Retailer,SKU 05,Snack,667,13307,8771,14391,0%,Y,8875769,5850257,3025512,0.3409
2025-10,Customer 19,West Indonesia,Modern Trade,Retailer,SKU 16,Frozen,845,47004,31556,43289,0%,N,39718380,26664820,13053560,0.3287
2025-10,Customer 19,West Indonesia,General Trade,Retailer,SKU 13,Frozen,209,9884,7396,9513,0%,Y,2065756,1545764,519992,0.2517
2025-10,Customer 19,West Indonesia,General Trade,Retailer,SKU 17,Personal Care,1023,25794,18459,24866,5%,N,26387262,18883557,7503705,0.2844
2025-10,Customer 19,West Indonesia,Modern Trade,Retailer,SKU 11,Dairy,281,9035,7176,9597,0%,N,2538835,2016456,522379,0.2058
2025-10,Customer 20,East Indonesia,General Trade,Key Account,SKU 18,Personal Care,170,28393,23806,31008,8%,N,4826810,4047020,779790,0.1616
2025-10,Customer 20,East Indonesia,General Trade,Key Account,SKU 16,Frozen,239,50195,40405,45420,0%,Y,11996605,9656795,2339810,0.195
2025-10,Customer 20,East Indonesia,General Trade,Key Account,SKU 20,Personal Care,1254,14332,9356,13546,0%,N,17972328,11732424,6239904,0.3472
2025-10,Customer 20,East Indonesia,Modern Trade,Key Account,SKU 17,Personal Care,715,26605,22507,29224,0%,Y,19022575,16092505,2930070,0.154
2025-10,Customer 20,East Indonesia,General Trade,Key Account,SKU 12,Dairy,858,9438,5828,10223,0%,N,8097804,5000424,3097380,0.3825
2025-10,Customer 20,East Indonesia,Online,Key Account,SKU 04,Beverage,917,17879,14567,19524,0%,N,16395043,13357939,3037104,0.1852
2025-10,Customer 20,East Indonesia,General Trade,Key Account,SKU 02,Beverage,1064,8841,7340,9232,0%,N,9406824,7809760,1597064,0.1698
2025-10,Customer 20,East Indonesia,General Trade,Key Account,SKU 11,Dairy,319,9736,6523,10140,0%,N,3105784,2080837,1024947,0.33
2025-10,Customer 20,East Indonesia,General Trade,Key Account,SKU 07,Snack,1274,45567,35868,46323,3%,N,58052358,45695832,12356526,0.2129
2025-10,Customer 20,East Indonesia,Online,Key Account,SKU 05,Snack,657,13225,8462,13826,8%,N,8688825,5559534,3129291,0.3602
2025-10,Customer 20,East Indonesia,General Trade,Key Account,SKU 13,Frozen,1185,10809,7249,10038,0%,N,12808665,8590065,4218600,0.3294
2025-10,Customer 20,East Indonesia,Modern Trade,Key Account,SKU 15,Frozen,111,47551,32567,46808,0%,Y,5278161,3614937,1663224,0.3151
2025-10,Customer 20,East Indonesia,Online,Key Account,SKU 03,Beverage,710,46228,30474,42106,3%,N,32821880,21636540,11185340,0.3408
2025-10,Customer 20,East Indonesia,Modern Trade,Key Account,SKU 09,Dairy,293,22373,16836,21407,3%,Y,6555289,4932948,1622341,0.2475
2025-10,Customer 20,East Indonesia,Online,Key Account,SKU 06,Snack,622,25389,19449,26655,0%,N,15791958,12097278,3694680,0.234
2025-10,Customer 21,Central Indonesia,General Trade,Retailer,SKU 18,Personal Care,800,28431,18501,30355,0%,N,22744800,14800800,7944000,0.3493
2025-10,Customer 21,Central Indonesia,General Trade,Retailer,SKU 07,Snack,978,45572,28362,46797,0%,N,44569416,27738036,16831380,0.3776
2025-10,Customer 21,Central Indonesia,General Trade,Retailer,SKU 14,Frozen,815,13937,10606,13515,0%,Y,11358655,8643890,2714765,0.239
2025-10,Customer 21,Central Indonesia,Online,Retailer,SKU 16,Frozen,549,49258,37494,51319,8%,N,27042642,20584206,6458436,0.2388
2025-10,Customer 21,Central Indonesia,Online,Retailer,SKU 05,Snack,1026,14496,10179,13903,0%,Y,14872896,10443654,4429242,0.2978
2025-10,Customer 21,Central Indonesia,General Trade,Retailer,SKU 19,Personal Care,112,35630,28734,33271,0%,N,3990560,3218208,772352,0.1935
2025-10,Customer 21,Central Indonesia,Modern Trade,Retailer,SKU 15,Frozen,1123,49202,32133,49043,5%,N,55253846,36085359,19168487,0.3469
2025-10,Customer 21,Central Indonesia,Modern Trade,Retailer,SKU 10,Dairy,748,50327,32561,51946,0%,N,37644596,24355628,13288968,0.353
2025-10,Customer 21,Central Indonesia,General Trade,Retailer,SKU 04,Beverage,908,20759,13522,18705,0%,N,18849172,12277976,6571196,0.3486
2025-10,Customer 22,Central Indonesia,Modern Trade,Distributor,SKU 15,Frozen,1114,43091,34682,41780,8%,N,48003374,38635748,9367626,0.1951
2025-10,Customer 22,Central Indonesia,Online,Distributor,SKU 17,Personal Care,1214,25308,18990,25944,0%,N,30723912,23053860,7670052,0.2496
2025-10,Customer 22,Central Indonesia,Modern Trade,Distributor,SKU 02,Beverage,771,9312,6466,9011,0%,N,7179552,4985286,2194266,0.3056
2025-10,Customer 22,Central Indonesia,Modern Trade,Distributor,SKU 04,Beverage,769,19485,14448,19825,3%,N,14983965,11110512,3873453,0.2585
2025-10,Customer 22,Central Indonesia,Modern Trade,Distributor,SKU 16,Frozen,71,45039,34284,49128,3%,N,3197769,2434164,763605,0.2388
2025-10,Customer 22,Central Indonesia,General Trade,Distributor,SKU 10,Dairy,1025,47851,31254,52201,5%,N,49047275,32035350,17011925,0.3468
2025-10,Customer 22,Central Indonesia,General Trade,Distributor,SKU 09,Dairy,1234,24755,18841,25249,0%,Y,30547670,23249794,7297876,0.2389
2025-10,Customer 22,Central Indonesia,General Trade,Distributor,SKU 07,Snack,411,43139,31734,46771,3%,N,17730129,13042674,4687455,0.2644
2025-10,Customer 23,West Indonesia,Modern Trade,Key Account,SKU 03,Beverage,893,48722,33875,48904,0%,N,43508746,30250375,13258371,0.3047
2025-10,Customer 23,West Indonesia,General Trade,Key Account,SKU 18,Personal Care,1265,29723,19694,26881,8%,N,37599595,24912910,12686685,0.3374
2025-10,Customer 23,West Indonesia,General Trade,Key Account,SKU 12,Dairy,822,9437,6413,8529,5%,N,7757214,5271486,2485728,0.3204
2025-10,Customer 23,West Indonesia,General Trade,Key Account,SKU 20,Personal Care,394,13833,9629,15158,3%,N,5450202,3793826,1656376,0.3039
2025-10,Customer 23,West Indonesia,Modern Trade,Key Account,SKU 11,Dairy,1028,10249,8697,9848,3%,N,10535972,8940516,1595456,0.1514
2025-10,Customer 23,West Indonesia,Modern Trade,Key Account,SKU 04,Beverage,171,20208,12982,22061,0%,N,3455568,2219922,1235646,0.3576
2025-10,Customer 23,West Indonesia,General Trade,Key Account,SKU 02,Beverage,380,8833,6941,8505,8%,Y,3356540,2637580,718960,0.2142
2025-10,Customer 23,West Indonesia,General Trade,Key Account,SKU 16,Frozen,724,49737,35468,47765,0%,N,36009588,25678832,10330756,0.2869
2025-10,Customer 23,West Indonesia,General Trade,Key Account,SKU 19,Personal Care,392,35936,25999,35488,0%,N,14086912,10191608,3895304,0.2765
2025-10,Customer 23,West Indonesia,Modern Trade,Key Account,SKU 10,Dairy,604,46303,38637,49038,0%,N,27967012,23336748,4630264,0.1656
2025-10,Customer 23,West Indonesia,General Trade,Key Account,SKU 07,Snack,460,48513,33674,50781,0%,Y,22315980,15490040,6825940,0.3059
2025-10,Customer 23,West Indonesia,Modern Trade,Key Account,SKU 15,Frozen,914,44920,34342,42401,0%,Y,41056880,31388588,9668292,0.2355
2025-10,Customer 23,West Indonesia,General Trade,Key Account,SKU 08,Snack,1234,29421,18036,30833,0%,N,36305514,22256424,14049090,0.387
2025-10,Customer 24,West Indonesia,Modern Trade,Key Account,SKU 05,Snack,136,15173,9856,14886,3%,N,2063528,1340416,723112,0.3504
2025-10,Customer 24,West Indonesia,Online,Key Account,SKU 20,Personal Care,1188,14893,11340,13577,0%,Y,17692884,13471920,4220964,0.2386
2025-10,Customer 24,West Indonesia,General Trade,Key Account,SKU 11,Dairy,420,9230,5882,10020,0%,N,3876600,2470440,1406160,0.3627
2025-10,Customer 24,West Indonesia,Modern Trade,Key Account,SKU 06,Snack,603,24255,14731,22506,3%,Y,14625765,8882793,5742972,0.3927
2025-10,Customer 24,West Indonesia,Online,Key Account,SKU 13,Frozen,441,10116,6383,10395,3%,Y,4461156,2814903,1646253,0.369
2025-10,Customer 24,West Indonesia,General Trade,Key Account,SKU 14,Frozen,442,12778,8570,13803,0%,N,5647876,3787940,1859936,0.3293
2025-10,Customer 24,West Indonesia,Modern Trade,Key Account,SKU 19,Personal Care,297,37553,28493,36418,0%,N,11153241,8462421,2690820,0.2413
2025-10,Customer 24,West Indonesia,Modern Trade,Key Account,SKU 08,Snack,1220,29412,22679,32282,5%,N,35882640,27668380,8214260,0.2289
2025-10,Customer 24,West Indonesia,General Trade,Key Account,SKU 04,Beverage,527,20081,13993,21198,0%,Y,10582687,7374311,3208376,0.3032
2025-10,Customer 24,West Indonesia,General Trade,Key Account,SKU 16,Frozen,955,44643,35493,43093,0%,N,42634065,33895815,8738250,0.205
2025-10,Customer 24,West Indonesia,Modern Trade,Key Account,SKU 09,Dairy,1113,24145,19063,21929,0%,N,26873385,21217119,5656266,0.2105
2025-10,Customer 24,West Indonesia,Online,Key Account,SKU 01,Beverage,216,22444,18127,22569,0%,Y,4847904,3915432,932472,0.1923
2025-10,Customer 24,West Indonesia,Modern Trade,Key Account,SKU 12,Dairy,1201,8379,5037,7892,5%,Y,10063179,6049437,4013742,0.3989
2025-10,Customer 25,Central Indonesia,Modern Trade,Distributor,SKU 03,Beverage,1129,46186,32151,49148,0%,N,52143994,36298479,15845515,0.3039
2025-10,Customer 25,Central Indonesia,General Trade,Distributor,SKU 12,Dairy,875,9205,7637,9631,3%,Y,8054375,6682375,1372000,0.1703
2025-10,Customer 25,Central Indonesia,Online,Distributor,SKU 10,Dairy,1107,49064,36718,46101,3%,Y,54313848,40646826,13667022,0.2516
2025-10,Customer 25,Central Indonesia,General Trade,Distributor,SKU 07,Snack,542,45819,36630,49722,0%,N,24833898,19853460,4980438,0.2005
2025-10,Customer 25,Central Indonesia,General Trade,Distributor,SKU 17,Personal Care,1231,23629,16458,25736,5%,N,29087299,20259798,8827501,0.3035
2025-10,Customer 25,Central Indonesia,General Trade,Distributor,SKU 14,Frozen,262,12287,8824,13177,0%,N,3219194,2311888,907306,0.2818
2025-10,Customer 25,Central Indonesia,Online,Distributor,SKU 18,Personal Care,835,28981,21817,27999,0%,Y,24199135,18217195,5981940,0.2472
2025-10,Customer 25,Central Indonesia,General Trade,Distributor,SKU 16,Frozen,325,49854,37730,52587,0%,N,16202550,12262250,3940300,0.2432
2025-10,Customer 26,Central Indonesia,Modern Trade,Key Account,SKU 01,Beverage,269,22900,17692,24792,3%,N,6160100,4759148,1400952,0.2274
2025-10,Customer 26,Central Indonesia,Online,Key Account,SKU 04,Beverage,1240,20128,16940,21313,3%,N,24958720,21005600,3953120,0.1584
2025-10,Customer 26,Central Indonesia,Online,Key Account,SKU 08,Snack,149,28749,18696,31333,3%,N,4283601,2785704,1497897,0.3497
2025-10,Customer 26,Central Indonesia,General Trade,Key Account,SKU 18,Personal Care,232,27001,19040,29319,0%,Y,6264232,4417280,1846952,0.2948
2025-10,Customer 26,Central Indonesia,Modern Trade,Key Account,SKU 05,Snack,608,13256,8319,12935,8%,N,8059648,5057952,3001696,0.3724
2025-10,Customer 26,Central Indonesia,General Trade,Key Account,SKU 02,Beverage,1239,9053,7553,8642,0%,N,11216667,9358167,1858500,0.1657
2025-10,Customer 26,Central Indonesia,Modern Trade,Key Account,SKU 07,Snack,706,44533,28603,45830,0%,N,31440298,20193718,11246580,0.3577
2025-10,Customer 26,Central Indonesia,Modern Trade,Key Account,SKU 10,Dairy,218,47426,29692,45522,5%,N,10338868,6472856,3866012,0.3739
2025-10,Customer 27,West Indonesia,Modern Trade,Distributor,SKU 05,Snack,1190,14277,8632,14510,5%,N,16989630,10272080,6717550,0.3954
2025-10,Customer 27,West Indonesia,Modern Trade,Distributor,SKU 19,Personal Care,230,39510,25840,38550,0%,N,9087300,5943200,3144100,0.346
2025-10,Customer 27,West Indonesia,Online,Distributor,SKU 01,Beverage,636,22604,16508,21718,8%,N,14376144,10499088,3877056,0.2697
2025-10,Customer 27,West Indonesia,Modern Trade,Distributor,SKU 20,Personal Care,998,14986,9948,15289,0%,N,14956028,9928104,5027924,0.3362
2025-10,Customer 27,West Indonesia,Online,Distributor,SKU 10,Dairy,515,52718,40342,53413,0%,N,27149770,20776130,6373640,0.2348
2025-10,Customer 27,West Indonesia,Modern Trade,Distributor,SKU 02,Beverage,231,8891,6484,9383,3%,N,2053821,1497804,556017,0.2707
2025-10,Customer 27,West Indonesia,General Trade,Distributor,SKU 17,Personal Care,906,24394,20313,25467,8%,N,22100964,18403578,3697386,0.1673
2025-10,Customer 27,West Indonesia,General Trade,Distributor,SKU 06,Snack,87,24735,15974,24280,8%,N,2151945,1389738,762207,0.3542
2025-10,Customer 27,West Indonesia,General Trade,Distributor,SKU 11,Dairy,150,10031,6644,10458,0%,N,1504650,996600,508050,0.3377
2025-10,Customer 28,West Indonesia,Online,Distributor,SKU 08,Snack,91,28564,19890,26941,0%,N,2599324,1809990,789334,0.3037
2025-10,Customer 28,West Indonesia,Online,Distributor,SKU 20,Personal Care,435,15120,9909,14605,0%,Y,6577200,4310415,2266785,0.3446
2025-10,Customer 28,West Indonesia,Online,Distributor,SKU 03,Beverage,717,45972,32223,44316,0%,Y,32961924,23103891,9858033,0.2991
2025-10,Customer 28,West Indonesia,Modern Trade,Distributor,SKU 09,Dairy,510,22618,18616,23132,0%,Y,11535180,9494160,2041020,0.1769
2025-10,Customer 28,West Indonesia,Online,Distributor,SKU 12,Dairy,107,8540,6072,8298,8%,N,913780,649704,264076,0.289
2025-10,Customer 28,West Indonesia,Modern Trade,Distributor,SKU 04,Beverage,646,18492,12596,20018,5%,N,11945832,8137016,3808816,0.3188
2025-10,Customer 28,West Indonesia,Online,Distributor,SKU 15,Frozen,121,47623,31713,51326,0%,N,5762383,3837273,1925110,0.3341
2025-10,Customer 28,West Indonesia,Online,Distributor,SKU 02,Beverage,933,9405,5880,9467,0%,N,8774865,5486040,3288825,0.3748
2025-10,Customer 28,West Indonesia,General Trade,Distributor,SKU 05,Snack,556,13555,8698,12848,0%,N,7536580,4836088,2700492,0.3583
2025-10,Customer 29,West Indonesia,General Trade,Key Account,SKU 12,Dairy,221,8525,5505,9216,0%,N,1884025,1216605,667420,0.3543
2025-10,Customer 29,West Indonesia,Modern Trade,Key Account,SKU 16,Frozen,551,49155,35942,47445,8%,Y,27084405,19804042,7280363,0.2688
2025-10,Customer 29,West Indonesia,General Trade,Key Account,SKU 08,Snack,364,30305,22184,32424,0%,N,11031020,8074976,2956044,0.268
2025-10,Customer 29,West Indonesia,General Trade,Key Account,SKU 02,Beverage,1034,9420,7631,8605,5%,N,9740280,7890454,1849826,0.1899
2025-10,Customer 29,West Indonesia,Modern Trade,Key Account,SKU 05,Snack,941,13479,9920,12729,0%,N,12683739,9334720,3349019,0.264
2025-10,Customer 29,West Indonesia,General Trade,Key Account,SKU 09,Dairy,1072,25915,18737,26541,3%,Y,27780880,20086064,7694816,0.277
2025-10,Customer 29,West Indonesia,Modern Trade,Key Account,SKU 03,Beverage,988,45464,29918,48625,3%,N,44918432,29558984,15359448,0.3419
2025-10,Customer 29,West Indonesia,General Trade,Key Account,SKU 15,Frozen,1223,43257,36102,45001,0%,N,52903311,44152746,8750565,0.1654
2025-10,Customer 29,West Indonesia,Modern Trade,Key Account,SKU 14,Frozen,90,14045,10932,14324,0%,N,1264050,983880,280170,0.2216
2025-10,Customer 29,West Indonesia,Modern Trade,Key Account,SKU 20,Personal Care,274,13372,9231,13986,0%,N,3663928,2529294,1134634,0.3097
2025-10,Customer 29,West Indonesia,General Trade,Key Account,SKU 01,Beverage,604,25301,21341,24427,0%,N,15281804,12889964,2391840,0.1565
2025-10,Customer 29,West Indonesia,Modern Trade,Key Account,SKU 13,Frozen,59,9908,7886,10730,0%,N,584572,465274,119298,0.2041
2025-10,Customer 29,West Indonesia,Modern Trade,Key Account,SKU 11,Dairy,963,9387,6688,9815,0%,N,9039681,6440544,2599137,0.2875
2025-10,Customer 29,West Indonesia,General Trade,Key Account,SKU 04,Beverage,1196,20006,16622,20715,0%,N,23927176,19879912,4047264,0.1691
2025-10,Customer 30,West Indonesia,Modern Trade,Key Account,SKU 06,Snack,202,26251,17904,28834,8%,N,5302702,3616608,1686094,0.318
2025-10,Customer 30,West Indonesia,Online,Key Account,SKU 07,Snack,502,46261,35557,50822,3%,Y,23223022,17849614,5373408,0.2314
2025-10,Customer 30,West Indonesia,Online,Key Account,SKU 12,Dairy,619,9206,7259,8918,0%,Y,5698514,4493321,1205193,0.2115
2025-10,Customer 30,West Indonesia,Modern Trade,Key Account,SKU 03,Beverage,832,46730,37993,46882,5%,Y,38879360,31610176,7269184,0.187
2025-10,Customer 30,West Indonesia,Modern Trade,Key Account,SKU 02,Beverage,407,8899,5592,8822,3%,N,3621893,2275944,1345949,0.3716
2025-10,Customer 30,West Indonesia,Online,Key Account,SKU 05,Snack,631,15132,12115,16309,0%,Y,9548292,7644565,1903727,0.1994
2025-10,Customer 30,West Indonesia,General Trade,Key Account,SKU 13,Frozen,1044,9833,6956,8971,0%,N,10265652,7262064,3003588,0.2926
2025-10,Customer 30,West Indonesia,Modern Trade,Key Account,SKU 15,Frozen,207,45610,27484,41982,3%,Y,9441270,5689188,3752082,0.3974
2025-10,Customer 30,West Indonesia,Modern Trade,Key Account,SKU 08,Snack,517,31585,21039,33610,3%,N,16329445,10877163,5452282,0.3339
2025-10,Customer 30,West Indonesia,General Trade,Key Account,SKU 18,Personal Care,80,25752,17834,23236,5%,N,2060160,1426720,633440,0.3075
2025-10,Customer 30,West Indonesia,General Trade,Key Account,SKU 20,Personal Care,134,15379,9602,16425,8%,N,2060786,1286668,774118,0.3756
2025-10,Customer 30,West Indonesia,Modern Trade,Key Account,SKU 11,Dairy,1115,9105,5951,9124,0%,N,10152075,6635365,3516710,0.3464
2025-10,Customer 30,West Indonesia,Modern Trade,Key Account,SKU 17,Personal Care,1031,23810,19582,25033,0%,N,24548110,20189042,4359068,0.1776
2025-10,Customer 30,West Indonesia,Modern Trade,Key Account,SKU 09,Dairy,731,24778,20098,23500,0%,N,18112718,14691638,3421080,0.1889
2025-11,Customer 01,West Indonesia,General Trade,Retailer,SKU 14,Frozen,1240,13517,9046,14119,0%,N,16761080,11217040,5544040,0.3308
2025-11,Customer 01,West Indonesia,General Trade,Retailer,SKU 16,Frozen,1003,48163,37424,49807,5%,N,48307489,37536272,10771217,0.223
2025-11,Customer 01,West Indonesia,Online,Retailer,SKU 03,Beverage,1220,44190,35712,43394,3%,Y,53911800,43568640,10343160,0.1919
2025-11,Customer 01,West Indonesia,Modern Trade,Retailer,SKU 05,Snack,365,13638,11448,12286,3%,N,4977870,4178520,799350,0.1606
2025-11,Customer 01,West Indonesia,Online,Retailer,SKU 08,Snack,132,31072,25348,32781,0%,N,4101504,3345936,755568,0.1842
2025-11,Customer 01,West Indonesia,Modern Trade,Retailer,SKU 20,Personal Care,931,14681,12282,14217,5%,Y,13668011,11434542,2233469,0.1634
2025-11,Customer 01,West Indonesia,General Trade,Retailer,SKU 01,Beverage,1222,24236,16826,22831,5%,N,29616392,20561372,9055020,0.3057
2025-11,Customer 01,West Indonesia,General Trade,Retailer,SKU 11,Dairy,109,9464,5943,9019,0%,Y,1031576,647787,383789,0.372
2025-11,Customer 01,West Indonesia,Online,Retailer,SKU 04,Beverage,270,18971,12632,17135,8%,N,5122170,3410640,1711530,0.3341
2025-11,Customer 02,West Indonesia,Modern Trade,Key Account,SKU 01,Beverage,121,24867,17259,24178,0%,N,3008907,2088339,920568,0.3059
2025-11,Customer 02,West Indonesia,Modern Trade,Key Account,SKU 06,Snack,767,23746,16221,22837,8%,N,18213182,12441507,5771675,0.3169
2025-11,Customer 02,West Indonesia,Online,Key Account,SKU 02,Beverage,69,8535,6091,7994,3%,N,588915,420279,168636,0.2864
2025-11,Customer 02,West Indonesia,Modern Trade,Key Account,SKU 05,Snack,177,13195,8243,12070,3%,N,2335515,1459011,876504,0.3753
2025-11,Customer 02,West Indonesia,Online,Key Account,SKU 16,Frozen,160,49343,41657,52235,0%,N,7894880,6665120,1229760,0.1558
2025-11,Customer 02,West Indonesia,Modern Trade,Key Account,SKU 12,Dairy,1089,8682,6431,8339,0%,N,9454698,7003359,2451339,0.2593
2025-11,Customer 02,West Indonesia,Online,Key Account,SKU 14,Frozen,1052,13339,8796,12745,0%,N,14032628,9253392,4779236,0.3406
2025-11,Customer 02,West Indonesia,General Trade,Key Account,SKU 11,Dairy,1128,9984,6670,9578,0%,Y,11261952,7523760,3738192,0.3319
2025-11,Customer 02,West Indonesia,General Trade,Key Account,SKU 19,Personal Care,483,35891,24656,36928,0%,N,17335353,11908848,5426505,0.313
2025-11,Customer 02,West Indonesia,Modern Trade,Key Account,SKU 08,Snack,608,27750,20041,28806,0%,N,16872000,12184928,4687072,0.2778
2025-11,Customer 02,West Indonesia,Modern Trade,Key Account,SKU 15,Frozen,740,48388,37618,48404,0%,Y,35807120,27837320,7969800,0.2226
2025-11,Customer 02,West Indonesia,General Trade,Key Account,SKU 13,Frozen,1185,11002,8444,11990,5%,N,13037370,10006140,3031230,0.2325
2025-11,Customer 02,West Indonesia,General Trade,Key Account,SKU 03,Beverage,882,46851,34999,47537,0%,N,41322582,30869118,10453464,0.253
2025-11,Customer 03,West Indonesia,General Trade,Retailer,SKU 05,Snack,303,15127,9956,14046,0%,N,4583481,3016668,1566813,0.3418
2025-11,Customer 03,West Indonesia,Modern Trade,Retailer,SKU 09,Dairy,293,23152,19105,22367,5%,N,6783536,5597765,1185771,0.1748
2025-11,Customer 03,West Indonesia,General Trade,Retailer,SKU 10,Dairy,909,49966,35030,45593,5%,N,45419094,31842270,13576824,0.2989
2025-11,Customer 03,West Indonesia,General Trade,Retailer,SKU 17,Personal Care,696,27539,21948,28509,0%,N,19167144,15275808,3891336,0.203
2025-11,Customer 03,West Indonesia,Modern Trade,Retailer,SKU 03,Beverage,700,45462,28921,49524,3%,N,31823400,20244700,11578700,0.3638
2025-11,Customer 03,West Indonesia,Online,Retailer,SKU 16,Frozen,729,47154,32872,45937,0%,Y,34375266,23963688,10411578,0.3029
2025-11,Customer 03,West Indonesia,Modern Trade,Retailer,SKU 14,Frozen,390,12685,8888,11517,8%,N,4947150,3466320,1480830,0.2993
2025-11,Customer 03,West Indonesia,Modern Trade,Retailer,SKU 12,Dairy,673,8230,6054,7546,0%,N,5538790,4074342,1464448,0.2644
2025-11,Customer 03,West Indonesia,General Trade,Retailer,SKU 07,Snack,937,44556,35743,43364,0%,Y,41748972,33491191,8257781,0.1978
2025-11,Customer 03,West Indonesia,General Trade,Retailer,SKU 11,Dairy,787,9987,7235,9723,8%,N,7859769,5693945,2165824,0.2756
2025-11,Customer 03,West Indonesia,General Trade,Retailer,SKU 18,Personal Care,1137,27407,17074,26622,8%,Y,31161759,19413138,11748621,0.377
2025-11,Customer 04,East Indonesia,General Trade,Retailer,SKU 07,Snack,490,47619,33489,43974,3%,N,23333310,16409610,6923700,0.2967
2025-11,Customer 04,East Indonesia,General Trade,Retailer,SKU 01,Beverage,243,23735,15288,22658,3%,N,5767605,3714984,2052621,0.3559
2025-11,Customer 04,East Indonesia,Modern Trade,Retailer,SKU 17,Personal Care,1051,25214,19139,25969,3%,N,26499914,20115089,6384825,0.2409
2025-11,Customer 04,East Indonesia,General Trade,Retailer,SKU 12,Dairy,957,8975,6431,8629,3%,N,8589075,6154467,2434608,0.2835
2025-11,Customer 04,East Indonesia,Modern Trade,Retailer,SKU 06,Snack,184,23430,17913,24112,8%,Y,4311120,3295992,1015128,0.2355
2025-11,Customer 04,East Indonesia,General Trade,Retailer,SKU 09,Dairy,237,23453,14867,23097,0%,N,5558361,3523479,2034882,0.3661
2025-11,Customer 04,East Indonesia,Modern Trade,Retailer,SKU 15,Frozen,1205,47964,36326,43427,3%,Y,57796620,43772830,14023790,0.2426
2025-11,Customer 04,East Indonesia,General Trade,Retailer,SKU 13,Frozen,336,10928,8008,11598,5%,N,3671808,2690688,981120,0.2672
2025-11,Customer 05,West Indonesia,Online,Retailer,SKU 02,Beverage,827,8265,6249,8825,3%,N,6835155,5167923,1667232,0.2439
2025-11,Customer 05,West Indonesia,Modern Trade,Retailer,SKU 20,Personal Care,969,14696,9033,13992,0%,N,14240424,8752977,5487447,0.3853
2025-11,Customer 05,West Indonesia,General Trade,Retailer,SKU 06,Snack,1140,25627,21258,24190,0%,N,29214780,24234120,4980660,0.1705
2025-11,Customer 05,West Indonesia,Modern Trade,Retailer,SKU 19,Personal Care,62,36893,26988,36343,0%,N,2287366,1673256,614110,0.2685
2025-11,Customer 05,West Indonesia,Modern Trade,Retailer,SKU 07,Snack,817,44510,37484,45218,0%,Y,36364670,30624428,5740242,0.1579
2025-11,Customer 05,West Indonesia,Modern Trade,Retailer,SKU 09,Dairy,1133,23456,18132,24242,5%,N,26575648,20543556,6032092,0.227
2025-11,Customer 05,West Indonesia,Modern Trade,Retailer,SKU 14,Frozen,1048,12617,9268,12403,3%,N,13222616,9712864,3509752,0.2654
2025-11,Customer 05,West Indonesia,Modern Trade,Retailer,SKU 05,Snack,523,14264,11377,13310,0%,N,7460072,5950171,1509901,0.2024
2025-11,Customer 05,West Indonesia,General Trade,Retailer,SKU 11,Dairy,827,9973,6133,9835,0%,Y,8247671,5071991,3175680,0.385
2025-11,Customer 05,West Indonesia,Online,Retailer,SKU 15,Frozen,351,47207,34864,51059,0%,N,16569657,12237264,4332393,0.2615
2025-11,Customer 05,West Indonesia,Modern Trade,Retailer,SKU 10,Dairy,59,50858,42615,53753,0%,N,3000622,2514285,486337,0.1621
2025-11,Customer 05,West Indonesia,Online,Retailer,SKU 17,Personal Care,632,24021,18649,21828,0%,Y,15181272,11786168,3395104,0.2236
2025-11,Customer 05,West Indonesia,General Trade,Retailer,SKU 03,Beverage,561,48145,37139,45899,0%,N,27009345,20834979,6174366,0.2286
2025-11,Customer 05,West Indonesia,Modern Trade,Retailer,SKU 08,Snack,169,31304,18895,29507,0%,N,5290376,3193255,2097121,0.3964
2025-11,Customer 06,Central Indonesia,General Trade,Distributor,SKU 16,Frozen,150,45257,32744,44836,0%,N,6788550,4911600,1876950,0.2765
2025-11,Customer 06,Central Indonesia,Modern Trade,Distributor,SKU 17,Personal Care,741,25223,20649,27168,3%,N,18690243,15300909,3389334,0.1813
2025-11,Customer 06,Central Indonesia,Modern Trade,Distributor,SKU 05,Snack,190,15371,9498,15742,3%,N,2920490,1804620,1115870,0.3821
2025-11,Customer 06,Central Indonesia,General Trade,Distributor,SKU 14,Frozen,157,12730,10412,13375,3%,N,1998610,1634684,363926,0.1821
2025-11,Customer 06,Central Indonesia,Modern Trade,Distributor,SKU 03,Beverage,852,44103,33433,41898,0%,N,37575756,28484916,9090840,0.2419
2025-11,Customer 06,Central Indonesia,General Trade,Distributor,SKU 12,Dairy,782,9042,6891,9304,0%,N,7070844,5388762,1682082,0.2379
2025-11,Customer 06,Central Indonesia,General Trade,Distributor,SKU 11,Dairy,519,9077,6087,8866,0%,N,4710963,3159153,1551810,0.3294
2025-11,Customer 06,Central Indonesia,General Trade,Distributor,SKU 18,Personal Care,419,29569,20664,31889,8%,N,12389411,8658216,3731195,0.3012
2025-11,Customer 06,Central Indonesia,General Trade,Distributor,SKU 15,Frozen,278,43203,26172,46148,0%,N,12010434,7275816,4734618,0.3942
2025-11,Customer 06,Central Indonesia,General Trade,Distributor,SKU 01,Beverage,698,23601,16190,22248,8%,N,16473498,11300620,5172878,0.314
2025-11,Customer 06,Central Indonesia,General Trade,Distributor,SKU 06,Snack,703,24297,18605,26357,0%,Y,17080791,13079315,4001476,0.2343
2025-11,Customer 06,Central Indonesia,Modern Trade,Distributor,SKU 13,Frozen,403,10537,8342,11316,3%,N,4246411,3361826,884585,0.2083
2025-11,Customer 06,Central Indonesia,Modern Trade,Distributor,SKU 19,Personal Care,100,38509,28113,36829,0%,N,3850900,2811300,1039600,0.27
2025-11,Customer 07,West Indonesia,General Trade,Distributor,SKU 12,Dairy,422,8147,5756,7743,3%,N,3438034,2429032,1009002,0.2935
2025-11,Customer 07,West Indonesia,General Trade,Distributor,SKU 04,Beverage,664,20779,17019,21188,3%,Y,13797256,11300616,2496640,0.181
2025-11,Customer 07,West Indonesia,Online,Distributor,SKU 11,Dairy,84,10081,6472,10260,0%,N,846804,543648,303156,0.358
2025-11,Customer 07,West Indonesia,General Trade,Distributor,SKU 18,Personal Care,980,29442,23854,26578,0%,N,28853160,23376920,5476240,0.1898
2025-11,Customer 07,West Indonesia,Online,Distributor,SKU 14,Frozen,775,12560,8431,12661,0%,N,9734000,6534025,3199975,0.3287
2025-11,Customer 07,West Indonesia,General Trade,Distributor,SKU 19,Personal Care,996,36980,24737,34792,0%,N,36832080,24638052,12194028,0.3311
2025-11,Customer 07,West Indonesia,Online,Distributor,SKU 02,Beverage,861,9548,7506,9879,0%,Y,8220828,6462666,1758162,0.2139
2025-11,Customer 07,West Indonesia,General Trade,Distributor,SKU 17,Personal Care,708,27380,21032,26455,0%,N,19385040,14890656,4494384,0.2318
2025-11,Customer 07,West Indonesia,Modern Trade,Distributor,SKU 08,Snack,279,31327,19252,30288,5%,N,8740233,5371308,3368925,0.3855
2025-11,Customer 07,West Indonesia,General Trade,Distributor,SKU 01,Beverage,465,24932,19640,24928,8%,N,11593380,9132600,2460780,0.2123
2025-11,Customer 07,West Indonesia,Modern Trade,Distributor,SKU 20,Personal Care,236,13668,11012,14147,0%,N,3225648,2598832,626816,0.1943
2025-11,Customer 08,Central Indonesia,Online,Key Account,SKU 02,Beverage,1141,8979,5508,8629,0%,Y,10245039,6284628,3960411,0.3866
2025-11,Customer 08,Central Indonesia,General Trade,Key Account,SKU 09,Dairy,930,24499,18123,26606,3%,N,22784070,16854390,5929680,0.2603
2025-11,Customer 08,Central Indonesia,General Trade,Key Account,SKU 03,Beverage,803,43563,34458,46323,0%,Y,34981089,27669774,7311315,0.209
2025-11,Customer 08,Central Indonesia,Online,Key Account,SKU 17,Personal Care,851,25948,19480,25779,0%,Y,22081748,16577480,5504268,0.2493
2025-11,Customer 08,Central Indonesia,Modern Trade,Key Account,SKU 14,Frozen,1164,13192,10775,12804,0%,N,15355488,12542100,2813388,0.1832
2025-11,Customer 08,Central Indonesia,General Trade,Key Account,SKU 11,Dairy,792,9070,5717,9373,5%,N,7183440,4527864,2655576,0.3697
2025-11,Customer 08,Central Indonesia,Modern Trade,Key Account,SKU 05,Snack,584,15236,9907,14746,0%,Y,8897824,5785688,3112136,0.3498
2025-11,Customer 08,Central Indonesia,Modern Trade,Key Account,SKU 15,Frozen,748,45752,35007,41432,5%,N,34222496,26185236,8037260,0.2349
2025-11,Customer 08,Central Indonesia,General Trade,Key Account,SKU 08,Snack,993,31213,21562,34122,0%,N,30994509,21411066,9583443,0.3092
2025-11,Customer 08,Central Indonesia,Modern Trade,Key Account,SKU 13,Frozen,978,9834,7766,9330,3%,N,9617652,7595148,2022504,0.2103
2025-11,Customer 08,Central Indonesia,General Trade,Key Account,SKU 12,Dairy,679,8528,5956,8936,8%,N,5790512,4044124,1746388,0.3016
2025-11,Customer 09,West Indonesia,Modern Trade,Distributor,SKU 19,Personal Care,898,38792,31102,35291,0%,N,34835216,27929596,6905620,0.1982
2025-11,Customer 09,West Indonesia,General Trade,Distributor,SKU 13,Frozen,1082,10931,7056,9903,5%,N,11827342,7634592,4192750,0.3545
2025-11,Customer 09,West Indonesia,General Trade,Distributor,SKU 09,Dairy,939,24231,18228,23381,0%,Y,22752909,17116092,5636817,0.2477
2025-11,Customer 09,West Indonesia,General Trade,Distributor,SKU 18,Personal Care,705,28807,20663,27139,5%,N,20308935,14567415,5741520,0.2827
2025-11,Customer 09,West Indonesia,Modern Trade,Distributor,SKU 06,Snack,829,25301,17432,25020,8%,N,20974529,14451128,6523401,0.311
2025-11,Customer 09,West Indonesia,Modern Trade,Distributor,SKU 10,Dairy,1232,49425,40173,45888,5%,N,60891600,49493136,11398464,0.1872
2025-11,Customer 09,West Indonesia,Online,Distributor,SKU 15,Frozen,1024,45559,36983,44882,0%,N,46652416,37870592,8781824,0.1882
2025-11,Customer 09,West Indonesia,General Trade,Distributor,SKU 14,Frozen,284,12778,8668,12212,5%,N,3628952,2461712,1167240,0.3216
2025-11,Customer 09,West Indonesia,General Trade,Distributor,SKU 16,Frozen,645,47713,38968,48734,0%,N,30774885,25134360,5640525,0.1833
2025-11,Customer 09,West Indonesia,Modern Trade,Distributor,SKU 02,Beverage,228,8647,6537,8038,0%,N,1971516,1490436,481080,0.244
2025-11,Customer 09,West Indonesia,General Trade,Distributor,SKU 03,Beverage,390,44376,28003,47419,0%,Y,17306640,10921170,6385470,0.369
2025-11,Customer 10,East Indonesia,General Trade,Key Account,SKU 17,Personal Care,752,26144,21403,27916,3%,N,19660288,16095056,3565232,0.1813
2025-11,Customer 10,East Indonesia,General Trade,Key Account,SKU 01,Beverage,976,22475,18693,23118,0%,N,21935600,18244368,3691232,0.1683
2025-11,Customer 10,East Indonesia,Modern Trade,Key Account,SKU 19,Personal Care,1016,35620,24766,34603,0%,Y,36189920,25162256,11027664,0.3047
2025-11,Customer 10,East Indonesia,General Trade,Key Account,SKU 12,Dairy,1095,9396,7754,9563,0%,N,10288620,8490630,1797990,0.1748
2025-11,Customer 10,East Indonesia,Modern Trade,Key Account,SKU 04,Beverage,1147,20088,15503,19233,5%,N,23040936,17781941,5258995,0.2282
2025-11,Customer 10,East Indonesia,Modern Trade,Key Account,SKU 15,Frozen,726,48031,31354,44477,3%,Y,34870506,22763004,12107502,0.3472
2025-11,Customer 10,East Indonesia,General Trade,Key Account,SKU 16,Frozen,709,49522,31199,45781,0%,N,35111098,22120091,12991007,0.37
2025-11,Customer 10,East Indonesia,General Trade,Key Account,SKU 11,Dairy,567,10143,7800,10809,5%,N,5751081,4422600,1328481,0.231
2025-11,Customer 10,East Indonesia,Online,Key Account,SKU 03,Beverage,547,44920,28602,42333,3%,N,24571240,15645294,8925946,0.3633
2025-11,Customer 10,East Indonesia,Modern Trade,Key Account,SKU 09,Dairy,1231,25177,16263,23293,0%,N,30992887,20019753,10973134,0.3541
2025-11,Customer 10,East Indonesia,Modern Trade,Key Account,SKU 07,Snack,189,41580,25568,45390,8%,N,7858620,4832352,3026268,0.3851
2025-11,Customer 10,East Indonesia,Modern Trade,Key Account,SKU 18,Personal Care,793,28848,20367,28429,0%,N,22876464,16151031,6725433,0.294
2025-11,Customer 10,East Indonesia,Online,Key Account,SKU 13,Frozen,213,10879,8410,11241,0%,N,2317227,1791330,525897,0.227
2025-11,Customer 10,East Indonesia,Modern Trade,Key Account,SKU 20,Personal Care,1249,15066,9138,15329,3%,N,18817434,11413362,7404072,0.3935
2025-11,Customer 10,East Indonesia,Modern Trade,Key Account,SKU 10,Dairy,485,45498,30236,42653,3%,N,22066530,14664460,7402070,0.3354
2025-11,Customer 11,West Indonesia,General Trade,Distributor,SKU 03,Beverage,462,47753,31296,51274,0%,Y,22061886,14458752,7603134,0.3446
2025-11,Customer 11,West Indonesia,General Trade,Distributor,SKU 07,Snack,1194,48363,32332,50580,5%,N,57745422,38604408,19141014,0.3315
2025-11,Customer 11,West Indonesia,Modern Trade,Distributor,SKU 19,Personal Care,310,36663,25931,37161,5%,Y,11365530,8038610,3326920,0.2927
2025-11,Customer 11,West Indonesia,General Trade,Distributor,SKU 17,Personal Care,447,26428,19325,25573,0%,N,11813316,8638275,3175041,0.2688
2025-11,Customer 11,West Indonesia,General Trade,Distributor,SKU 14,Frozen,219,12632,9506,12274,3%,N,2766408,2081814,684594,0.2475
2025-11,Customer 11,West Indonesia,Online,Distributor,SKU 16,Frozen,958,44835,36042,46700,0%,N,42951930,34528236,8423694,0.1961
2025-11,Customer 11,West Indonesia,Modern Trade,Distributor,SKU 10,Dairy,1154,45239,34091,44140,0%,N,52205806,39341014,12864792,0.2464
2025-11,Customer 11,West Indonesia,Online,Distributor,SKU 11,Dairy,1190,9754,6649,9190,3%,N,11607260,7912310,3694950,0.3183
2025-11,Customer 11,West Indonesia,Modern Trade,Distributor,SKU 04,Beverage,445,19742,14631,20303,0%,Y,8785190,6510795,2274395,0.2589
2025-11,Customer 11,West Indonesia,General Trade,Distributor,SKU 01,Beverage,703,21969,15969,23107,8%,Y,15444207,11226207,4218000,0.2731
2025-11,Customer 11,West Indonesia,Online,Distributor,SKU 13,Frozen,987,10014,7442,10055,0%,N,9883818,7345254,2538564,0.2568
2025-11,Customer 12,West Indonesia,General Trade,Retailer,SKU 17,Personal Care,469,24629,19838,24635,0%,N,11551001,9304022,2246979,0.1945
2025-11,Customer 12,West Indonesia,General Trade,Retailer,SKU 15,Frozen,1012,42211,34119,45958,0%,N,42717532,34528428,8189104,0.1917
2025-11,Customer 12,West Indonesia,Modern Trade,Retailer,SKU 07,Snack,366,48520,30445,44096,0%,N,17758320,11142870,6615450,0.3725
2025-11,Customer 12,West Indonesia,Online,Retailer,SKU 01,Beverage,1265,22120,16574,22090,0%,Y,27981800,20966110,7015690,0.2507
2025-11,Customer 12,West Indonesia,Modern Trade,Retailer,SKU 08,Snack,513,28661,21816,30728,3%,N,14703093,11191608,3511485,0.2388
2025-11,Customer 12,West Indonesia,General Trade,Retailer,SKU 20,Personal Care,488,13257,10413,13451,3%,N,6469416,5081544,1387872,0.2145
2025-11,Customer 12,West Indonesia,Modern Trade,Retailer,SKU 09,Dairy,147,24616,19047,23730,0%,N,3618552,2799909,818643,0.2262
2025-11,Customer 12,West Indonesia,General Trade,Retailer,SKU 02,Beverage,1167,8878,5471,9693,0%,N,10360626,6384657,3975969,0.3838
2025-11,Customer 12,West Indonesia,Modern Trade,Retailer,SKU 10,Dairy,1249,52968,37366,50704,3%,N,66157032,46670134,19486898,0.2946
2025-11,Customer 12,West Indonesia,General Trade,Retailer,SKU 16,Frozen,803,43952,34544,44586,5%,N,35293456,27738832,7554624,0.2141
2025-11,Customer 13,West Indonesia,Modern Trade,Retailer,SKU 09,Dairy,855,22536,16800,22009,0%,N,19268280,14364000,4904280,0.2545
2025-11,Customer 13,West Indonesia,General Trade,Retailer,SKU 06,Snack,690,24552,17395,25939,0%,N,16940880,12002550,4938330,0.2915
2025-11,Customer 13,West Indonesia,Modern Trade,Retailer,SKU 16,Frozen,1130,49478,33183,44672,3%,N,55910140,37496790,18413350,0.3293
2025-11,Customer 13,West Indonesia,Modern Trade,Retailer,SKU 03,Beverage,1207,45143,34801,44856,0%,Y,54487601,42004807,12482794,0.2291
2025-11,Customer 13,West Indonesia,General Trade,Retailer,SKU 14,Frozen,698,12567,9530,11684,5%,Y,8771766,6651940,2119826,0.2417
2025-11,Customer 13,West Indonesia,General Trade,Retailer,SKU 13,Frozen,945,10172,7360,10860,0%,N,9612540,6955200,2657340,0.2764
2025-11,Customer 13,West Indonesia,Online,Retailer,SKU 11,Dairy,1077,9002,5405,9797,0%,Y,9695154,5821185,3873969,0.3996
2025-11,Customer 13,West Indonesia,General Trade,Retailer,SKU 18,Personal Care,439,29031,23656,28617,3%,N,12744609,10384984,2359625,0.1851
2025-11,Customer 13,West Indonesia,Modern Trade,Retailer,SKU 02,Beverage,327,8825,6221,8129,5%,N,2885775,2034267,851508,0.2951
2025-11,Customer 13,West Indonesia,Modern Trade,Retailer,SKU 15,Frozen,771,43393,34781,43228,0%,N,33456003,26816151,6639852,0.1985
2025-11,Customer 13,West Indonesia,Modern Trade,Retailer,SKU 04,Beverage,375,18150,11409,17361,3%,N,6806250,4278375,2527875,0.3714
2025-11,Customer 13,West Indonesia,General Trade,Retailer,SKU 07,Snack,1175,48477,36056,48600,5%,N,56960475,42365800,14594675,0.2562
2025-11,Customer 13,West Indonesia,Online,Retailer,SKU 01,Beverage,716,23684,15087,21686,3%,N,16957744,10802292,6155452,0.363
2025-11,Customer 13,West Indonesia,Online,Retailer,SKU 17,Personal Care,455,27532,20336,29257,0%,N,12527060,9252880,3274180,0.2614
2025-11,Customer 14,West Indonesia,General Trade,Distributor,SKU 04,Beverage,1074,20502,15364,21663,0%,N,22019148,16500936,5518212,0.2506
2025-11,Customer 14,West Indonesia,General Trade,Distributor,SKU 10,Dairy,505,52847,37713,55686,5%,N,26687735,19045065,7642670,0.2864
2025-11,Customer 14,West Indonesia,General Trade,Distributor,SKU 14,Frozen,1044,12887,8695,12244,0%,N,13454028,9077580,4376448,0.3253
2025-11,Customer 14,West Indonesia,Modern Trade,Distributor,SKU 15,Frozen,745,44862,31003,41256,8%,N,33422190,23097235,10324955,0.3089
2025-11,Customer 14,West Indonesia,Online,Distributor,SKU 20,Personal Care,502,15520,11265,16808,5%,N,7791040,5655030,2136010,0.2742
2025-11,Customer 14,West Indonesia,Online,Distributor,SKU 18,Personal Care,1006,27086,18723,26331,5%,Y,27248516,18835338,8413178,0.3088
2025-11,Customer 14,West Indonesia,Modern Trade,Distributor,SKU 05,Snack,853,13809,9339,15097,5%,Y,11779077,7966167,3812910,0.3237
2025-11,Customer 14,West Indonesia,Modern Trade,Distributor,SKU 08,Snack,1123,32319,22208,30020,0%,N,36294237,24939584,11354653,0.3129
2025-11,Customer 14,West Indonesia,Modern Trade,Distributor,SKU 19,Personal Care,832,34957,24082,37451,0%,N,29084224,20036224,9048000,0.3111
2025-11,Customer 14,West Indonesia,General Trade,Distributor,SKU 02,Beverage,105,8622,7171,8683,0%,N,905310,752955,152355,0.1683
2025-11,Customer 14,West Indonesia,General Trade,Distributor,SKU 07,Snack,496,43967,29344,42737,0%,N,21807632,14554624,7253008,0.3326
2025-11,Customer 14,West Indonesia,General Trade,Distributor,SKU 11,Dairy,74,9023,6704,8813,5%,N,667702,496096,171606,0.257
2025-11,Customer 14,West Indonesia,General Trade,Distributor,SKU 09,Dairy,993,24793,15221,26428,3%,N,24619449,15114453,9504996,0.3861
2025-11,Customer 14,West Indonesia,General Trade,Distributor,SKU 12,Dairy,458,9307,5832,8886,0%,N,4262606,2671056,1591550,0.3734
2025-11,Customer 15,West Indonesia,General Trade,Retailer,SKU 09,Dairy,963,24561,15424,26146,0%,N,23652243,14853312,8798931,0.372
2025-11,Customer 15,West Indonesia,General Trade,Retailer,SKU 03,Beverage,516,42869,34250,46492,0%,N,22120404,17673000,4447404,0.2011
2025-11,Customer 15,West Indonesia,Online,Retailer,SKU 19,Personal Care,444,37620,26191,36908,0%,N,16703280,11628804,5074476,0.3038
2025-11,Customer 15,West Indonesia,Modern Trade,Retailer,SKU 20,Personal Care,1067,14730,11005,14095,5%,N,15716910,11742335,3974575,0.2529
2025-11,Customer 15,West Indonesia,General Trade,Retailer,SKU 18,Personal Care,1216,29588,21529,32037,3%,N,35979008,26179264,9799744,0.2724
2025-11,Customer 15,West Indonesia,General Trade,Retailer,SKU 05,Snack,239,13718,10229,13158,3%,N,3278602,2444731,833871,0.2543
2025-11,Customer 15,West Indonesia,General Trade,Retailer,SKU 07,Snack,905,43078,31402,47289,0%,N,38985590,28418810,10566780,0.271
2025-11,Customer 15,West Indonesia,Modern Trade,Retailer,SKU 04,Beverage,536,18194,14267,19427,8%,N,9751984,7647112,2104872,0.2158
2025-11,Customer 15,West Indonesia,Modern Trade,Retailer,SKU 14,Frozen,133,13864,8986,13481,3%,N,1843912,1195138,648774,0.3518
2025-11,Customer 16,Central Indonesia,General Trade,Retailer,SKU 09,Dairy,1158,24107,15727,24340,0%,N,27915906,18211866,9704040,0.3476
2025-11,Customer 16,Central Indonesia,Online,Retailer,SKU 05,Snack,66,14530,11818,14207,5%,Y,958980,779988,178992,0.1866
2025-11,Customer 16,Central Indonesia,Online,Retailer,SKU 17,Personal Care,891,27322,16549,27809,0%,N,24343902,14745159,9598743,0.3943
2025-11,Customer 16,Central Indonesia,Modern Trade,Retailer,SKU 18,Personal Care,438,26558,17689,28897,3%,N,11632404,7747782,3884622,0.3339
2025-11,Customer 16,Central Indonesia,General Trade,Retailer,SKU 06,Snack,1163,26339,20181,27446,0%,N,30632257,23470503,7161754,0.2338
2025-11,Customer 16,Central Indonesia,Modern Trade,Retailer,SKU 03,Beverage,1009,48432,36997,50703,3%,N,48867888,37329973,11537915,0.2361
2025-11,Customer 16,Central Indonesia,General Trade,Retailer,SKU 13,Frozen,1217,10539,7528,11010,0%,N,12825963,9161576,3664387,0.2857
2025-11,Customer 16,Central Indonesia,General Trade,Retailer,SKU 08,Snack,730,27812,18920,29709,0%,N,20302760,13811600,6491160,0.3197
2025-11,Customer 16,Central Indonesia,Modern Trade,Retailer,SKU 15,Frozen,764,47317,35153,51580,3%,N,36150188,26856892,9293296,0.2571
2025-11,Customer 17,West Indonesia,Modern Trade,Distributor,SKU 02,Beverage,710,9370,7377,9710,0%,Y,6652700,5237670,1415030,0.2127
2025-11,Customer 17,West Indonesia,Modern Trade,Distributor,SKU 05,Snack,890,15014,10187,14238,0%,N,13362460,9066430,4296030,0.3215
2025-11,Customer 17,West Indonesia,Modern Trade,Distributor,SKU 14,Frozen,1031,13997,10720,13406,0%,N,14430907,11052320,3378587,0.2341
2025-11,Customer 17,West Indonesia,Online,Distributor,SKU 06,Snack,924,23726,16029,24993,0%,N,21922824,14810796,7112028,0.3244
2025-11,Customer 17,West Indonesia,Modern Trade,Distributor,SKU 13,Frozen,691,9932,8200,9731,5%,N,6863012,5666200,1196812,0.1744
2025-11,Customer 17,West Indonesia,Modern Trade,Distributor,SKU 18,Personal Care,793,26716,18481,24674,0%,N,21185788,14655433,6530355,0.3082
2025-11,Customer 17,West Indonesia,Modern Trade,Distributor,SKU 09,Dairy,824,24805,17276,22952,0%,N,20439320,14235424,6203896,0.3035
2025-11,Customer 17,West Indonesia,General Trade,Distributor,SKU 15,Frozen,306,48277,29150,45920,3%,Y,14772762,8919900,5852862,0.3962
2025-11,Customer 17,West Indonesia,Modern Trade,Distributor,SKU 03,Beverage,1032,43540,30032,42025,5%,N,44933280,30993024,13940256,0.3102
2025-11,Customer 18,Central Indonesia,General Trade,Retailer,SKU 03,Beverage,838,49126,36579,51843,5%,N,41167588,30653202,10514386,0.2554
2025-11,Customer 18,Central Indonesia,Modern Trade,Retailer,SKU 14,Frozen,695,12620,8676,11935,0%,N,8770900,6029820,2741080,0.3125
2025-11,Customer 18,Central Indonesia,General Trade,Retailer,SKU 20,Personal Care,191,15126,12433,15094,3%,N,2889066,2374703,514363,0.178
2025-11,Customer 18,Central Indonesia,Modern Trade,Retailer,SKU 13,Frozen,253,10058,7361,10642,3%,N,2544674,1862333,682341,0.2681
2025-11,Customer 18,Central Indonesia,Modern Trade,Retailer,SKU 08,Snack,595,28882,23967,31430,8%,N,17184790,14260365,2924425,0.1702
2025-11,Customer 18,Central Indonesia,Modern Trade,Retailer,SKU 12,Dairy,862,8985,6417,8903,0%,N,7745070,5531454,2213616,0.2858
2025-11,Customer 18,Central Indonesia,General Trade,Retailer,SKU 07,Snack,839,46396,30637,42213,0%,N,38926244,25704443,13221801,0.3397
2025-11,Customer 18,Central Indonesia,Online,Retailer,SKU 16,Frozen,712,44509,27626,44287,0%,Y,31690408,19669712,12020696,0.3793
2025-11,Customer 18,Central Indonesia,General Trade,Retailer,SKU 09,Dairy,1208,25212,19762,22801,0%,N,30456096,23872496,6583600,0.2162
2025-11,Customer 18,Central Indonesia,General Trade,Retailer,SKU 18,Personal Care,896,27814,20166,30189,0%,N,24921344,18068736,6852608,0.275
2025-11,Customer 18,Central Indonesia,Modern Trade,Retailer,SKU 19,Personal Care,328,35462,28825,33451,5%,N,11631536,9454600,2176936,0.1872
2025-11,Customer 18,Central Indonesia,Modern Trade,Retailer,SKU 06,Snack,516,23158,17986,25151,5%,N,11949528,9280776,2668752,0.2233
2025-11,Customer 18,Central Indonesia,Online,Retailer,SKU 10,Dairy,977,46915,32698,49156,3%,Y,45835955,31945946,13890009,0.303
2025-11,Customer 18,Central Indonesia,Modern Trade,Retailer,SKU 11,Dairy,314,9050,6483,8990,0%,N,2841700,2035662,806038,0.2836
2025-11,Customer 19,East Indonesia,Online,Distributor,SKU 02,Beverage,107,8581,6082,9353,0%,N,918167,650774,267393,0.2912
2025-11,Customer 19,East Indonesia,Modern Trade,Distributor,SKU 11,Dairy,491,10365,7965,9444,3%,N,5089215,3910815,1178400,0.2315
2025-11,Customer 19,East Indonesia,Modern Trade,Distributor,SKU 09,Dairy,984,25051,18008,26420,0%,N,24650184,17719872,6930312,0.2811
2025-11,Customer 19,East Indonesia,Modern Trade,Distributor,SKU 04,Beverage,1137,18374,14114,16620,0%,N,20891238,16047618,4843620,0.2318
2025-11,Customer 19,East Indonesia,Modern Trade,Distributor,SKU 08,Snack,397,28262,17244,28063,0%,Y,11220014,6845868,4374146,0.3899
2025-11,Customer 19,East Indonesia,Modern Trade,Distributor,SKU 20,Personal Care,775,14395,11590,15336,3%,N,11156125,8982250,2173875,0.1949
2025-11,Customer 19,East Indonesia,General Trade,Distributor,SKU 14,Frozen,721,13589,9875,14921,0%,N,9797669,7119875,2677794,0.2733
2025-11,Customer 19,East Indonesia,General Trade,Distributor,SKU 10,Dairy,822,45580,33945,46136,3%,Y,37466760,27902790,9563970,0.2553
2025-11,Customer 19,East Indonesia,Modern Trade,Distributor,SKU 01,Beverage,397,25003,15270,23878,8%,N,9926191,6062190,3864001,0.3893
2025-11,Customer 19,East Indonesia,General Trade,Distributor,SKU 06,Snack,987,25188,15931,26596,0%,N,24860556,15723897,9136659,0.3675
2025-11,Customer 19,East Indonesia,Modern Trade,Distributor,SKU 16,Frozen,327,45379,31778,48139,5%,N,14838933,10391406,4447527,0.2997
2025-11,Customer 19,East Indonesia,General Trade,Distributor,SKU 19,Personal Care,422,36718,23178,37426,0%,N,15494996,9781116,5713880,0.3688
2025-11,Customer 20,Central Indonesia,Online,Key Account,SKU 20,Personal Care,232,15485,10418,14247,3%,N,3592520,2416976,1175544,0.3272
2025-11,Customer 20,Central Indonesia,Modern Trade,Key Account,SKU 06,Snack,1121,24862,16143,23729,0%,N,27870302,18096303,9773999,0.3507
2025-11,Customer 20,Central Indonesia,General Trade,Key Account,SKU 01,Beverage,961,23219,15845,21244,5%,N,22313459,15227045,7086414,0.3176
2025-11,Customer 20,Central Indonesia,Online,Key Account,SKU 18,Personal Care,438,28514,23453,31024,5%,N,12489132,10272414,2216718,0.1775
2025-11,Customer 20,Central Indonesia,General Trade,Key Account,SKU 11,Dairy,221,10225,6319,9548,0%,N,2259725,1396499,863226,0.382
2025-11,Customer 20,Central Indonesia,General Trade,Key Account,SKU 16,Frozen,1059,45863,32320,44031,0%,N,48568917,34226880,14342037,0.2953
2025-11,Customer 20,Central Indonesia,Modern Trade,Key Account,SKU 14,Frozen,1103,12506,8420,13353,5%,Y,13794118,9287260,4506858,0.3267
2025-11,Customer 20,Central Indonesia,General Trade,Key Account,SKU 19,Personal Care,1194,38159,25324,36178,8%,N,45561846,30236856,15324990,0.3364
2025-11,Customer 20,Central Indonesia,General Trade,Key Account,SKU 03,Beverage,1129,44188,28606,43557,0%,N,49888252,32296174,17592078,0.3526
2025-11,Customer 20,Central Indonesia,Modern Trade,Key Account,SKU 04,Beverage,1084,18676,14059,19104,0%,N,20244784,15239956,5004828,0.2472
2025-11,Customer 20,Central Indonesia,General Trade,Key Account,SKU 07,Snack,615,46050,34106,42327,0%,N,28320750,20975190,7345560,0.2594
2025-11,Customer 21,Central Indonesia,Modern Trade,Retailer,SKU 10,Dairy,304,51235,42395,55377,5%,N,15575440,12888080,2687360,0.1725
2025-11,Customer 21,Central Indonesia,Modern Trade,Retailer,SKU 11,Dairy,423,9929,8062,10250,0%,N,4199967,3410226,789741,0.188
2025-11,Customer 21,Central Indonesia,General Trade,Retailer,SKU 12,Dairy,376,8645,5689,8290,0%,N,3250520,2139064,1111456,0.3419
2025-11,Customer 21,Central Indonesia,Modern Trade,Retailer,SKU 08,Snack,938,30523,18486,29469,0%,Y,28630574,17339868,11290706,0.3944
2025-11,Customer 21,Central Indonesia,Online,Retailer,SKU 15,Frozen,1006,46137,39206,42064,0%,Y,46413822,39441236,6972586,0.1502
2025-11,Customer 21,Central Indonesia,General Trade,Retailer,SKU 05,Snack,54,14356,8799,13704,0%,Y,775224,475146,300078,0.3871
2025-11,Customer 21,Central Indonesia,General Trade,Retailer,SKU 16,Frozen,986,47055,34347,51479,0%,N,46396230,33866142,12530088,0.2701
2025-11,Customer 21,Central Indonesia,General Trade,Retailer,SKU 14,Frozen,894,13377,10296,12656,0%,Y,11959038,9204624,2754414,0.2303
2025-11,Customer 21,Central Indonesia,Online,Retailer,SKU 03,Beverage,68,49789,32817,45489,5%,N,3385652,2231556,1154096,0.3409
2025-11,Customer 21,Central Indonesia,Online,Retailer,SKU 06,Snack,900,24047,14734,23699,0%,N,21642300,13260600,8381700,0.3873
2025-11,Customer 22,West Indonesia,General Trade,Distributor,SKU 17,Personal Care,91,26980,19511,26302,0%,N,2455180,1775501,679679,0.2768
2025-11,Customer 22,West Indonesia,General Trade,Distributor,SKU 14,Frozen,1216,13378,11096,12170,0%,N,16267648,13492736,2774912,0.1706
2025-11,Customer 22,West Indonesia,Modern Trade,Distributor,SKU 10,Dairy,131,51681,33300,49765,0%,N,6770211,4362300,2407911,0.3557
2025-11,Customer 22,West Indonesia,General Trade,Distributor,SKU 03,Beverage,432,43626,32167,43186,0%,N,18846432,13896144,4950288,0.2627
2025-11,Customer 22,West Indonesia,General Trade,Distributor,SKU 01,Beverage,1106,24247,14764,23068,0%,N,26817182,16328984,10488198,0.3911
2025-11,Customer 22,West Indonesia,Modern Trade,Distributor,SKU 02,Beverage,609,9559,6342,10089,5%,N,5821431,3862278,1959153,0.3365
2025-11,Customer 22,West Indonesia,Modern Trade,Distributor,SKU 05,Snack,320,14592,12336,13998,0%,N,4669440,3947520,721920,0.1546
2025-11,Customer 22,West Indonesia,General Trade,Distributor,SKU 07,Snack,1236,46292,37204,41793,8%,N,57216912,45984144,11232768,0.1963
2025-11,Customer 22,West Indonesia,Online,Distributor,SKU 18,Personal Care,346,28019,20001,28348,0%,N,9694574,6920346,2774228,0.2862
2025-11,Customer 22,West Indonesia,Modern Trade,Distributor,SKU 15,Frozen,338,45710,33221,47270,0%,N,15449980,11228698,4221282,0.2732
2025-11,Customer 22,West Indonesia,Online,Distributor,SKU 04,Beverage,729,19828,14285,19450,5%,Y,14454612,10413765,4040847,0.2796
2025-11,Customer 22,West Indonesia,Modern Trade,Distributor,SKU 08,Snack,526,29851,17986,27197,0%,N,15701626,9460636,6240990,0.3975
2025-11,Customer 22,West Indonesia,General Trade,Distributor,SKU 20,Personal Care,225,14532,11479,14591,0%,N,3269700,2582775,686925,0.2101
2025-11,Customer 22,West Indonesia,General Trade,Distributor,SKU 09,Dairy,1055,24122,17311,22741,0%,N,25448710,18263105,7185605,0.2824
2025-11,Customer 23,East Indonesia,General Trade,Retailer,SKU 12,Dairy,872,8936,7218,9096,8%,N,7792192,6294096,1498096,0.1923
2025-11,Customer 23,East Indonesia,General Trade,Retailer,SKU 18,Personal Care,812,29195,23493,26403,0%,N,23706340,19076316,4630024,0.1953
2025-11,Customer 23,East Indonesia,General Trade,Retailer,SKU 09,Dairy,410,22987,17241,22018,5%,N,9424670,7068810,2355860,0.25
2025-11,Customer 23,East Indonesia,General Trade,Retailer,SKU 08,Snack,1209,29405,18512,32065,3%,N,35550645,22381008,13169637,0.3704
2025-11,Customer 23,East Indonesia,General Trade,Retailer,SKU 07,Snack,1221,43150,27047,45931,8%,N,52686150,33024387,19661763,0.3732
2025-11,Customer 23,East Indonesia,Modern Trade,Retailer,SKU 16,Frozen,1180,48703,29955,51477,0%,Y,57469540,35346900,22122640,0.3849
2025-11,Customer 23,East Indonesia,General Trade,Retailer,SKU 15,Frozen,120,48684,31869,44282,3%,N,5842080,3824280,2017800,0.3454
2025-11,Customer 23,East Indonesia,Online,Retailer,SKU 06,Snack,812,26526,19179,24290,5%,N,21539112,15573348,5965764,0.277
2025-11,Customer 24,Central Indonesia,Online,Retailer,SKU 04,Beverage,171,18050,12564,18213,0%,N,3086550,2148444,938106,0.3039
2025-11,Customer 24,Central Indonesia,Modern Trade,Retailer,SKU 14,Frozen,287,13728,10756,13097,8%,Y,3939936,3086972,852964,0.2165
2025-11,Customer 24,Central Indonesia,General Trade,Retailer,SKU 17,Personal Care,292,23815,19350,23684,3%,N,6953980,5650200,1303780,0.1875
2025-11,Customer 24,Central Indonesia,Modern Trade,Retailer,SKU 13,Frozen,1044,9625,6069,10117,0%,N,10048500,6336036,3712464,0.3695
2025-11,Customer 24,Central Indonesia,General Trade,Retailer,SKU 12,Dairy,58,8396,5965,8793,8%,N,486968,345970,140998,0.2895
2025-11,Customer 24,Central Indonesia,General Trade,Retailer,SKU 01,Beverage,1158,21968,18438,20426,0%,Y,25438944,21351204,4087740,0.1607
2025-11,Customer 24,Central Indonesia,Modern Trade,Retailer,SKU 15,Frozen,1229,47493,38274,43331,0%,N,58368897,47038746,11330151,0.1941
2025-11,Customer 24,Central Indonesia,Modern Trade,Retailer,SKU 11,Dairy,360,9956,7551,9952,0%,N,3584160,2718360,865800,0.2416
2025-11,Customer 24,Central Indonesia,General Trade,Retailer,SKU 07,Snack,838,46690,34792,45326,0%,N,39126220,29155696,9970524,0.2548
2025-11,Customer 24,Central Indonesia,Modern Trade,Retailer,SKU 10,Dairy,1052,52172,41989,56449,0%,N,54884944,44172428,10712516,0.1952
2025-11,Customer 24,Central Indonesia,Modern Trade,Retailer,SKU 16,Frozen,450,43567,28313,44773,8%,N,19605150,12740850,6864300,0.3501
2025-11,Customer 24,Central Indonesia,Modern Trade,Retailer,SKU 20,Personal Care,452,14589,11173,15112,3%,N,6594228,5050196,1544032,0.2341
2025-11,Customer 24,Central Indonesia,Modern Trade,Retailer,SKU 09,Dairy,393,23197,19504,24617,0%,N,9116421,7665072,1451349,0.1592
2025-11,Customer 24,Central Indonesia,General Trade,Retailer,SKU 06,Snack,834,24836,19480,23137,0%,N,20713224,16246320,4466904,0.2157
2025-11,Customer 24,Central Indonesia,Modern Trade,Retailer,SKU 19,Personal Care,1198,38717,27517,39433,0%,N,46382966,32965366,13417600,0.2893
2025-11,Customer 25,Central Indonesia,Modern Trade,Retailer,SKU 13,Frozen,826,10820,8907,11475,3%,N,8937320,7357182,1580138,0.1768
2025-11,Customer 25,Central Indonesia,General Trade,Retailer,SKU 11,Dairy,1040,9272,6179,9848,3%,N,9642880,6426160,3216720,0.3336
2025-11,Customer 25,Central Indonesia,Modern Trade,Retailer,SKU 05,Snack,1018,14503,11857,14464,0%,Y,14764054,12070426,2693628,0.1824
2025-11,Customer 25,Central Indonesia,General Trade,Retailer,SKU 17,Personal Care,1262,23787,18059,24571,0%,N,30019194,22790458,7228736,0.2408
2025-11,Customer 25,Central Indonesia,General Trade,Retailer,SKU 14,Frozen,111,13883,10083,12936,0%,N,1541013,1119213,421800,0.2737
2025-11,Customer 25,Central Indonesia,General Trade,Retailer,SKU 19,Personal Care,254,36809,31026,35842,8%,N,9349486,7880604,1468882,0.1571
2025-11,Customer 25,Central Indonesia,General Trade,Retailer,SKU 12,Dairy,1146,8800,6406,8496,0%,N,10084800,7341276,2743524,0.272
2025-11,Customer 25,Central Indonesia,Modern Trade,Retailer,SKU 18,Personal Care,1077,28164,23724,26942,3%,N,30332628,25550748,4781880,0.1576
2025-11,Customer 25,Central Indonesia,Modern Trade,Retailer,SKU 15,Frozen,445,43260,26839,47470,3%,Y,19250700,11943355,7307345,0.3796
2025-11,Customer 25,Central Indonesia,Modern Trade,Retailer,SKU 01,Beverage,918,24353,15940,24015,0%,Y,22356054,14632920,7723134,0.3455
2025-11,Customer 26,East Indonesia,General Trade,Key Account,SKU 12,Dairy,746,8089,6695,7818,0%,N,6034394,4994470,1039924,0.1723
2025-11,Customer 26,East Indonesia,Modern Trade,Key Account,SKU 18,Personal Care,1211,27847,19671,29433,8%,Y,33722717,23821581,9901136,0.2936
2025-11,Customer 26,East Indonesia,General Trade,Key Account,SKU 04,Beverage,790,18197,14067,18952,5%,N,14375630,11112930,3262700,0.227
2025-11,Customer 26,East Indonesia,Modern Trade,Key Account,SKU 05,Snack,598,13889,9681,13954,0%,N,8305622,5789238,2516384,0.303
2025-11,Customer 26,East Indonesia,General Trade,Key Account,SKU 13,Frozen,961,9923,6118,10616,5%,N,9536003,5879398,3656605,0.3835
2025-11,Customer 26,East Indonesia,Modern Trade,Key Account,SKU 08,Snack,963,32069,27083,33780,5%,Y,30882447,26080929,4801518,0.1555
2025-11,Customer 26,East Indonesia,General Trade,Key Account,SKU 14,Frozen,374,14342,8818,13496,5%,N,5363908,3297932,2065976,0.3852
2025-11,Customer 26,East Indonesia,General Trade,Key Account,SKU 17,Personal Care,504,25131,21052,25496,0%,N,12666024,10610208,2055816,0.1623
2025-11,Customer 27,West Indonesia,Modern Trade,Retailer,SKU 10,Dairy,57,51567,37681,52857,0%,N,2939319,2147817,791502,0.2693
2025-11,Customer 27,West Indonesia,Modern Trade,Retailer,SKU 01,Beverage,1177,23008,14319,23531,0%,Y,27080416,16853463,10226953,0.3777
2025-11,Customer 27,West Indonesia,General Trade,Retailer,SKU 13,Frozen,1247,10445,8651,11455,0%,N,13024915,10787797,2237118,0.1718
2025-11,Customer 27,West Indonesia,General Trade,Retailer,SKU 18,Personal Care,806,28995,17623,31534,0%,N,23369970,14204138,9165832,0.3922
2025-11,Customer 27,West Indonesia,Modern Trade,Retailer,SKU 19,Personal Care,346,34760,26703,33530,0%,N,12026960,9239238,2787722,0.2318
2025-11,Customer 27,West Indonesia,General Trade,Retailer,SKU 16,Frozen,790,45940,35034,44159,0%,N,36292600,27676860,8615740,0.2374
2025-11,Customer 27,West Indonesia,Modern Trade,Retailer,SKU 03,Beverage,778,49054,30893,51341,8%,N,38164012,24034754,14129258,0.3702
2025-11,Customer 27,West Indonesia,General Trade,Retailer,SKU 08,Snack,828,28419,22870,26023,5%,N,23530932,18936360,4594572,0.1953
2025-11,Customer 27,West Indonesia,Online,Retailer,SKU 07,Snack,945,42071,33502,41586,0%,Y,39757095,31659390,8097705,0.2037
2025-11,Customer 27,West Indonesia,Modern Trade,Retailer,SKU 11,Dairy,736,9640,8033,9888,3%,Y,7095040,5912288,1182752,0.1667
2025-11,Customer 27,West Indonesia,Modern Trade,Retailer,SKU 15,Frozen,1049,47398,39158,45137,0%,N,49720502,41076742,8643760,0.1738
2025-11,Customer 27,West Indonesia,Online,Retailer,SKU 14,Frozen,843,13420,9180,12488,0%,Y,11313060,7738740,3574320,0.3159
2025-11,Customer 27,West Indonesia,Modern Trade,Retailer,SKU 04,Beverage,570,19782,14304,18991,0%,N,11275740,8153280,3122460,0.2769
2025-11,Customer 28,Central Indonesia,General Trade,Distributor,SKU 06,Snack,308,26497,17728,24468,0%,N,8161076,5460224,2700852,0.3309
2025-11,Customer 28,Central Indonesia,Modern Trade,Distributor,SKU 07,Snack,1186,46302,32188,46318,0%,N,54914172,38174968,16739204,0.3048
2025-11,Customer 28,Central Indonesia,Modern Trade,Distributor,SKU 10,Dairy,839,48753,29769,47304,0%,N,40903767,24976191,15927576,0.3894
2025-11,Customer 28,Central Indonesia,Modern Trade,Distributor,SKU 01,Beverage,641,22730,17500,22015,3%,Y,14569930,11217500,3352430,0.2301
2025-11,Customer 28,Central Indonesia,Modern Trade,Distributor,SKU 08,Snack,557,28610,22634,27429,0%,Y,15935770,12607138,3328632,0.2089
2025-11,Customer 28,Central Indonesia,General Trade,Distributor,SKU 17,Personal Care,409,27216,21544,29749,0%,N,11131344,8811496,2319848,0.2084
2025-11,Customer 28,Central Indonesia,General Trade,Distributor,SKU 20,Personal Care,1030,13730,8432,13752,0%,Y,14141900,8684960,5456940,0.3859
2025-11,Customer 28,Central Indonesia,General Trade,Distributor,SKU 02,Beverage,423,9293,6388,9136,5%,Y,3930939,2702124,1228815,0.3126
2025-11,Customer 28,Central Indonesia,Modern Trade,Distributor,SKU 13,Frozen,1038,11010,8077,10480,0%,N,11428380,8383926,3044454,0.2664
2025-11,Customer 28,Central Indonesia,Modern Trade,Distributor,SKU 05,Snack,188,13602,10644,14673,3%,Y,2557176,2001072,556104,0.2175
2025-11,Customer 28,Central Indonesia,Modern Trade,Distributor,SKU 14,Frozen,756,13900,10256,14472,0%,N,10508400,7753536,2754864,0.2622
2025-11,Customer 28,Central Indonesia,Modern Trade,Distributor,SKU 03,Beverage,412,47901,31121,45855,5%,Y,19735212,12821852,6913360,0.3503
2025-11,Customer 28,Central Indonesia,General Trade,Distributor,SKU 18,Personal Care,527,29980,21434,31765,0%,N,15799460,11295718,4503742,0.2851
2025-11,Customer 28,Central Indonesia,Online,Distributor,SKU 19,Personal Care,209,36968,30993,34226,3%,Y,7726312,6477537,1248775,0.1616
2025-11,Customer 29,West Indonesia,Online,Key Account,SKU 19,Personal Care,1028,37711,30444,39253,0%,N,38766908,31296432,7470476,0.1927
2025-11,Customer 29,West Indonesia,Modern Trade,Key Account,SKU 03,Beverage,772,48466,31902,45027,5%,Y,37415752,24628344,12787408,0.3418
2025-11,Customer 29,West Indonesia,Modern Trade,Key Account,SKU 08,Snack,971,28458,23936,29989,0%,Y,27632718,23241856,4390862,0.1589
2025-11,Customer 29,West Indonesia,Online,Key Account,SKU 05,Snack,98,14703,11504,13915,0%,Y,1440894,1127392,313502,0.2176
2025-11,Customer 29,West Indonesia,Modern Trade,Key Account,SKU 20,Personal Care,61,13635,9319,14735,8%,Y,831735,568459,263276,0.3165
2025-11,Customer 29,West Indonesia,General Trade,Key Account,SKU 01,Beverage,984,22516,14908,20788,0%,N,22155744,14669472,7486272,0.3379
2025-11,Customer 29,West Indonesia,General Trade,Key Account,SKU 07,Snack,1199,44313,27052,44961,0%,N,53131287,32435348,20695939,0.3895
2025-11,Customer 29,West Indonesia,Modern Trade,Key Account,SKU 17,Personal Care,941,24535,20261,26218,0%,Y,23087435,19065601,4021834,0.1742
2025-11,Customer 29,West Indonesia,Modern Trade,Key Account,SKU 02,Beverage,825,9065,6812,8483,3%,Y,7478625,5619900,1858725,0.2485
2025-11,Customer 29,West Indonesia,General Trade,Key Account,SKU 09,Dairy,808,22273,15345,24113,5%,N,17996584,12398760,5597824,0.311
2025-11,Customer 30,Central Indonesia,General Trade,Key Account,SKU 16,Frozen,292,46167,30632,43668,0%,N,13480764,8944544,4536220,0.3365
2025-11,Customer 30,Central Indonesia,Modern Trade,Key Account,SKU 06,Snack,875,26622,17870,29244,3%,N,23294250,15636250,7658000,0.3288
2025-11,Customer 30,Central Indonesia,Modern Trade,Key Account,SKU 01,Beverage,395,23362,19633,23755,8%,N,9227990,7755035,1472955,0.1596
2025-11,Customer 30,Central Indonesia,General Trade,Key Account,SKU 03,Beverage,140,47258,33005,47221,5%,Y,6616120,4620700,1995420,0.3016
2025-11,Customer 30,Central Indonesia,Modern Trade,Key Account,SKU 19,Personal Care,1121,37120,27345,37429,3%,N,41611520,30653745,10957775,0.2633
2025-11,Customer 30,Central Indonesia,General Trade,Key Account,SKU 14,Frozen,1235,13001,8456,13157,0%,N,16056235,10443160,5613075,0.3496
2025-11,Customer 30,Central Indonesia,Modern Trade,Key Account,SKU 13,Frozen,976,11212,7738,11035,5%,N,10942912,7552288,3390624,0.3098
2025-11,Customer 30,Central Indonesia,General Trade,Key Account,SKU 15,Frozen,500,44664,31668,43064,3%,N,22332000,15834000,6498000,0.291
2025-11,Customer 30,Central Indonesia,General Trade,Key Account,SKU 09,Dairy,1180,22400,15370,22297,3%,N,26432000,18136600,8295400,0.3138
2025-11,Customer 30,Central Indonesia,General Trade,Key Account,SKU 18,Personal Care,130,27102,17816,25127,3%,N,3523260,2316080,1207180,0.3426
2025-11,Customer 30,Central Indonesia,Modern Trade,Key Account,SKU 10,Dairy,668,49811,38921,52462,5%,N,33273748,25999228,7274520,0.2186
2025-11,Customer 30,Central Indonesia,Online,Key Account,SKU 11,Dairy,619,10299,6424,10915,3%,N,6375081,3976456,2398625,0.3763
2025-11,Customer 30,Central Indonesia,Modern Trade,Key Account,SKU 12,Dairy,868,8925,6889,8553,0%,N,7746900,5979652,1767248,0.2281
2025-12,Customer 01,West Indonesia,General Trade,Distributor,SKU 15,Frozen,852,44749,28047,40541,0%,N,38126148,23896044,14230104,0.3732
2025-12,Customer 01,West Indonesia,General Trade,Distributor,SKU 06,Snack,1331,23125,19360,25114,5%,N,30779375,25768160,5011215,0.1628
2025-12,Customer 01,West Indonesia,General Trade,Distributor,SKU 05,Snack,420,15141,10134,15633,0%,Y,6359220,4256280,2102940,0.3307
2025-12,Customer 01,West Indonesia,Modern Trade,Distributor,SKU 17,Personal Care,199,27156,22099,29389,3%,N,5404044,4397701,1006343,0.1862
2025-12,Customer 01,West Indonesia,General Trade,Distributor,SKU 13,Frozen,222,10412,7534,10882,3%,N,2311464,1672548,638916,0.2764
2025-12,Customer 01,West Indonesia,Modern Trade,Distributor,SKU 03,Beverage,175,44259,31486,46095,0%,N,7745325,5510050,2235275,0.2886
2025-12,Customer 01,West Indonesia,General Trade,Distributor,SKU 04,Beverage,419,18912,11392,20128,5%,N,7924128,4773248,3150880,0.3976
2025-12,Customer 01,West Indonesia,Modern Trade,Distributor,SKU 07,Snack,337,46909,33766,47949,8%,N,15808333,11379142,4429191,0.2802
2025-12,Customer 01,West Indonesia,General Trade,Distributor,SKU 20,Personal Care,918,15432,11475,14695,0%,N,14166576,10534050,3632526,0.2564
2025-12,Customer 01,West Indonesia,General Trade,Distributor,SKU 10,Dairy,751,45323,27522,47363,0%,N,34037573,20669022,13368551,0.3928
2025-12,Customer 01,West Indonesia,Modern Trade,Distributor,SKU 16,Frozen,777,48252,32899,50790,0%,N,37491804,25562523,11929281,0.3182
2025-12,Customer 01,West Indonesia,Modern Trade,Distributor,SKU 19,Personal Care,848,35728,24890,33839,0%,N,30297344,21106720,9190624,0.3033
2025-12,Customer 01,West Indonesia,Modern Trade,Distributor,SKU 01,Beverage,1331,23208,14184,22445,3%,Y,30889848,18878904,12010944,0.3888
2025-12,Customer 02,Central Indonesia,Modern Trade,Distributor,SKU 06,Snack,990,23050,18792,22405,0%,Y,22819500,18604080,4215420,0.1847
2025-12,Customer 02,Central Indonesia,Modern Trade,Distributor,SKU 09,Dairy,541,25503,17092,26086,0%,N,13797123,9246772,4550351,0.3298
2025-12,Customer 02,Central Indonesia,Modern Trade,Distributor,SKU 12,Dairy,419,8206,6048,8245,5%,N,3438314,2534112,904202,0.263
2025-12,Customer 02,Central Indonesia,General Trade,Distributor,SKU 14,Frozen,80,12604,9540,13365,0%,N,1008320,763200,245120,0.2431
2025-12,Customer 02,Central Indonesia,Modern Trade,Distributor,SKU 08,Snack,669,30512,24080,30669,5%,N,20412528,16109520,4303008,0.2108
2025-12,Customer 02,Central Indonesia,Online,Distributor,SKU 01,Beverage,679,22715,16709,24836,0%,N,15423485,11345411,4078074,0.2644
2025-12,Customer 02,Central Indonesia,General Trade,Distributor,SKU 07,Snack,419,42773,32368,44137,0%,N,17921887,13562192,4359695,0.2433
2025-12,Customer 02,Central Indonesia,Modern Trade,Distributor,SKU 20,Personal Care,1182,14100,9906,13926,0%,N,16666200,11708892,4957308,0.2974
2025-12,Customer 03,West Indonesia,Modern Trade,Key Account,SKU 18,Personal Care,422,27729,21025,29937,0%,N,11701638,8872550,2829088,0.2418
2025-12,Customer 03,West Indonesia,Modern Trade,Key Account,SKU 14,Frozen,1262,13955,10270,14755,0%,N,17611210,12960740,4650470,0.2641
2025-12,Customer 03,West Indonesia,Online,Key Account,SKU 01,Beverage,1017,22904,17350,21523,3%,N,23293368,17644950,5648418,0.2425
2025-12,Customer 03,West Indonesia,Modern Trade,Key Account,SKU 08,Snack,450,29082,18440,27805,3%,N,13086900,8298000,4788900,0.3659
2025-12,Customer 03,West Indonesia,Modern Trade,Key Account,SKU 10,Dairy,1113,45364,35132,47711,0%,N,50490132,39101916,11388216,0.2256
2025-12,Customer 03,West Indonesia,General Trade,Key Account,SKU 05,Snack,126,14266,11734,13173,0%,N,1797516,1478484,319032,0.1775
2025-12,Customer 03,West Indonesia,General Trade,Key Account,SKU 04,Beverage,986,20713,17517,19112,0%,N,20423018,17271762,3151256,0.1543
2025-12,Customer 03,West Indonesia,General Trade,Key Account,SKU 13,Frozen,247,10528,6485,10295,0%,Y,2600416,1601795,998621,0.384
2025-12,Customer 03,West Indonesia,Modern Trade,Key Account,SKU 19,Personal Care,834,37198,30718,40760,5%,N,31023132,25618812,5404320,0.1742
2025-12,Customer 04,West Indonesia,General Trade,Retailer,SKU 12,Dairy,365,9230,6500,9132,8%,N,3368950,2372500,996450,0.2958
2025-12,Customer 04,West Indonesia,General Trade,Retailer,SKU 07,Snack,934,46163,32081,49617,0%,N,43116242,29963654,13152588,0.305
2025-12,Customer 04,West Indonesia,Modern Trade,Retailer,SKU 10,Dairy,1205,45546,28312,47258,5%,N,54882930,34115960,20766970,0.3784
2025-12,Customer 04,West Indonesia,Modern Trade,Retailer,SKU 05,Snack,709,14425,8950,13015,0%,N,10227325,6345550,3881775,0.3795
2025-12,Customer 04,West Indonesia,Modern Trade,Retailer,SKU 18,Personal Care,106,27739,16993,27716,0%,N,2940334,1801258,1139076,0.3874
2025-12,Customer 04,West Indonesia,General Trade,Retailer,SKU 13,Frozen,876,9616,7343,10503,0%,N,8423616,6432468,1991148,0.2364
2025-12,Customer 04,West Indonesia,Online,Retailer,SKU 06,Snack,770,23409,16968,23262,0%,Y,18024930,13065360,4959570,0.2752
2025-12,Customer 04,West Indonesia,Modern Trade,Retailer,SKU 11,Dairy,786,8933,7414,8113,3%,N,7021338,5827404,1193934,0.17
2025-12,Customer 05,West Indonesia,Modern Trade,Distributor,SKU 19,Personal Care,1333,35158,29414,31823,5%,Y,46865614,39208862,7656752,0.1634
2025-12,Customer 05,West Indonesia,Modern Trade,Distributor,SKU 16,Frozen,1338,48884,36563,49076,8%,N,65406792,48921294,16485498,0.252
2025-12,Customer 05,West Indonesia,General Trade,Distributor,SKU 18,Personal Care,703,29062,21928,29080,8%,N,20430586,15415384,5015202,0.2455
2025-12,Customer 05,West Indonesia,Modern Trade,Distributor,SKU 11,Dairy,734,9136,6544,8630,0%,N,6705824,4803296,1902528,0.2837
2025-12,Customer 05,West Indonesia,Online,Distributor,SKU 05,Snack,261,13985,9856,15327,3%,Y,3650085,2572416,1077669,0.2952
2025-12,Customer 05,West Indonesia,Modern Trade,Distributor,SKU 07,Snack,580,45681,33516,46955,0%,N,26494980,19439280,7055700,0.2663
2025-12,Customer 05,West Indonesia,Modern Trade,Distributor,SKU 06,Snack,444,24572,15180,25179,3%,N,10909968,6739920,4170048,0.3822
2025-12,Customer 05,West Indonesia,General Trade,Distributor,SKU 10,Dairy,296,46194,35262,49791,0%,N,13673424,10437552,3235872,0.2367
2025-12,Customer 05,West Indonesia,General Trade,Distributor,SKU 15,Frozen,1077,48430,37554,49416,8%,N,52159110,40445658,11713452,0.2246
2025-12,Customer 05,West Indonesia,Modern Trade,Distributor,SKU 03,Beverage,782,48235,35179,43599,0%,Y,37719770,27509978,10209792,0.2707
2025-12,Customer 05,West Indonesia,General Trade,Distributor,SKU 02,Beverage,1313,8313,5283,8282,0%,N,10914969,6936579,3978390,0.3645
2025-12,Customer 05,West Indonesia,Modern Trade,Distributor,SKU 20,Personal Care,100,15317,9770,15785,0%,N,1531700,977000,554700,0.3621
2025-12,Customer 05,West Indonesia,Modern Trade,Distributor,SKU 14,Frozen,342,13760,8291,15098,8%,N,4705920,2835522,1870398,0.3975
2025-12,Customer 05,West Indonesia,Modern Trade,Distributor,SKU 08,Snack,616,31408,26001,29832,8%,N,19347328,16016616,3330712,0.1722
2025-12,Customer 05,West Indonesia,Modern Trade,Distributor,SKU 17,Personal Care,454,23899,19525,22638,0%,Y,10850146,8864350,1985796,0.183
2025-12,Customer 06,East Indonesia,General Trade,Retailer,SKU 11,Dairy,1051,9200,6779,9182,3%,Y,9669200,7124729,2544471,0.2632
2025-12,Customer 06,East Indonesia,Modern Trade,Retailer,SKU 09,Dairy,1165,24241,18844,22269,5%,N,28240765,21953260,6287505,0.2226
2025-12,Customer 06,East Indonesia,Online,Retailer,SKU 08,Snack,809,30935,22920,28522,0%,N,25026415,18542280,6484135,0.2591
2025-12,Customer 06,East Indonesia,Modern Trade,Retailer,SKU 04,Beverage,888,18151,15205,16513,0%,N,16118088,13502040,2616048,0.1623
2025-12,Customer 06,East Indonesia,Online,Retailer,SKU 03,Beverage,994,48066,30700,48958,0%,Y,47777604,30515800,17261804,0.3613
2025-12,Customer 06,East Indonesia,Modern Trade,Retailer,SKU 20,Personal Care,184,14105,9050,13830,0%,N,2595320,1665200,930120,0.3584
2025-12,Customer 06,East Indonesia,General Trade,Retailer,SKU 18,Personal Care,820,26433,17031,25486,3%,N,21675060,13965420,7709640,0.3557
2025-12,Customer 06,East Indonesia,Online,Retailer,SKU 15,Frozen,847,47330,30803,45593,8%,N,40088510,26090141,13998369,0.3492
2025-12,Customer 06,East Indonesia,General Trade,Retailer,SKU 12,Dairy,733,8339,5883,8585,5%,N,6112487,4312239,1800248,0.2945
2025-12,Customer 06,East Indonesia,Modern Trade,Retailer,SKU 10,Dairy,438,52678,38390,48971,5%,N,23072964,16814820,6258144,0.2712
2025-12,Customer 06,East Indonesia,Modern Trade,Retailer,SKU 19,Personal Care,144,37606,24181,33847,5%,Y,5415264,3482064,1933200,0.357
2025-12,Customer 07,West Indonesia,Modern Trade,Key Account,SKU 09,Dairy,214,22741,17924,21130,0%,Y,4866574,3835736,1030838,0.2118
2025-12,Customer 07,West Indonesia,General Trade,Key Account,SKU 16,Frozen,1232,46380,31283,42680,0%,N,57140160,38540656,18599504,0.3255
2025-12,Customer 07,West Indonesia,Modern Trade,Key Account,SKU 01,Beverage,574,22170,17900,20345,0%,N,12725580,10274600,2450980,0.1926
2025-12,Customer 07,West Indonesia,Modern Trade,Key Account,SKU 05,Snack,1272,15068,11888,14652,0%,N,19166496,15121536,4044960,0.211
2025-12,Customer 07,West Indonesia,General Trade,Key Account,SKU 07,Snack,1191,48050,29057,45675,0%,N,57227550,34606887,22620663,0.3953
2025-12,Customer 07,West Indonesia,Modern Trade,Key Account,SKU 08,Snack,768,28013,17608,29815,3%,Y,21513984,13522944,7991040,0.3714
2025-12,Customer 07,West Indonesia,Modern Trade,Key Account,SKU 17,Personal Care,643,27136,19187,29772,3%,Y,17448448,12337241,5111207,0.2929
2025-12,Customer 07,West Indonesia,Modern Trade,Key Account,SKU 02,Beverage,710,9102,6337,9072,0%,Y,6462420,4499270,1963150,0.3038
2025-12,Customer 07,West Indonesia,Modern Trade,Key Account,SKU 11,Dairy,858,10456,6791,11106,8%,N,8971248,5826678,3144570,0.3505
2025-12,Customer 07,West Indonesia,Modern Trade,Key Account,SKU 14,Frozen,1037,13814,8640,13307,3%,N,14325118,8959680,5365438,0.3745
2025-12,Customer 07,West Indonesia,Modern Trade,Key Account,SKU 06,Snack,384,24414,19617,23066,0%,N,9374976,7532928,1842048,0.1965
2025-12,Customer 08,Central Indonesia,General Trade,Key Account,SKU 16,Frozen,322,46459,34232,50864,8%,N,14959798,11022704,3937094,0.2632
2025-12,Customer 08,Central Indonesia,Modern Trade,Key Account,SKU 14,Frozen,987,12844,9818,12956,3%,N,12677028,9690366,2986662,0.2356
2025-12,Customer 08,Central Indonesia,Modern Trade,Key Account,SKU 15,Frozen,547,47695,36479,47799,3%,N,26089165,19954013,6135152,0.2352
2025-12,Customer 08,Central Indonesia,Online,Key Account,SKU 10,Dairy,1352,46558,37926,46233,5%,Y,62946416,51275952,11670464,0.1854
2025-12,Customer 08,Central Indonesia,Modern Trade,Key Account,SKU 20,Personal Care,1204,14462,9779,13559,3%,N,17412248,11773916,5638332,0.3238
2025-12,Customer 08,Central Indonesia,Modern Trade,Key Account,SKU 08,Snack,399,29087,21657,30560,0%,Y,11605713,8641143,2964570,0.2554
2025-12,Customer 08,Central Indonesia,Online,Key Account,SKU 12,Dairy,348,9345,5619,9758,0%,Y,3252060,1955412,1296648,0.3987
2025-12,Customer 08,Central Indonesia,General Trade,Key Account,SKU 11,Dairy,210,10186,7007,10751,5%,N,2139060,1471470,667590,0.3121
2025-12,Customer 08,Central Indonesia,Online,Key Account,SKU 06,Snack,627,23130,15786,24485,0%,N,14502510,9897822,4604688,0.3175
2025-12,Customer 08,Central Indonesia,Online,Key Account,SKU 07,Snack,598,47331,34102,49564,0%,N,28303938,20392996,7910942,0.2795
2025-12,Customer 08,Central Indonesia,Modern Trade,Key Account,SKU 19,Personal Care,1126,39510,26690,42310,0%,Y,44488260,30052940,14435320,0.3245
2025-12,Customer 09,West Indonesia,Modern Trade,Distributor,SKU 06,Snack,351,24650,16800,24854,0%,N,8652150,5896800,2755350,0.3185
2025-12,Customer 09,West Indonesia,General Trade,Distributor,SKU 03,Beverage,762,48390,34858,51531,0%,N,36873180,26561796,10311384,0.2796
2025-12,Customer 09,West Indonesia,Modern Trade,Distributor,SKU 12,Dairy,1001,8639,7274,8859,0%,N,8647639,7281274,1366365,0.158
2025-12,Customer 09,West Indonesia,General Trade,Distributor,SKU 11,Dairy,689,9026,6445,8699,0%,N,6218914,4440605,1778309,0.286
2025-12,Customer 09,West Indonesia,Modern Trade,Distributor,SKU 14,Frozen,825,12605,9382,13732,3%,N,10399125,7740150,2658975,0.2557
2025-12,Customer 09,West Indonesia,General Trade,Distributor,SKU 01,Beverage,1213,25374,20495,23478,3%,N,30778662,24860435,5918227,0.1923
2025-12,Customer 09,West Indonesia,Modern Trade,Distributor,SKU 02,Beverage,1125,9476,6503,10313,0%,N,10660500,7315875,3344625,0.3137
2025-12,Customer 09,West Indonesia,Modern Trade,Distributor,SKU 15,Frozen,247,46871,35223,49853,0%,N,11577137,8700081,2877056,0.2485
2025-12,Customer 09,West Indonesia,Modern Trade,Distributor,SKU 10,Dairy,133,49903,35929,52508,0%,N,6637099,4778557,1858542,0.28
2025-12,Customer 10,West Indonesia,General Trade,Retailer,SKU 06,Snack,519,24092,15506,25444,5%,N,12503748,8047614,4456134,0.3564
2025-12,Customer 10,West Indonesia,Modern Trade,Retailer,SKU 16,Frozen,1046,47631,35035,47061,0%,N,49822026,36646610,13175416,0.2644
2025-12,Customer 10,West Indonesia,General Trade,Retailer,SKU 03,Beverage,354,44349,27356,44374,0%,N,15699546,9684024,6015522,0.3832
2025-12,Customer 10,West Indonesia,General Trade,Retailer,SKU 09,Dairy,1297,24997,17910,24890,5%,N,32421109,23229270,9191839,0.2835
2025-12,Customer 10,West Indonesia,Online,Retailer,SKU 19,Personal Care,233,35200,24859,32388,8%,N,8201600,5792147,2409453,0.2938
2025-12,Customer 10,West Indonesia,Online,Retailer,SKU 05,Snack,558,13146,10585,14410,0%,N,7335468,5906430,1429038,0.1948
2025-12,Customer 10,West Indonesia,General Trade,Retailer,SKU 18,Personal Care,133,29962,22942,30978,5%,N,3984946,3051286,933660,0.2343
2025-12,Customer 10,West Indonesia,Modern Trade,Retailer,SKU 12,Dairy,1103,8314,5765,7805,8%,N,9170342,6358795,2811547,0.3066
2025-12,Customer 10,West Indonesia,General Trade,Retailer,SKU 20,Personal Care,429,14529,11765,13420,0%,N,6232941,5047185,1185756,0.1902
2025-12,Customer 10,West Indonesia,General Trade,Retailer,SKU 11,Dairy,1288,9446,7334,8678,0%,N,12166448,9446192,2720256,0.2236
2025-12,Customer 10,West Indonesia,Modern Trade,Retailer,SKU 13,Frozen,285,10769,8367,11076,8%,Y,3069165,2384595,684570,0.223
2025-12,Customer 10,West Indonesia,General Trade,Retailer,SKU 10,Dairy,491,46628,29819,47873,8%,N,22894348,14641129,8253219,0.3605
2025-12,Customer 10,West Indonesia,Modern Trade,Retailer,SKU 01,Beverage,761,21988,17493,23082,0%,Y,16732868,13312173,3420695,0.2044
2025-12,Customer 11,West Indonesia,General Trade,Retailer,SKU 01,Beverage,190,25113,17508,26430,0%,N,4771470,3326520,1444950,0.3028
2025-12,Customer 11,West Indonesia,Modern Trade,Retailer,SKU 09,Dairy,426,23091,16364,20958,5%,N,9836766,6971064,2865702,0.2913
2025-12,Customer 11,West Indonesia,Modern Trade,Retailer,SKU 16,Frozen,1272,50253,35442,53660,0%,N,63921816,45082224,18839592,0.2947
2025-12,Customer 11,West Indonesia,Modern Trade,Retailer,SKU 20,Personal Care,82,15130,9211,15624,0%,Y,1240660,755302,485358,0.3912
2025-12,Customer 11,West Indonesia,Modern Trade,Retailer,SKU 07,Snack,1186,41648,30648,44263,0%,N,49394528,36348528,13046000,0.2641
2025-12,Customer 11,West Indonesia,Online,Retailer,SKU 04,Beverage,1278,19488,15815,20262,0%,N,24905664,20211570,4694094,0.1885
2025-12,Customer 11,West Indonesia,General Trade,Retailer,SKU 15,Frozen,218,45906,37265,46407,5%,N,10007508,8123770,1883738,0.1882
2025-12,Customer 11,West Indonesia,General Trade,Retailer,SKU 02,Beverage,521,9456,7337,9515,0%,Y,4926576,3822577,1103999,0.2241
2025-12,Customer 11,West Indonesia,General Trade,Retailer,SKU 03,Beverage,297,43642,32480,43865,0%,Y,12961674,9646560,3315114,0.2558
2025-12,Customer 11,West Indonesia,Modern Trade,Retailer,SKU 08,Snack,767,28301,23984,27123,3%,Y,21706867,18395728,3311139,0.1525
2025-12,Customer 11,West Indonesia,Modern Trade,Retailer,SKU 10,Dairy,550,48326,34985,44485,0%,N,26579300,19241750,7337550,0.2761
2025-12,Customer 11,West Indonesia,Modern Trade,Retailer,SKU 12,Dairy,866,8349,6030,8642,3%,N,7230234,5221980,2008254,0.2778
2025-12,Customer 12,East Indonesia,General Trade,Distributor,SKU 18,Personal Care,385,29147,19521,31084,8%,N,11221595,7515585,3706010,0.3303
2025-12,Customer 12,East Indonesia,General Trade,Distributor,SKU 01,Beverage,811,21915,15516,20237,0%,N,17773065,12583476,5189589,0.292
2025-12,Customer 12,East Indonesia,Modern Trade,Distributor,SKU 09,Dairy,627,23924,20162,22575,3%,N,15000348,12641574,2358774,0.1572
2025-12,Customer 12,East Indonesia,Modern Trade,Distributor,SKU 15,Frozen,993,44116,27518,46686,0%,N,43807188,27325374,16481814,0.3762
2025-12,Customer 12,East Indonesia,Modern Trade,Distributor,SKU 19,Personal Care,167,38549,23677,35421,3%,Y,6437683,3954059,2483624,0.3858
2025-12,Customer 12,East Indonesia,General Trade,Distributor,SKU 20,Personal Care,228,14011,8847,12611,0%,N,3194508,2017116,1177392,0.3686
2025-12,Customer 12,East Indonesia,Modern Trade,Distributor,SKU 17,Personal Care,163,24795,19242,25096,5%,N,4041585,3136446,905139,0.224
2025-12,Customer 12,East Indonesia,General Trade,Distributor,SKU 04,Beverage,128,18033,12864,17699,5%,N,2308224,1646592,661632,0.2866
2025-12,Customer 12,East Indonesia,General Trade,Distributor,SKU 10,Dairy,800,48147,33467,44315,8%,N,38517600,26773600,11744000,0.3049
2025-12,Customer 12,East Indonesia,Online,Distributor,SKU 07,Snack,1352,43179,35041,40785,0%,Y,58378008,47375432,11002576,0.1885
2025-12,Customer 12,East Indonesia,Modern Trade,Distributor,SKU 16,Frozen,857,49958,31502,48039,3%,N,42814006,26997214,15816792,0.3694
2025-12,Customer 13,West Indonesia,Modern Trade,Distributor,SKU 07,Snack,1326,42231,27508,38923,3%,N,55998306,36475608,19522698,0.3486
2025-12,Customer 13,West Indonesia,General Trade,Distributor,SKU 17,Personal Care,690,23527,14765,24385,0%,N,16233630,10187850,6045780,0.3724
2025-12,Customer 13,West Indonesia,Modern Trade,Distributor,SKU 05,Snack,734,15046,12409,15632,3%,N,11043764,9108206,1935558,0.1753
2025-12,Customer 13,West Indonesia,General Trade,Distributor,SKU 06,Snack,365,23422,16088,23402,0%,Y,8549030,5872120,2676910,0.3131
2025-12,Customer 13,West Indonesia,General Trade,Distributor,SKU 18,Personal Care,1270,26240,16872,26828,0%,N,33324800,21427440,11897360,0.357
2025-12,Customer 13,West Indonesia,Modern Trade,Distributor,SKU 16,Frozen,141,43989,33222,46038,0%,N,6202449,4684302,1518147,0.2448
2025-12,Customer 13,West Indonesia,General Trade,Distributor,SKU 03,Beverage,1290,43978,33413,40196,0%,N,56731620,43102770,13628850,0.2402
2025-12,Customer 13,West Indonesia,General Trade,Distributor,SKU 13,Frozen,527,10019,6037,9957,3%,N,5280013,3181499,2098514,0.3974
2025-12,Customer 13,West Indonesia,General Trade,Distributor,SKU 09,Dairy,454,23915,16043,24885,3%,N,10857410,7283522,3573888,0.3292
2025-12,Customer 13,West Indonesia,Modern Trade,Distributor,SKU 11,Dairy,591,9187,6025,8287,3%,N,5429517,3560775,1868742,0.3442
2025-12,Customer 13,West Indonesia,General Trade,Distributor,SKU 15,Frozen,827,44455,33900,45809,0%,N,36764285,28035300,8728985,0.2374
2025-12,Customer 13,West Indonesia,Online,Distributor,SKU 08,Snack,327,31660,25787,28528,0%,N,10352820,8432349,1920471,0.1855
2025-12,Customer 13,West Indonesia,Modern Trade,Distributor,SKU 01,Beverage,226,21983,15271,21947,0%,N,4968158,3451246,1516912,0.3053
2025-12,Customer 13,West Indonesia,General Trade,Distributor,SKU 04,Beverage,858,18874,14260,17281,3%,N,16193892,12235080,3958812,0.2445
2025-12,Customer 13,West Indonesia,Modern Trade,Distributor,SKU 10,Dairy,1184,47478,39227,49982,0%,N,56213952,46444768,9769184,0.1738
2025-12,Customer 14,East Indonesia,General Trade,Key Account,SKU 14,Frozen,839,12601,7870,13209,0%,Y,10572239,6602930,3969309,0.3754
2025-12,Customer 14,East Indonesia,General Trade,Key Account,SKU 01,Beverage,624,23213,18484,20916,0%,N,14484912,11534016,2950896,0.2037
2025-12,Customer 14,East Indonesia,General Trade,Key Account,SKU 09,Dairy,62,23626,19381,24001,0%,N,1464812,1201622,263190,0.1797
2025-12,Customer 14,East Indonesia,Modern Trade,Key Account,SKU 05,Snack,443,14557,12114,13800,0%,N,6448751,5366502,1082249,0.1678
2025-12,Customer 14,East Indonesia,General Trade,Key Account,SKU 16,Frozen,706,48695,29577,48277,0%,N,34378670,20881362,13497308,0.3926
2025-12,Customer 14,East Indonesia,Modern Trade,Key Account,SKU 17,Personal Care,1200,26944,21102,29308,8%,N,32332800,25322400,7010400,0.2168
2025-12,Customer 14,East Indonesia,Modern Trade,Key Account,SKU 18,Personal Care,1034,29055,23245,30928,0%,N,30042870,24035330,6007540,0.2
2025-12,Customer 14,East Indonesia,General Trade,Key Account,SKU 04,Beverage,517,18523,14897,19798,0%,N,9576391,7701749,1874642,0.1958
2025-12,Customer 14,East Indonesia,General Trade,Key Account,SKU 06,Snack,405,25251,19513,26676,0%,N,10226655,7902765,2323890,0.2272
2025-12,Customer 14,East Indonesia,Modern Trade,Key Account,SKU 07,Snack,186,45469,38301,43985,3%,N,8457234,7123986,1333248,0.1576
2025-12,Customer 14,East Indonesia,Modern Trade,Key Account,SKU 19,Personal Care,582,36159,27618,35067,3%,N,21044538,16073676,4970862,0.2362
2025-12,Customer 14,East Indonesia,Modern Trade,Key Account,SKU 15,Frozen,599,47200,35043,45417,0%,N,28272800,20990757,7282043,0.2576
2025-12,Customer 14,East Indonesia,Online,Key Account,SKU 08,Snack,1230,30830,19499,29354,3%,N,37920900,23983770,13937130,0.3675
2025-12,Customer 14,East Indonesia,Modern Trade,Key Account,SKU 10,Dairy,120,50092,41526,48708,5%,N,6011040,4983120,1027920,0.171
2025-12,Customer 15,West Indonesia,Modern Trade,Retailer,SKU 01,Beverage,918,22065,13821,21959,3%,N,20255670,12687678,7567992,0.3736
2025-12,Customer 15,West Indonesia,Modern Trade,Retailer,SKU 04,Beverage,627,18439,12380,17655,0%,N,11561253,7762260,3798993,0.3286
2025-12,Customer 15,West Indonesia,Modern Trade,Retailer,SKU 10,Dairy,407,52163,35771,57156,0%,N,21230341,14558797,6671544,0.3142
2025-12,Customer 15,West Indonesia,Online,Retailer,SKU 05,Snack,454,15228,9388,13790,0%,N,6913512,4262152,2651360,0.3835
2025-12,Customer 15,West Indonesia,Online,Retailer,SKU 18,Personal Care,275,26608,21137,26762,0%,N,7317200,5812675,1504525,0.2056
2025-12,Customer 15,West Indonesia,General Trade,Retailer,SKU 20,Personal Care,201,15222,10867,14505,3%,Y,3059622,2184267,875355,0.2861
2025-12,Customer 15,West Indonesia,General Trade,Retailer,SKU 17,Personal Care,1123,26234,16364,24721,8%,Y,29460782,18376772,11084010,0.3762
2025-12,Customer 15,West Indonesia,Modern Trade,Retailer,SKU 02,Beverage,576,8181,6263,8531,3%,N,4712256,3607488,1104768,0.2344
2025-12,Customer 15,West Indonesia,Online,Retailer,SKU 09,Dairy,1319,22942,15419,22577,0%,N,30260498,20337661,9922837,0.3279
2025-12,Customer 15,West Indonesia,Modern Trade,Retailer,SKU 08,Snack,339,28717,19448,28198,0%,N,9735063,6592872,3142191,0.3228
2025-12,Customer 15,West Indonesia,Online,Retailer,SKU 13,Frozen,915,9748,6968,10170,0%,N,8919420,6375720,2543700,0.2852
2025-12,Customer 15,West Indonesia,General Trade,Retailer,SKU 15,Frozen,108,48798,38678,52149,0%,N,5270184,4177224,1092960,0.2074
2025-12,Customer 15,West Indonesia,General Trade,Retailer,SKU 06,Snack,177,25994,21479,26163,5%,N,4600938,3801783,799155,0.1737
2025-12,Customer 16,West Indonesia,Modern Trade,Key Account,SKU 08,Snack,208,27910,23529,29901,0%,N,5805280,4894032,911248,0.157
2025-12,Customer 16,West Indonesia,General Trade,Key Account,SKU 13,Frozen,1322,9608,6254,9527,5%,N,12701776,8267788,4433988,0.3491
2025-12,Customer 16,West Indonesia,Modern Trade,Key Account,SKU 07,Snack,148,47832,39528,48082,0%,N,7079136,5850144,1228992,0.1736
2025-12,Customer 16,West Indonesia,Online,Key Account,SKU 03,Beverage,1072,46181,28780,43550,5%,Y,49506032,30852160,18653872,0.3768
2025-12,Customer 16,West Indonesia,General Trade,Key Account,SKU 15,Frozen,1209,45715,36761,42355,5%,Y,55269435,44444049,10825386,0.1959
2025-12,Customer 16,West Indonesia,General Trade,Key Account,SKU 14,Frozen,664,14247,8953,13198,0%,N,9460008,5944792,3515216,0.3716
2025-12,Customer 16,West Indonesia,General Trade,Key Account,SKU 05,Snack,1051,13517,8521,14447,0%,N,14206367,8955571,5250796,0.3696
2025-12,Customer 16,West Indonesia,General Trade,Key Account,SKU 20,Personal Care,1319,13549,9312,12283,3%,N,17871131,12282528,5588603,0.3127
2025-12,Customer 16,West Indonesia,Modern Trade,Key Account,SKU 02,Beverage,1109,9385,7828,9445,3%,N,10407965,8681252,1726713,0.1659
2025-12,Customer 16,West Indonesia,Modern Trade,Key Account,SKU 09,Dairy,1287,24312,15624,24658,3%,N,31289544,20108088,11181456,0.3574
2025-12,Customer 16,West Indonesia,Online,Key Account,SKU 01,Beverage,877,25188,16909,23077,3%,N,22089876,14829193,7260683,0.3287
2025-12,Customer 16,West Indonesia,Online,Key Account,SKU 19,Personal Care,1101,35108,24240,34867,8%,N,38653908,26688240,11965668,0.3096
2025-12,Customer 17,West Indonesia,Modern Trade,Retailer,SKU 16,Frozen,352,45064,34211,45496,0%,N,15862528,12042272,3820256,0.2408
2025-12,Customer 17,West Indonesia,Modern Trade,Retailer,SKU 15,Frozen,100,49342,32783,50781,8%,N,4934200,3278300,1655900,0.3356
2025-12,Customer 17,West Indonesia,Modern Trade,Retailer,SKU 06,Snack,100,26149,17021,27501,0%,N,2614900,1702100,912800,0.3491
2025-12,Customer 17,West Indonesia,General Trade,Retailer,SKU 14,Frozen,554,13519,9375,14761,0%,N,7489526,5193750,2295776,0.3065
2025-12,Customer 17,West Indonesia,Modern Trade,Retailer,SKU 20,Personal Care,1191,13398,9958,12998,0%,N,15957018,11859978,4097040,0.2568
2025-12,Customer 17,West Indonesia,General Trade,Retailer,SKU 17,Personal Care,335,23882,16115,25236,3%,N,8000470,5398525,2601945,0.3252
2025-12,Customer 17,West Indonesia,Modern Trade,Retailer,SKU 11,Dairy,711,10347,6528,9854,0%,N,7356717,4641408,2715309,0.3691
2025-12,Customer 17,West Indonesia,Modern Trade,Retailer,SKU 09,Dairy,404,23381,19119,25115,3%,Y,9445924,7724076,1721848,0.1823
2025-12,Customer 17,West Indonesia,General Trade,Retailer,SKU 08,Snack,979,29632,20824,30261,0%,Y,29009728,20386696,8623032,0.2972
2025-12,Customer 17,West Indonesia,General Trade,Retailer,SKU 04,Beverage,1319,19833,14759,20787,0%,N,26159727,19467121,6692606,0.2558
2025-12,Customer 18,West Indonesia,Online,Key Account,SKU 02,Beverage,612,9354,5850,9586,3%,N,5724648,3580200,2144448,0.3746
2025-12,Customer 18,West Indonesia,General Trade,Key Account,SKU 11,Dairy,612,9644,7796,9515,5%,N,5902128,4771152,1130976,0.1916
2025-12,Customer 18,West Indonesia,Modern Trade,Key Account,SKU 20,Personal Care,88,13598,8436,13422,5%,N,1196624,742368,454256,0.3796
2025-12,Customer 18,West Indonesia,Online,Key Account,SKU 05,Snack,185,15134,11909,15294,8%,N,2799790,2203165,596625,0.2131
2025-12,Customer 18,West Indonesia,General Trade,Key Account,SKU 14,Frozen,883,13611,9436,14210,0%,N,12018513,8331988,3686525,0.3067
2025-12,Customer 18,West Indonesia,Modern Trade,Key Account,SKU 19,Personal Care,625,38651,26780,40775,0%,N,24156875,16737500,7419375,0.3071
2025-12,Customer 18,West Indonesia,General Trade,Key Account,SKU 18,Personal Care,249,29776,22204,31516,0%,Y,7414224,5528796,1885428,0.2543
2025-12,Customer 18,West Indonesia,Modern Trade,Key Account,SKU 09,Dairy,1115,23248,16106,21843,5%,N,25921520,17958190,7963330,0.3072
2025-12,Customer 18,West Indonesia,General Trade,Key Account,SKU 07,Snack,1111,44085,27166,45065,5%,N,48978435,30181426,18797009,0.3838
2025-12,Customer 18,West Indonesia,General Trade,Key Account,SKU 03,Beverage,560,43618,36736,39627,0%,Y,24426080,20572160,3853920,0.1578
2025-12,Customer 19,Central Indonesia,Online,Distributor,SKU 14,Frozen,1058,13733,8584,12568,0%,N,14529514,9081872,5447642,0.3749
2025-12,Customer 19,Central Indonesia,General Trade,Distributor,SKU 08,Snack,1074,31855,23251,33173,0%,N,34212270,24971574,9240696,0.2701
2025-12,Customer 19,Central Indonesia,Modern Trade,Distributor,SKU 07,Snack,208,42040,29199,41883,3%,N,8744320,6073392,2670928,0.3054
2025-12,Customer 19,Central Indonesia,General Trade,Distributor,SKU 19,Personal Care,1356,36304,23843,39071,0%,N,49228224,32331108,16897116,0.3432
2025-12,Customer 19,Central Indonesia,Modern Trade,Distributor,SKU 09,Dairy,639,23454,19569,24947,3%,N,14987106,12504591,2482515,0.1656
2025-12,Customer 19,Central Indonesia,General Trade,Distributor,SKU 05,Snack,963,13495,10347,14629,0%,N,12995685,9964161,3031524,0.2333
2025-12,Customer 19,Central Indonesia,Modern Trade,Distributor,SKU 20,Personal Care,354,13537,9150,12482,0%,N,4792098,3239100,1552998,0.3241
2025-12,Customer 19,Central Indonesia,General Trade,Distributor,SKU 17,Personal Care,387,26189,16494,25631,0%,N,10135143,6383178,3751965,0.3702
2025-12,Customer 20,East Indonesia,General Trade,Distributor,SKU 06,Snack,1201,24387,18901,24429,0%,N,29288787,22700101,6588686,0.225
2025-12,Customer 20,East Indonesia,Modern Trade,Distributor,SKU 20,Personal Care,1335,13663,9038,14240,0%,N,18240105,12065730,6174375,0.3385
2025-12,Customer 20,East Indonesia,General Trade,Distributor,SKU 12,Dairy,1329,8524,5323,8265,3%,N,11328396,7074267,4254129,0.3755
2025-12,Customer 20,East Indonesia,General Trade,Distributor,SKU 07,Snack,1338,46185,32790,49183,5%,N,61795530,43873020,17922510,0.29
2025-12,Customer 20,East Indonesia,General Trade,Distributor,SKU 18,Personal Care,362,29061,23613,28007,8%,N,10520082,8547906,1972176,0.1875
2025-12,Customer 20,East Indonesia,General Trade,Distributor,SKU 08,Snack,1289,31510,19120,33298,3%,N,40616390,24645680,15970710,0.3932
2025-12,Customer 20,East Indonesia,General Trade,Distributor,SKU 05,Snack,267,14704,12112,14528,8%,N,3925968,3233904,692064,0.1763
2025-12,Customer 20,East Indonesia,General Trade,Distributor,SKU 11,Dairy,521,9459,6580,10009,0%,N,4928139,3428180,1499959,0.3044
2025-12,Customer 21,West Indonesia,Modern Trade,Key Account,SKU 18,Personal Care,549,28023,20502,25546,0%,N,15384627,11255598,4129029,0.2684
2025-12,Customer 21,West Indonesia,General Trade,Key Account,SKU 04,Beverage,1103,19615,14635,18365,0%,N,21635345,16142405,5492940,0.2539
2025-12,Customer 21,West Indonesia,General Trade,Key Account,SKU 14,Frozen,287,13241,8480,14267,0%,N,3800167,2433760,1366407,0.3596
2025-12,Customer 21,West Indonesia,General Trade,Key Account,SKU 01,Beverage,721,24459,15944,23510,0%,N,17634939,11495624,6139315,0.3481
2025-12,Customer 21,West Indonesia,Modern Trade,Key Account,SKU 02,Beverage,1231,8603,6548,7933,8%,N,10590293,8060588,2529705,0.2389
2025-12,Customer 21,West Indonesia,General Trade,Key Account,SKU 16,Frozen,945,50110,37709,53215,3%,Y,47353950,35635005,11718945,0.2475
2025-12,Customer 21,West Indonesia,General Trade,Key Account,SKU 10,Dairy,1314,51949,35693,48971,3%,N,68260986,46900602,21360384,0.3129
2025-12,Customer 21,West Indonesia,Modern Trade,Key Account,SKU 07,Snack,541,44001,36413,45943,3%,N,23804541,19699433,4105108,0.1725
2025-12,Customer 21,West Indonesia,Modern Trade,Key Account,SKU 20,Personal Care,109,14921,10077,14596,8%,Y,1626389,1098393,527996,0.3246
2025-12,Customer 21,West Indonesia,General Trade,Key Account,SKU 09,Dairy,230,24907,20197,26029,3%,N,5728610,4645310,1083300,0.1891
2025-12,Customer 22,West Indonesia,General Trade,Retailer,SKU 13,Frozen,430,11178,7436,11426,0%,N,4806540,3197480,1609060,0.3348
2025-12,Customer 22,West Indonesia,Modern Trade,Retailer,SKU 19,Personal Care,765,36559,25469,36192,0%,N,27967635,19483785,8483850,0.3033
2025-12,Customer 22,West Indonesia,Modern Trade,Retailer,SKU 18,Personal Care,534,29182,20326,29755,3%,N,15583188,10854084,4729104,0.3035
2025-12,Customer 22,West Indonesia,Modern Trade,Retailer,SKU 06,Snack,140,24978,18875,26466,8%,N,3496920,2642500,854420,0.2443
2025-12,Customer 22,West Indonesia,Modern Trade,Retailer,SKU 04,Beverage,881,17921,11983,19471,3%,N,15788401,10557023,5231378,0.3313
2025-12,Customer 22,West Indonesia,Modern Trade,Retailer,SKU 20,Personal Care,905,14328,11341,15632,5%,N,12966840,10263605,2703235,0.2085
2025-12,Customer 22,West Indonesia,Online,Retailer,SKU 11,Dairy,835,9185,6596,8478,5%,N,7669475,5507660,2161815,0.2819
2025-12,Customer 22,West Indonesia,Modern Trade,Retailer,SKU 09,Dairy,1010,23273,15531,23725,5%,Y,23505730,15686310,7819420,0.3327
2025-12,Customer 23,West Indonesia,General Trade,Key Account,SKU 20,Personal Care,936,13496,9948,12694,0%,N,12632256,9311328,3320928,0.2629
2025-12,Customer 23,West Indonesia,Modern Trade,Key Account,SKU 04,Beverage,527,19435,14563,18495,0%,N,10242245,7674701,2567544,0.2507
2025-12,Customer 23,West Indonesia,General Trade,Key Account,SKU 15,Frozen,362,43803,34681,47086,3%,N,15856686,12554522,3302164,0.2083
2025-12,Customer 23,West Indonesia,Modern Trade,Key Account,SKU 07,Snack,646,43917,32544,47521,0%,N,28370382,21023424,7346958,0.259
2025-12,Customer 23,West Indonesia,Online,Key Account,SKU 01,Beverage,982,25066,18826,23468,0%,Y,24614812,18487132,6127680,0.2489
2025-12,Customer 23,West Indonesia,General Trade,Key Account,SKU 02,Beverage,1097,8183,6590,8213,5%,Y,8976751,7229230,1747521,0.1947
2025-12,Customer 23,West Indonesia,Modern Trade,Key Account,SKU 08,Snack,1083,28560,20431,28803,3%,Y,30930480,22126773,8803707,0.2846
2025-12,Customer 23,West Indonesia,Modern Trade,Key Account,SKU 16,Frozen,1149,44602,32125,49002,3%,N,51247698,36911625,14336073,0.2797
2025-12,Customer 23,West Indonesia,General Trade,Key Account,SKU 11,Dairy,469,10362,8605,10922,3%,N,4859778,4035745,824033,0.1696
2025-12,Customer 23,West Indonesia,Modern Trade,Key Account,SKU 05,Snack,326,15380,9885,15671,3%,N,5013880,3222510,1791370,0.3573
2025-12,Customer 23,West Indonesia,Modern Trade,Key Account,SKU 09,Dairy,659,23867,20067,24578,0%,N,15728353,13224153,2504200,0.1592
2025-12,Customer 23,West Indonesia,Modern Trade,Key Account,SKU 19,Personal Care,770,38830,26589,36333,8%,N,29899100,20473530,9425570,0.3152
2025-12,Customer 24,Central Indonesia,General Trade,Retailer,SKU 01,Beverage,1303,23597,15979,23762,0%,N,30746891,20820637,9926254,0.3228
2025-12,Customer 24,Central Indonesia,Modern Trade,Retailer,SKU 02,Beverage,69,8976,7180,8600,0%,Y,619344,495420,123924,0.2001
2025-12,Customer 24,Central Indonesia,Modern Trade,Retailer,SKU 05,Snack,544,13873,9623,12944,0%,N,7546912,5234912,2312000,0.3064
2025-12,Customer 24,Central Indonesia,Modern Trade,Retailer,SKU 20,Personal Care,1178,13835,10317,14823,0%,N,16297630,12153426,4144204,0.2543
2025-12,Customer 24,Central Indonesia,Online,Retailer,SKU 12,Dairy,318,8989,5830,8448,0%,N,2858502,1853940,1004562,0.3514
2025-12,Customer 24,Central Indonesia,Modern Trade,Retailer,SKU 07,Snack,822,44871,36620,40873,0%,N,36883962,30101640,6782322,0.1839
2025-12,Customer 24,Central Indonesia,Modern Trade,Retailer,SKU 15,Frozen,648,42971,33487,39628,3%,N,27845208,21699576,6145632,0.2207
2025-12,Customer 24,Central Indonesia,General Trade,Retailer,SKU 16,Frozen,1329,50072,31485,54613,0%,N,66545688,41843565,24702123,0.3712
2025-12,Customer 24,Central Indonesia,General Trade,Retailer,SKU 19,Personal Care,635,35283,29247,38243,8%,N,22404705,18571845,3832860,0.1711
2025-12,Customer 24,Central Indonesia,General Trade,Retailer,SKU 18,Personal Care,281,28143,17200,28734,0%,N,7908183,4833200,3074983,0.3888
2025-12,Customer 24,Central Indonesia,General Trade,Retailer,SKU 14,Frozen,1063,13786,9276,13340,0%,N,14654518,9860388,4794130,0.3271
2025-12,Customer 24,Central Indonesia,Modern Trade,Retailer,SKU 11,Dairy,410,10033,7676,9809,0%,N,4113530,3147160,966370,0.2349
2025-12,Customer 24,Central Indonesia,Online,Retailer,SKU 06,Snack,914,26051,15981,27983,0%,N,23810614,14606634,9203980,0.3865
2025-12,Customer 24,Central Indonesia,Modern Trade,Retailer,SKU 10,Dairy,127,52900,43333,53354,3%,N,6718300,5503291,1215009,0.1809
2025-12,Customer 24,Central Indonesia,Modern Trade,Retailer,SKU 17,Personal Care,1153,27344,19022,25407,0%,N,31527632,21932366,9595266,0.3043
2025-12,Customer 25,Central Indonesia,Modern Trade,Key Account,SKU 07,Snack,773,43906,29596,45528,8%,N,33939338,22877708,11061630,0.3259
2025-12,Customer 25,Central Indonesia,Online,Key Account,SKU 05,Snack,978,14332,11234,13347,8%,N,14016696,10986852,3029844,0.2162
2025-12,Customer 25,Central Indonesia,General Trade,Key Account,SKU 02,Beverage,788,8191,5073,8280,3%,Y,6454508,3997524,2456984,0.3807
2025-12,Customer 25,Central Indonesia,Online,Key Account,SKU 08,Snack,371,28745,19102,30972,5%,N,10664395,7086842,3577553,0.3355
2025-12,Customer 25,Central Indonesia,General Trade,Key Account,SKU 04,Beverage,690,20798,14543,19220,5%,N,14350620,10034670,4315950,0.3008
2025-12,Customer 25,Central Indonesia,Modern Trade,Key Account,SKU 14,Frozen,653,13166,9220,14458,0%,N,8597398,6020660,2576738,0.2997
2025-12,Customer 25,Central Indonesia,Online,Key Account,SKU 12,Dairy,384,8509,6901,8133,5%,Y,3267456,2649984,617472,0.189
2025-12,Customer 25,Central Indonesia,General Trade,Key Account,SKU 16,Frozen,411,50508,38190,50879,5%,N,20758788,15696090,5062698,0.2439
2025-12,Customer 25,Central Indonesia,Online,Key Account,SKU 13,Frozen,1243,11161,9303,11518,0%,N,13873123,11563629,2309494,0.1665
2025-12,Customer 25,Central Indonesia,Online,Key Account,SKU 09,Dairy,920,24628,16633,24841,0%,Y,22657760,15302360,7355400,0.3246
2025-12,Customer 25,Central Indonesia,Modern Trade,Key Account,SKU 06,Snack,70,25910,20919,26318,5%,N,1813700,1464330,349370,0.1926
2025-12,Customer 25,Central Indonesia,Online,Key Account,SKU 11,Dairy,879,10069,6430,10994,3%,N,8850651,5651970,3198681,0.3614
2025-12,Customer 25,Central Indonesia,General Trade,Key Account,SKU 10,Dairy,1257,47185,32781,48971,0%,N,59311545,41205717,18105828,0.3053
2025-12,Customer 25,Central Indonesia,Modern Trade,Key Account,SKU 19,Personal Care,882,34240,20545,35039,0%,N,30199680,18120690,12078990,0.4
2025-12,Customer 26,Central Indonesia,Online,Retailer,SKU 01,Beverage,92,24876,20764,25122,0%,N,2288592,1910288,378304,0.1653
2025-12,Customer 26,Central Indonesia,Modern Trade,Retailer,SKU 20,Personal Care,377,13310,10091,12739,0%,Y,5017870,3804307,1213563,0.2418
2025-12,Customer 26,Central Indonesia,General Trade,Retailer,SKU 19,Personal Care,242,35623,25146,35193,5%,N,8620766,6085332,2535434,0.2941
2025-12,Customer 26,Central Indonesia,General Trade,Retailer,SKU 07,Snack,1304,43879,31642,42253,0%,N,57218216,41261168,15957048,0.2789
2025-12,Customer 26,Central Indonesia,Modern Trade,Retailer,SKU 11,Dairy,806,10390,6595,9619,8%,N,8374340,5315570,3058770,0.3653
2025-12,Customer 26,Central Indonesia,General Trade,Retailer,SKU 04,Beverage,310,19101,11567,19640,0%,N,5921310,3585770,2335540,0.3944
2025-12,Customer 26,Central Indonesia,General Trade,Retailer,SKU 05,Snack,1062,13317,9793,13892,0%,N,14142654,10400166,3742488,0.2646
2025-12,Customer 26,Central Indonesia,Modern Trade,Retailer,SKU 13,Frozen,1274,10968,8496,11669,8%,N,13973232,10823904,3149328,0.2254
2025-12,Customer 26,Central Indonesia,General Trade,Retailer,SKU 09,Dairy,418,24850,20992,26010,0%,N,10387300,8774656,1612644,0.1553
2025-12,Customer 26,Central Indonesia,General Trade,Retailer,SKU 02,Beverage,1166,9028,6696,8703,8%,N,10526648,7807536,2719112,0.2583
2025-12,Customer 26,Central Indonesia,Modern Trade,Retailer,SKU 15,Frozen,1357,45949,35015,43028,0%,N,62352793,47515355,14837438,0.238
2025-12,Customer 26,Central Indonesia,Modern Trade,Retailer,SKU 06,Snack,819,24459,18522,22358,0%,N,20031921,15169518,4862403,0.2427
2025-12,Customer 26,Central Indonesia,General Trade,Retailer,SKU 12,Dairy,695,9057,5743,8505,0%,N,6294615,3991385,2303230,0.3659
2025-12,Customer 27,East Indonesia,Online,Distributor,SKU 11,Dairy,469,9091,7552,9765,0%,N,4263679,3541888,721791,0.1693
2025-12,Customer 27,East Indonesia,General Trade,Distributor,SKU 18,Personal Care,210,28338,18160,27075,3%,N,5950980,3813600,2137380,0.3592
2025-12,Customer 27,East Indonesia,Modern Trade,Distributor,SKU 15,Frozen,619,47916,36824,48366,0%,N,29660004,22794056,6865948,0.2315
2025-12,Customer 27,East Indonesia,Online,Distributor,SKU 03,Beverage,904,46924,28605,51573,0%,Y,42419296,25858920,16560376,0.3904
2025-12,Customer 27,East Indonesia,Online,Distributor,SKU 06,Snack,446,23425,17578,25665,5%,N,10447550,7839788,2607762,0.2496
2025-12,Customer 27,East Indonesia,Modern Trade,Distributor,SKU 14,Frozen,487,13012,10324,13945,0%,N,6336844,5027788,1309056,0.2066
2025-12,Customer 27,East Indonesia,Online,Distributor,SKU 08,Snack,161,31238,21941,34134,0%,N,5029318,3532501,1496817,0.2976
2025-12,Customer 27,East Indonesia,Modern Trade,Distributor,SKU 12,Dairy,743,8351,5586,8468,5%,N,6204793,4150398,2054395,0.3311
2025-12,Customer 28,East Indonesia,Modern Trade,Key Account,SKU 06,Snack,566,25707,19854,26084,3%,N,14550162,11237364,3312798,0.2277
2025-12,Customer 28,East Indonesia,Modern Trade,Key Account,SKU 15,Frozen,877,45297,28895,47124,3%,N,39725469,25340915,14384554,0.3621
2025-12,Customer 28,East Indonesia,General Trade,Key Account,SKU 04,Beverage,1107,18280,11023,18434,0%,N,20235960,12202461,8033499,0.397
2025-12,Customer 28,East Indonesia,Modern Trade,Key Account,SKU 01,Beverage,473,25342,17979,24987,3%,N,11986766,8504067,3482699,0.2905
2025-12,Customer 28,East Indonesia,General Trade,Key Account,SKU 11,Dairy,213,8999,5666,9401,3%,N,1916787,1206858,709929,0.3704
2025-12,Customer 28,East Indonesia,Modern Trade,Key Account,SKU 17,Personal Care,223,25626,15535,26070,0%,Y,5714598,3464305,2250293,0.3938
2025-12,Customer 28,East Indonesia,General Trade,Key Account,SKU 03,Beverage,859,46376,39308,48747,0%,N,39836984,33765572,6071412,0.1524
2025-12,Customer 28,East Indonesia,General Trade,Key Account,SKU 18,Personal Care,324,29944,24437,28810,3%,N,9701856,7917588,1784268,0.1839
2025-12,Customer 28,East Indonesia,Modern Trade,Key Account,SKU 08,Snack,1261,31259,23461,32121,0%,N,39417599,29584321,9833278,0.2495
2025-12,Customer 29,Central Indonesia,General Trade,Distributor,SKU 05,Snack,1091,13484,10428,14134,8%,Y,14711044,11376948,3334096,0.2266
2025-12,Customer 29,Central Indonesia,Modern Trade,Distributor,SKU 02,Beverage,1045,8612,6630,7894,3%,Y,8999540,6928350,2071190,0.2301
2025-12,Customer 29,Central Indonesia,Modern Trade,Distributor,SKU 12,Dairy,324,8914,6119,8061,0%,N,2888136,1982556,905580,0.3136
2025-12,Customer 29,Central Indonesia,Modern Trade,Distributor,SKU 03,Beverage,684,49579,34071,49076,8%,N,33912036,23304564,10607472,0.3128
2025-12,Customer 29,Central Indonesia,General Trade,Distributor,SKU 01,Beverage,581,23052,14994,21933,8%,N,13393212,8711514,4681698,0.3496
2025-12,Customer 29,Central Indonesia,Modern Trade,Distributor,SKU 06,Snack,210,24542,20799,23885,0%,N,5153820,4367790,786030,0.1525
2025-12,Customer 29,Central Indonesia,General Trade,Distributor,SKU 13,Frozen,602,11127,7781,11429,0%,Y,6698454,4684162,2014292,0.3007
2025-12,Customer 29,Central Indonesia,Modern Trade,Distributor,SKU 19,Personal Care,712,38076,26233,34320,3%,N,27110112,18677896,8432216,0.311
2025-12,Customer 29,Central Indonesia,Modern Trade,Distributor,SKU 20,Personal Care,343,14670,11269,15008,0%,N,5031810,3865267,1166543,0.2318
2025-12,Customer 29,Central Indonesia,Online,Distributor,SKU 10,Dairy,672,48180,35803,44585,8%,N,32376960,24059616,8317344,0.2569
2025-12,Customer 29,Central Indonesia,General Trade,Distributor,SKU 11,Dairy,568,9496,6039,8682,0%,N,5393728,3430152,1963576,0.364
2025-12,Customer 29,Central Indonesia,Modern Trade,Distributor,SKU 14,Frozen,622,13285,9495,12916,3%,Y,8263270,5905890,2357380,0.2853
2025-12,Customer 29,Central Indonesia,General Trade,Distributor,SKU 08,Snack,754,29983,20188,31022,0%,N,22607182,15221752,7385430,0.3267
2025-12,Customer 29,Central Indonesia,General Trade,Distributor,SKU 07,Snack,1359,44584,35905,44946,5%,N,60589656,48794895,11794761,0.1947
2025-12,Customer 30,Central Indonesia,General Trade,Retailer,SKU 18,Personal Care,1103,26398,19524,25164,0%,N,29116994,21534972,7582022,0.2604
2025-12,Customer 30,Central Indonesia,General Trade,Retailer,SKU 19,Personal Care,1305,37893,28846,40209,5%,N,49450365,37644030,11806335,0.2388
2025-12,Customer 30,Central Indonesia,Modern Trade,Retailer,SKU 10,Dairy,810,51881,32920,48339,3%,Y,42023610,26665200,15358410,0.3655
2025-12,Customer 30,Central Indonesia,General Trade,Retailer,SKU 12,Dairy,189,8894,6400,8018,3%,Y,1680966,1209600,471366,0.2804
2025-12,Customer 30,Central Indonesia,Modern Trade,Retailer,SKU 03,Beverage,840,43262,29511,39189,0%,N,36340080,24789240,11550840,0.3179
2025-12,Customer 30,Central Indonesia,General Trade,Retailer,SKU 04,Beverage,950,19391,11746,19857,0%,Y,18421450,11158700,7262750,0.3943
2025-12,Customer 30,Central Indonesia,General Trade,Retailer,SKU 08,Snack,1345,28225,22314,26711,0%,N,37962625,30012330,7950295,0.2094
2025-12,Customer 30,Central Indonesia,Modern Trade,Retailer,SKU 16,Frozen,696,47894,35758,45121,3%,Y,33334224,24887568,8446656,0.2534
2025-12,Customer 30,Central Indonesia,Modern Trade,Retailer,SKU 01,Beverage,444,22499,15372,23938,0%,Y,9989556,6825168,3164388,0.3168
2025-12,Customer 30,Central Indonesia,Modern Trade,Retailer,SKU 07,Snack,1012,46905,32616,51184,0%,N,47467860,33007392,14460468,0.3046
2025-12,Customer 30,Central Indonesia,General Trade,Retailer,SKU 02,Beverage,605,9136,7639,9741,0%,N,5527280,4621595,905685,0.1639
